timestamp,benchmark,pipeline_run_id,setup,project_or_repo,task_id,status,timed_out,duration_seconds,completed_at,eval_loop_count,compaction_count,token_input,token_output,token_total,session_log_path,events_path,artifact_path,tests_passed,tests_total,reason
2026-05-26T07:36:15.705383Z,refbench,benchmark_pipeline_20260526_065125,single-agent,ansible_refactor,add-log-parameter-get-group-vars,failed,0,1030.5,2026-05-26T07:36:15Z,,,,,,/workspace/benchmarks/refactorbench/outputs/logs/base_single-agent_copilot_openrouter_free/ansible_refactor_add-log-parameter-get-group-vars_1779779939292.terminal.txt,/workspace/outputs/platform/home/.copilot/session-state/0cf1a88c-f328-4558-aa88-42ff93acf622/events.jsonl,/workspace/benchmarks/refactorbench/outputs/logs/base_single-agent_copilot_openrouter_free/ansible_refactor_add-log-parameter-get-group-vars_1779779939292.response.txt,4,5,"/workspace/benchmarks/refactorbench/outputs/workspaces/ansible_refactor_add-log-parameter-get-group-vars_1779779939292/repo/lib/_refbench_ast_compat.py:2: DeprecationWarning: ast.Str is deprecated and will be removed in Python 3.14; use ast.Constant instead
  if not hasattr(ast, 'Str'): ast.Str = ast.Constant
/workspace/benchmarks/refactorbench/outputs/workspaces/ansible_refactor_add-log-parameter-get-group-vars_1779779939292/repo/lib/_refbench_ast_compat.py:3: DeprecationWarning: ast.Bytes is deprecated and will be removed in Python 3.14; use ast.Constant instead
  if not hasattr(ast, 'Bytes'): ast.Bytes = ast.Constant
/workspace/benchmarks/refactorbench/outputs/workspaces/ansible_refactor_add-log-parameter-get-group-vars_1779779939292/repo/lib/_refbench_ast_compat.py:4: DeprecationWarning: ast.Num is deprecated and will be removed in Python 3.14; use ast.Constant instead
  if not hasattr(ast, 'Num'): ast.Num = ast.Constant
/workspace/benchmarks/refactorbench/outputs/workspaces/ansible_refactor_add-log-parameter-get-group-vars_1779779939292/repo/lib/_refbench_ast_compat.py:5: DeprecationWarning: ast.NameConstant is deprecated and will be removed in Python 3.14; use ast.Constant instead
  if not hasattr(ast, 'NameConstant'): ast.NameConstant = ast.Constant
.F...
======================================================================
FAIL: test_log_false_in_variable_manager_get_vars (__main__.TestAnsibleImports.test_log_false_in_variable_manager_get_vars)
----------------------------------------------------------------------
Traceback (most recent call last):
  File ""/workspace/benchmarks/refactorbench/tests/ansible_refactor/add-log-parameter-get-group-vars-test.py"", line 62, in test_log_false_in_variable_manager_get_vars
    self.assertTrue(log_false_passed_in_get_vars, ""Parameter 'log=False' not passed to 'get_group_vars' in 'groups_inventory' function of 'get_vars' method"")
AssertionError: False is not true : Parameter 'log=False' not passed to 'get_group_vars' in "
2026-05-26T07:48:05.987501Z,refbench,benchmark_pipeline_20260526_065125,single-agent,ansible_refactor,add-log-parameter-is-systemd-managed,timed_out,1,707.41,2026-05-26T07:48:05Z,,,,,,/workspace/benchmarks/refactorbench/outputs/logs/base_single-agent_copilot_openrouter_free/ansible_refactor_add-log-parameter-is-systemd-managed_1779780975705.terminal.txt,/workspace/outputs/platform/home/.copilot/session-state/fbdc4692-212e-46a3-b179-13a2ffabfd99/events.jsonl,/workspace/benchmarks/refactorbench/outputs/logs/base_single-agent_copilot_openrouter_free/ansible_refactor_add-log-parameter-is-systemd-managed_1779780975705.response.txt,2,5,No repository changes detected from Copilot response.
2026-05-26T08:10:40.678953Z,refbench,benchmark_pipeline_20260526_065125,single-agent,ansible_refactor,combine-namespace-compat,failed,0,1351.86,2026-05-26T08:10:40Z,,,,,,/workspace/benchmarks/refactorbench/outputs/logs/base_single-agent_copilot_openrouter_free/ansible_refactor_combine-namespace-compat_1779781685987.terminal.txt,/workspace/outputs/platform/home/.copilot/session-state/46cea9fb-a6c6-44ea-9f67-f347a1ece3b1/events.jsonl,/workspace/benchmarks/refactorbench/outputs/logs/base_single-agent_copilot_openrouter_free/ansible_refactor_combine-namespace-compat_1779781685987.response.txt,4,7,"/workspace/benchmarks/refactorbench/outputs/workspaces/ansible_refactor_combine-namespace-compat_1779781685987/repo/lib/_refbench_ast_compat.py:2: DeprecationWarning: ast.Str is deprecated and will be removed in Python 3.14; use ast.Constant instead
  if not hasattr(ast, 'Str'): ast.Str = ast.Constant
/workspace/benchmarks/refactorbench/outputs/workspaces/ansible_refactor_combine-namespace-compat_1779781685987/repo/lib/_refbench_ast_compat.py:3: DeprecationWarning: ast.Bytes is deprecated and will be removed in Python 3.14; use ast.Constant instead
  if not hasattr(ast, 'Bytes'): ast.Bytes = ast.Constant
/workspace/benchmarks/refactorbench/outputs/workspaces/ansible_refactor_combine-namespace-compat_1779781685987/repo/lib/_refbench_ast_compat.py:4: DeprecationWarning: ast.Num is deprecated and will be removed in Python 3.14; use ast.Constant instead
  if not hasattr(ast, 'Num'): ast.Num = ast.Constant
/workspace/benchmarks/refactorbench/outputs/workspaces/ansible_refactor_combine-namespace-compat_1779781685987/repo/lib/_refbench_ast_compat.py:5: DeprecationWarning: ast.NameConstant is deprecated and will be removed in Python 3.14; use ast.Constant instead
  if not hasattr(ast, 'NameConstant'): ast.NameConstant = ast.Constant
F....FF
======================================================================
FAIL: test_import_in_ansible_collector (__main__.TestAnsibleImports.test_import_in_ansible_collector)
----------------------------------------------------------------------
Traceback (most recent call last):
  File ""/workspace/benchmarks/refactorbench/tests/ansible_refactor/combine-namespace-compat-test.py"", line 20, in test_import_in_ansible_collector
    self.assertIn(search_string, file_content, f""'{search_string}' not found in ansible_collector.py"")
AssertionError: ""ansible.module_utils.facts.compat.PrefixFactNamespace(prefix='ansible_')"" not found in '# This code is part of Ansible, but is an independent component.\n# This particular file snippet, and this file s"
2026-05-26T08:19:59.371499Z,refbench,benchmark_pipeline_20260526_065125,single-agent,ansible_refactor,data-to-inventory-data,success,0,555.92,2026-05-26T08:19:59Z,,,,,,/workspace/benchmarks/refactorbench/outputs/logs/base_single-agent_copilot_openrouter_free/ansible_refactor_data-to-inventory-data_1779783040679.terminal.txt,/workspace/outputs/platform/home/.copilot/session-state/2b5417d9-b7b4-45c2-8e0e-1f7a30fbeeea/events.jsonl,/workspace/benchmarks/refactorbench/outputs/logs/base_single-agent_copilot_openrouter_free/ansible_refactor_data-to-inventory-data_1779783040679.response.txt,5,5,"/workspace/benchmarks/refactorbench/outputs/workspaces/ansible_refactor_data-to-inventory-data_1779783040679/repo/lib/_refbench_ast_compat.py:2: DeprecationWarning: ast.Str is deprecated and will be removed in Python 3.14; use ast.Constant instead
  if not hasattr(ast, 'Str'): ast.Str = ast.Constant
/workspace/benchmarks/refactorbench/outputs/workspaces/ansible_refactor_data-to-inventory-data_1779783040679/repo/lib/_refbench_ast_compat.py:3: DeprecationWarning: ast.Bytes is deprecated and will be removed in Python 3.14; use ast.Constant instead
  if not hasattr(ast, 'Bytes'): ast.Bytes = ast.Constant
/workspace/benchmarks/refactorbench/outputs/workspaces/ansible_refactor_data-to-inventory-data_1779783040679/repo/lib/_refbench_ast_compat.py:4: DeprecationWarning: ast.Num is deprecated and will be removed in Python 3.14; use ast.Constant instead
  if not hasattr(ast, 'Num'): ast.Num = ast.Constant
/workspace/benchmarks/refactorbench/outputs/workspaces/ansible_refactor_data-to-inventory-data_1779783040679/repo/lib/_refbench_ast_compat.py:5: DeprecationWarning: ast.NameConstant is deprecated and will be removed in Python 3.14; use ast.Constant instead
  if not hasattr(ast, 'NameConstant'): ast.NameConstant = ast.Constant
.....
----------------------------------------------------------------------
Ran 5 tests in 0.002s

OK
"
2026-05-26T14:37:30.468570Z,refbench,benchmark_pipeline_20260526_134819,single-agent,ansible_refactor,add-log-parameter-get-group-vars,failed,0,1255.77,2026-05-26T14:37:30Z,,,,,,/workspace/benchmarks/refactorbench/outputs/logs/base_single-agent_copilot_openrouter_free/ansible_refactor_add-log-parameter-get-group-vars_1779804991598.terminal.txt,/workspace/outputs/platform/home/.copilot/session-state/7d9194b2-59f0-4c8f-90b2-84d6f71fa631/events.jsonl,/workspace/benchmarks/refactorbench/outputs/logs/base_single-agent_copilot_openrouter_free/ansible_refactor_add-log-parameter-get-group-vars_1779804991598.response.txt,3,5,"/workspace/benchmarks/refactorbench/outputs/workspaces/ansible_refactor_add-log-parameter-get-group-vars_1779804991598/repo/lib/_refbench_ast_compat.py:2: DeprecationWarning: ast.Str is deprecated and will be removed in Python 3.14; use ast.Constant instead
  if not hasattr(ast, 'Str'): ast.Str = ast.Constant
/workspace/benchmarks/refactorbench/outputs/workspaces/ansible_refactor_add-log-parameter-get-group-vars_1779804991598/repo/lib/_refbench_ast_compat.py:3: DeprecationWarning: ast.Bytes is deprecated and will be removed in Python 3.14; use ast.Constant instead
  if not hasattr(ast, 'Bytes'): ast.Bytes = ast.Constant
/workspace/benchmarks/refactorbench/outputs/workspaces/ansible_refactor_add-log-parameter-get-group-vars_1779804991598/repo/lib/_refbench_ast_compat.py:4: DeprecationWarning: ast.Num is deprecated and will be removed in Python 3.14; use ast.Constant instead
  if not hasattr(ast, 'Num'): ast.Num = ast.Constant
/workspace/benchmarks/refactorbench/outputs/workspaces/ansible_refactor_add-log-parameter-get-group-vars_1779804991598/repo/lib/_refbench_ast_compat.py:5: DeprecationWarning: ast.NameConstant is deprecated and will be removed in Python 3.14; use ast.Constant instead
  if not hasattr(ast, 'NameConstant'): ast.NameConstant = ast.Constant
..FF.
======================================================================
FAIL: test_plugin_get_group_vars_no_log_in_manager (__main__.TestAnsibleImports.test_plugin_get_group_vars_no_log_in_manager)
----------------------------------------------------------------------
Traceback (most recent call last):
  File ""/workspace/benchmarks/refactorbench/tests/ansible_refactor/add-log-parameter-get-group-vars-test.py"", line 139, in test_plugin_get_group_vars_no_log_in_manager
    self.assertNotEqual(keyword.arg, 'log', f""'log' parameter should not be passed in {file_path}"")
AssertionError: 'log' == 'log' : 'log' parameter should not be passed in ../lib/ansible/vars/manager.py

========================================="
2026-05-26T14:44:19.516734Z,refbench,benchmark_pipeline_20260526_134819,single-agent,ansible_refactor,add-log-parameter-is-systemd-managed,failed,0,405.68,2026-05-26T14:44:19Z,,,,,,/workspace/benchmarks/refactorbench/outputs/logs/base_single-agent_copilot_openrouter_free/ansible_refactor_add-log-parameter-is-systemd-managed_1779806250988.terminal.txt,/workspace/outputs/platform/home/.copilot/session-state/380892e0-942c-4a2a-937f-bf3ae6d56cb4/events.jsonl,/workspace/benchmarks/refactorbench/outputs/logs/base_single-agent_copilot_openrouter_free/ansible_refactor_add-log-parameter-is-systemd-managed_1779806250988.response.txt,4,5,"/workspace/benchmarks/refactorbench/outputs/workspaces/ansible_refactor_add-log-parameter-is-systemd-managed_1779806250988/repo/lib/_refbench_ast_compat.py:2: DeprecationWarning: ast.Str is deprecated and will be removed in Python 3.14; use ast.Constant instead
  if not hasattr(ast, 'Str'): ast.Str = ast.Constant
/workspace/benchmarks/refactorbench/outputs/workspaces/ansible_refactor_add-log-parameter-is-systemd-managed_1779806250988/repo/lib/_refbench_ast_compat.py:3: DeprecationWarning: ast.Bytes is deprecated and will be removed in Python 3.14; use ast.Constant instead
  if not hasattr(ast, 'Bytes'): ast.Bytes = ast.Constant
/workspace/benchmarks/refactorbench/outputs/workspaces/ansible_refactor_add-log-parameter-is-systemd-managed_1779806250988/repo/lib/_refbench_ast_compat.py:4: DeprecationWarning: ast.Num is deprecated and will be removed in Python 3.14; use ast.Constant instead
  if not hasattr(ast, 'Num'): ast.Num = ast.Constant
/workspace/benchmarks/refactorbench/outputs/workspaces/ansible_refactor_add-log-parameter-is-systemd-managed_1779806250988/repo/lib/_refbench_ast_compat.py:5: DeprecationWarning: ast.NameConstant is deprecated and will be removed in Python 3.14; use ast.Constant instead
  if not hasattr(ast, 'NameConstant'): ast.NameConstant = ast.Constant
F....
======================================================================
FAIL: test_is_systemd_managed_called_with_log_true_in_service (__main__.TestAnsibleImports.test_is_systemd_managed_called_with_log_true_in_service)
----------------------------------------------------------------------
Traceback (most recent call last):
  File ""/workspace/benchmarks/refactorbench/tests/ansible_refactor/add-log-parameter-is-systemd-managed-test.py"", line 50, in test_is_systemd_managed_called_with_log_true_in_service
    self.assertTrue(log_true_passed_in_is_systemd_managed, ""Parameter 'log=True' not passed to 'is_systemd_managed' in service.py"")
AssertionError: False is not true : Parameter 'log=True' not p"
2026-05-26T14:49:25.174601Z,refbench,benchmark_pipeline_20260526_134819,single-agent,ansible_refactor,combine-namespace-compat,failed,0,302.34,2026-05-26T14:49:25Z,,,,,,/workspace/benchmarks/refactorbench/outputs/logs/base_single-agent_copilot_openrouter_free/ansible_refactor_combine-namespace-compat_1779806660029.terminal.txt,/workspace/outputs/platform/home/.copilot/session-state/0ae9568c-42e6-4128-a43e-87d46ddd25d6/events.jsonl,/workspace/benchmarks/refactorbench/outputs/logs/base_single-agent_copilot_openrouter_free/ansible_refactor_combine-namespace-compat_1779806660029.response.txt,1,7,"/workspace/benchmarks/refactorbench/outputs/workspaces/ansible_refactor_combine-namespace-compat_1779806660029/repo/lib/_refbench_ast_compat.py:2: DeprecationWarning: ast.Str is deprecated and will be removed in Python 3.14; use ast.Constant instead
  if not hasattr(ast, 'Str'): ast.Str = ast.Constant
/workspace/benchmarks/refactorbench/outputs/workspaces/ansible_refactor_combine-namespace-compat_1779806660029/repo/lib/_refbench_ast_compat.py:3: DeprecationWarning: ast.Bytes is deprecated and will be removed in Python 3.14; use ast.Constant instead
  if not hasattr(ast, 'Bytes'): ast.Bytes = ast.Constant
/workspace/benchmarks/refactorbench/outputs/workspaces/ansible_refactor_combine-namespace-compat_1779806660029/repo/lib/_refbench_ast_compat.py:4: DeprecationWarning: ast.Num is deprecated and will be removed in Python 3.14; use ast.Constant instead
  if not hasattr(ast, 'Num'): ast.Num = ast.Constant
/workspace/benchmarks/refactorbench/outputs/workspaces/ansible_refactor_combine-namespace-compat_1779806660029/repo/lib/_refbench_ast_compat.py:5: DeprecationWarning: ast.NameConstant is deprecated and will be removed in Python 3.14; use ast.Constant instead
  if not hasattr(ast, 'NameConstant'): ast.NameConstant = ast.Constant
F.FFFFF
======================================================================
FAIL: test_import_in_ansible_collector (__main__.TestAnsibleImports.test_import_in_ansible_collector)
----------------------------------------------------------------------
Traceback (most recent call last):
  File ""/workspace/benchmarks/refactorbench/tests/ansible_refactor/combine-namespace-compat-test.py"", line 20, in test_import_in_ansible_collector
    self.assertIn(search_string, file_content, f""'{search_string}' not found in ansible_collector.py"")
AssertionError: ""ansible.module_utils.facts.compat.PrefixFactNamespace(prefix='ansible_')"" not found in '# This code is part of Ansible, but is an independent component.\n# This particular file snippet, and this file s"
2026-05-26T14:53:52.296388Z,refbench,benchmark_pipeline_20260526_134819,single-agent,ansible_refactor,data-to-inventory-data,failed,0,263.89,2026-05-26T14:53:52Z,,,,,,/workspace/benchmarks/refactorbench/outputs/logs/base_single-agent_copilot_openrouter_free/ansible_refactor_data-to-inventory-data_1779806965687.terminal.txt,/workspace/outputs/platform/home/.copilot/session-state/8009e3db-0378-426c-bdc7-2deab7983323/events.jsonl,/workspace/benchmarks/refactorbench/outputs/logs/base_single-agent_copilot_openrouter_free/ansible_refactor_data-to-inventory-data_1779806965687.response.txt,3,5,"/workspace/benchmarks/refactorbench/outputs/workspaces/ansible_refactor_data-to-inventory-data_1779806965687/repo/lib/_refbench_ast_compat.py:2: DeprecationWarning: ast.Str is deprecated and will be removed in Python 3.14; use ast.Constant instead
  if not hasattr(ast, 'Str'): ast.Str = ast.Constant
/workspace/benchmarks/refactorbench/outputs/workspaces/ansible_refactor_data-to-inventory-data_1779806965687/repo/lib/_refbench_ast_compat.py:3: DeprecationWarning: ast.Bytes is deprecated and will be removed in Python 3.14; use ast.Constant instead
  if not hasattr(ast, 'Bytes'): ast.Bytes = ast.Constant
/workspace/benchmarks/refactorbench/outputs/workspaces/ansible_refactor_data-to-inventory-data_1779806965687/repo/lib/_refbench_ast_compat.py:4: DeprecationWarning: ast.Num is deprecated and will be removed in Python 3.14; use ast.Constant instead
  if not hasattr(ast, 'Num'): ast.Num = ast.Constant
/workspace/benchmarks/refactorbench/outputs/workspaces/ansible_refactor_data-to-inventory-data_1779806965687/repo/lib/_refbench_ast_compat.py:5: DeprecationWarning: ast.NameConstant is deprecated and will be removed in Python 3.14; use ast.Constant instead
  if not hasattr(ast, 'NameConstant'): ast.NameConstant = ast.Constant
F...F
======================================================================
FAIL: test_constructed_py_imports_inventory_data (__main__.TestAnsibleInventory.test_constructed_py_imports_inventory_data)
----------------------------------------------------------------------
Traceback (most recent call last):
  File ""/workspace/benchmarks/refactorbench/tests/ansible_refactor/data-to-inventory-data-test.py"", line 77, in test_constructed_py_imports_inventory_data
    self.assertIn(expected_import_line, file_content, f""'{expected_import_line}' not found in {constructed_file_path}"")
AssertionError: 'from ansible.inventory.inventory_data import InventoryData' not found in '# -*- coding: utf-8 -*-\n\n# Copyright 2019 Alan Rominger <arominge@redhat.net>\n#\n# This"
2026-05-26T14:55:40.438455Z,refbench,benchmark_pipeline_20260526_134819,single-agent,ansible_refactor,move-quoting-splitter,timed_out,1,104.86,2026-05-26T14:55:40Z,,,,,,/workspace/benchmarks/refactorbench/outputs/logs/base_single-agent_copilot_openrouter_free/ansible_refactor_move-quoting-splitter_1779807232825.terminal.txt,/workspace/outputs/platform/home/.copilot/session-state/e82a8dc5-df90-41e4-b625-2f1a6683681c/events.jsonl,/workspace/benchmarks/refactorbench/outputs/logs/base_single-agent_copilot_openrouter_free/ansible_refactor_move-quoting-splitter_1779807232825.response.txt,,6,No repository changes detected from Copilot response.
2026-05-26T15:00:20.717780Z,refbench,benchmark_pipeline_20260526_134819,single-agent,ansible_refactor,new-inventory-patterns,failed,0,277.03,2026-05-26T15:00:20Z,,,,,,/workspace/benchmarks/refactorbench/outputs/logs/base_single-agent_copilot_openrouter_free/ansible_refactor_new-inventory-patterns_1779807340969.terminal.txt,/workspace/outputs/platform/home/.copilot/session-state/526a2c9d-2c03-4992-8d6e-9491d9d146f8/events.jsonl,/workspace/benchmarks/refactorbench/outputs/logs/base_single-agent_copilot_openrouter_free/ansible_refactor_new-inventory-patterns_1779807340969.response.txt,1,9,No repository changes detected from Copilot response.
2026-05-26T15:17:49.010866Z,refbench,benchmark_pipeline_20260526_134819,single-agent,ansible_refactor,new-utils-class-connection,failed,0,1045.01,2026-05-26T15:17:49Z,,,,,,/workspace/benchmarks/refactorbench/outputs/logs/base_single-agent_copilot_openrouter_free/ansible_refactor_new-utils-class-connection_1779807621256.terminal.txt,/workspace/outputs/platform/home/.copilot/session-state/c5ce33eb-46a7-4277-9af1-0e087acb0952/events.jsonl,/workspace/benchmarks/refactorbench/outputs/logs/base_single-agent_copilot_openrouter_free/ansible_refactor_new-utils-class-connection_1779807621256.response.txt,1,7,"/workspace/benchmarks/refactorbench/outputs/workspaces/ansible_refactor_new-utils-class-connection_1779807621256/repo/lib/_refbench_ast_compat.py:2: DeprecationWarning: ast.Str is deprecated and will be removed in Python 3.14; use ast.Constant instead
  if not hasattr(ast, 'Str'): ast.Str = ast.Constant
/workspace/benchmarks/refactorbench/outputs/workspaces/ansible_refactor_new-utils-class-connection_1779807621256/repo/lib/_refbench_ast_compat.py:3: DeprecationWarning: ast.Bytes is deprecated and will be removed in Python 3.14; use ast.Constant instead
  if not hasattr(ast, 'Bytes'): ast.Bytes = ast.Constant
/workspace/benchmarks/refactorbench/outputs/workspaces/ansible_refactor_new-utils-class-connection_1779807621256/repo/lib/_refbench_ast_compat.py:4: DeprecationWarning: ast.Num is deprecated and will be removed in Python 3.14; use ast.Constant instead
  if not hasattr(ast, 'Num'): ast.Num = ast.Constant
/workspace/benchmarks/refactorbench/outputs/workspaces/ansible_refactor_new-utils-class-connection_1779807621256/repo/lib/_refbench_ast_compat.py:5: DeprecationWarning: ast.NameConstant is deprecated and will be removed in Python 3.14; use ast.Constant instead
  if not hasattr(ast, 'NameConstant'): ast.NameConstant = ast.Constant
FF.FFFF
======================================================================
FAIL: test_ansible_connection_cli_stub_imports (__main__.TestAnsibleConnectionUtils.test_ansible_connection_cli_stub_imports)
----------------------------------------------------------------------
Traceback (most recent call last):
  File ""/workspace/benchmarks/refactorbench/tests/ansible_refactor/new-utils-class-connection-test.py"", line 163, in test_ansible_connection_cli_stub_imports
    self.assertEqual(expected_imports, found_imports, ""Not all expected imports found in ansible_connection_cli_stub.py"")
AssertionError: Items in the first set but not the second:
'ConnectionUtils' : Not all expected imports found in ansible_connection_cli_stub.py

==========="
2026-05-26T15:18:35.212675Z,refbench,benchmark_pipeline_20260526_134819,single-agent,ansible_refactor,new-utils-from-basic,timed_out,1,42.89,2026-05-26T15:18:35Z,,,,,,/workspace/benchmarks/refactorbench/outputs/logs/base_single-agent_copilot_openrouter_free/ansible_refactor_new-utils-from-basic_1779808669544.terminal.txt,/workspace/outputs/platform/home/.copilot/session-state/a26941ce-5002-41ad-bf87-9b1082db5ea6/events.jsonl,/workspace/benchmarks/refactorbench/outputs/logs/base_single-agent_copilot_openrouter_free/ansible_refactor_new-utils-from-basic_1779808669544.response.txt,,12,No repository changes detected from Copilot response.
2026-05-26T15:20:07.564627Z,refbench,benchmark_pipeline_20260526_134819,single-agent,ansible_refactor,parse_key_value,timed_out,1,88.93,2026-05-26T15:20:07Z,,,,,,/workspace/benchmarks/refactorbench/outputs/logs/base_single-agent_copilot_openrouter_free/ansible_refactor_parse_key_value_1779808715755.terminal.txt,/workspace/outputs/platform/home/.copilot/session-state/50977bcc-0d64-4e68-9389-5fd5cb0ae326/events.jsonl,/workspace/benchmarks/refactorbench/outputs/logs/base_single-agent_copilot_openrouter_free/ansible_refactor_parse_key_value_1779808715755.response.txt,2,21,No repository changes detected from Copilot response.
2026-05-26T15:22:50.502413Z,refbench,benchmark_pipeline_20260526_134819,single-agent,ansible_refactor,rename-lenient-lowercase,failed,0,159.5,2026-05-26T15:22:50Z,,,,,,/workspace/benchmarks/refactorbench/outputs/logs/base_single-agent_copilot_openrouter_free/ansible_refactor_rename-lenient-lowercase_1779808808107.terminal.txt,/workspace/outputs/platform/home/.copilot/session-state/aafad8e1-86b7-479f-9628-c1cb0ebb0bca/events.jsonl,/workspace/benchmarks/refactorbench/outputs/logs/base_single-agent_copilot_openrouter_free/ansible_refactor_rename-lenient-lowercase_1779808808107.response.txt,2,4,"/workspace/benchmarks/refactorbench/outputs/workspaces/ansible_refactor_rename-lenient-lowercase_1779808808107/repo/lib/_refbench_ast_compat.py:2: DeprecationWarning: ast.Str is deprecated and will be removed in Python 3.14; use ast.Constant instead
  if not hasattr(ast, 'Str'): ast.Str = ast.Constant
/workspace/benchmarks/refactorbench/outputs/workspaces/ansible_refactor_rename-lenient-lowercase_1779808808107/repo/lib/_refbench_ast_compat.py:3: DeprecationWarning: ast.Bytes is deprecated and will be removed in Python 3.14; use ast.Constant instead
  if not hasattr(ast, 'Bytes'): ast.Bytes = ast.Constant
/workspace/benchmarks/refactorbench/outputs/workspaces/ansible_refactor_rename-lenient-lowercase_1779808808107/repo/lib/_refbench_ast_compat.py:4: DeprecationWarning: ast.Num is deprecated and will be removed in Python 3.14; use ast.Constant instead
  if not hasattr(ast, 'Num'): ast.Num = ast.Constant
/workspace/benchmarks/refactorbench/outputs/workspaces/ansible_refactor_rename-lenient-lowercase_1779808808107/repo/lib/_refbench_ast_compat.py:5: DeprecationWarning: ast.NameConstant is deprecated and will be removed in Python 3.14; use ast.Constant instead
  if not hasattr(ast, 'NameConstant'): ast.NameConstant = ast.Constant
..FF
======================================================================
FAIL: test_test_file_content_updated (__main__.TestAnsibleFunctionRename.test_test_file_content_updated)
----------------------------------------------------------------------
Traceback (most recent call last):
  File ""/workspace/benchmarks/refactorbench/tests/ansible_refactor/rename-lenient-lowercase-test.py"", line 69, in test_test_file_content_updated
    self.assertTrue(os.path.exists(test_file), f""{test_file} does not exist"")
AssertionError: False is not true : ../test/units/module_utils/common/text/formatters/test_lowercase_of_list.py does not exist

======================================================================
FAIL: test_test_file_renamed (__main__.TestAns"
2026-05-26T15:29:02.279614Z,refbench,benchmark_pipeline_20260526_134819,single-agent,ansible_refactor,sort-groups-to-group-sort,failed,0,368.39,2026-05-26T15:29:02Z,,,,,,/workspace/benchmarks/refactorbench/outputs/logs/base_single-agent_copilot_openrouter_free/ansible_refactor_sort-groups-to-group-sort_1779808971030.terminal.txt,/workspace/outputs/platform/home/.copilot/session-state/52d902ce-2e61-4cff-b24a-9a4090e2cc12/events.jsonl,/workspace/benchmarks/refactorbench/outputs/logs/base_single-agent_copilot_openrouter_free/ansible_refactor_sort-groups-to-group-sort_1779808971030.response.txt,,4,"/workspace/benchmarks/refactorbench/outputs/workspaces/ansible_refactor_sort-groups-to-group-sort_1779808971030/repo/lib/_refbench_ast_compat.py:2: DeprecationWarning: ast.Str is deprecated and will be removed in Python 3.14; use ast.Constant instead
  if not hasattr(ast, 'Str'): ast.Str = ast.Constant
/workspace/benchmarks/refactorbench/outputs/workspaces/ansible_refactor_sort-groups-to-group-sort_1779808971030/repo/lib/_refbench_ast_compat.py:3: DeprecationWarning: ast.Bytes is deprecated and will be removed in Python 3.14; use ast.Constant instead
  if not hasattr(ast, 'Bytes'): ast.Bytes = ast.Constant
/workspace/benchmarks/refactorbench/outputs/workspaces/ansible_refactor_sort-groups-to-group-sort_1779808971030/repo/lib/_refbench_ast_compat.py:4: DeprecationWarning: ast.Num is deprecated and will be removed in Python 3.14; use ast.Constant instead
  if not hasattr(ast, 'Num'): ast.Num = ast.Constant
/workspace/benchmarks/refactorbench/outputs/workspaces/ansible_refactor_sort-groups-to-group-sort_1779808971030/repo/lib/_refbench_ast_compat.py:5: DeprecationWarning: ast.NameConstant is deprecated and will be removed in Python 3.14; use ast.Constant instead
  if not hasattr(ast, 'NameConstant'): ast.NameConstant = ast.Constant
FFFF
======================================================================
FAIL: test_get_group_vars_calls_group_sort (__main__.TestAnsibleImports.test_get_group_vars_calls_group_sort)
----------------------------------------------------------------------
Traceback (most recent call last):
  File ""/workspace/benchmarks/refactorbench/tests/ansible_refactor/sort-groups-to-group-sort-test.py"", line 87, in test_get_group_vars_calls_group_sort
    self.assertTrue(group_sort_call_found, ""Call to 'group_sort(groups)' not found in 'get_group_vars' function"")
AssertionError: False is not true : Call to 'group_sort(groups)' not found in 'get_group_vars' function

======================================================================
FAIL: test_group_"
2026-05-26T15:43:38.750937Z,refbench,benchmark_pipeline_20260526_134819,single-agent,celery_refactor,add-log-parameter-get-digest-algorithm,success,0,875.25,2026-05-26T15:43:38Z,,,,,,/workspace/benchmarks/refactorbench/outputs/logs/base_single-agent_copilot_openrouter_free/celery_refactor_add-log-parameter-get-digest-algorithm_1779809342816.terminal.txt,/workspace/outputs/platform/home/.copilot/session-state/d08cbb7f-3dce-4c28-b500-3fe31a9e348c/events.jsonl,/workspace/benchmarks/refactorbench/outputs/logs/base_single-agent_copilot_openrouter_free/celery_refactor_add-log-parameter-get-digest-algorithm_1779809342816.response.txt,5,5,"/workspace/benchmarks/refactorbench/outputs/workspaces/celery_refactor_add-log-parameter-get-digest-algorithm_1779809342816/repo/celery/_refbench_ast_compat.py:2: DeprecationWarning: ast.Str is deprecated and will be removed in Python 3.14; use ast.Constant instead
  if not hasattr(ast, 'Str'): ast.Str = ast.Constant
/workspace/benchmarks/refactorbench/outputs/workspaces/celery_refactor_add-log-parameter-get-digest-algorithm_1779809342816/repo/celery/_refbench_ast_compat.py:3: DeprecationWarning: ast.Bytes is deprecated and will be removed in Python 3.14; use ast.Constant instead
  if not hasattr(ast, 'Bytes'): ast.Bytes = ast.Constant
/workspace/benchmarks/refactorbench/outputs/workspaces/celery_refactor_add-log-parameter-get-digest-algorithm_1779809342816/repo/celery/_refbench_ast_compat.py:4: DeprecationWarning: ast.Num is deprecated and will be removed in Python 3.14; use ast.Constant instead
  if not hasattr(ast, 'Num'): ast.Num = ast.Constant
/workspace/benchmarks/refactorbench/outputs/workspaces/celery_refactor_add-log-parameter-get-digest-algorithm_1779809342816/repo/celery/_refbench_ast_compat.py:5: DeprecationWarning: ast.NameConstant is deprecated and will be removed in Python 3.14; use ast.Constant instead
  if not hasattr(ast, 'NameConstant'): ast.NameConstant = ast.Constant
.....
----------------------------------------------------------------------
Ran 5 tests in 0.003s

OK
"
2026-05-26T15:46:56.284811Z,refbench,benchmark_pipeline_20260526_134819,single-agent,celery_refactor,add-log-parameter-node-format,timed_out,1,196.32,2026-05-26T15:46:56Z,,,,,,/workspace/benchmarks/refactorbench/outputs/logs/base_single-agent_copilot_openrouter_free/celery_refactor_add-log-parameter-node-format_1779810219284.terminal.txt,/workspace/outputs/platform/home/.copilot/session-state/f7e4e8df-6f21-47ce-8e0b-800222664fb4/events.jsonl,/workspace/benchmarks/refactorbench/outputs/logs/base_single-agent_copilot_openrouter_free/celery_refactor_add-log-parameter-node-format_1779810219284.response.txt,,3,No repository changes detected from Copilot response.
2026-05-26T15:51:48.099836Z,refbench,benchmark_pipeline_20260526_134819,single-agent,celery_refactor,annotation-utils,failed,0,290.59,2026-05-26T15:51:48Z,,,,,,/workspace/benchmarks/refactorbench/outputs/logs/base_single-agent_copilot_openrouter_free/celery_refactor_annotation-utils_1779810416824.terminal.txt,/workspace/outputs/platform/home/.copilot/session-state/9ba1033d-cf7d-4407-bf72-33991c907bad/events.jsonl,/workspace/benchmarks/refactorbench/outputs/logs/base_single-agent_copilot_openrouter_free/celery_refactor_annotation-utils_1779810416824.response.txt,5,8,"/workspace/benchmarks/refactorbench/outputs/workspaces/celery_refactor_annotation-utils_1779810416824/repo/celery/_refbench_ast_compat.py:2: DeprecationWarning: ast.Str is deprecated and will be removed in Python 3.14; use ast.Constant instead
  if not hasattr(ast, 'Str'): ast.Str = ast.Constant
/workspace/benchmarks/refactorbench/outputs/workspaces/celery_refactor_annotation-utils_1779810416824/repo/celery/_refbench_ast_compat.py:3: DeprecationWarning: ast.Bytes is deprecated and will be removed in Python 3.14; use ast.Constant instead
  if not hasattr(ast, 'Bytes'): ast.Bytes = ast.Constant
/workspace/benchmarks/refactorbench/outputs/workspaces/celery_refactor_annotation-utils_1779810416824/repo/celery/_refbench_ast_compat.py:4: DeprecationWarning: ast.Num is deprecated and will be removed in Python 3.14; use ast.Constant instead
  if not hasattr(ast, 'Num'): ast.Num = ast.Constant
/workspace/benchmarks/refactorbench/outputs/workspaces/celery_refactor_annotation-utils_1779810416824/repo/celery/_refbench_ast_compat.py:5: DeprecationWarning: ast.NameConstant is deprecated and will be removed in Python 3.14; use ast.Constant instead
  if not hasattr(ast, 'NameConstant'): ast.NameConstant = ast.Constant
/workspace/benchmarks/refactorbench/tests/celery_refactor/annotation-utils-test.py:93: DeprecationWarning: ast.Str is deprecated and will be removed in Python 3.14; use ast.Constant instead
  elements = {element.s for element in node.value.elts if isinstance(element, ast.Str)}
/workspace/benchmarks/refactorbench/tests/celery_refactor/annotation-utils-test.py:93: DeprecationWarning: Attribute s is deprecated and will be removed in Python 3.14; use value instead
  elements = {element.s for element in node.value.elts if isinstance(element, ast.Str)}
..FF...F
======================================================================
FAIL: test_first_match_and_first_match_any_assignments (__main__.TestCeleryAnnotationsUtils.test_first_match_and_first_match_any_assignments)
----"
2026-05-26T15:53:11.126310Z,refbench,benchmark_pipeline_20260526_134819,single-agent,celery_refactor,autoretry-to-retry,failed,0,81.73,2026-05-26T15:53:11Z,,,,,,/workspace/benchmarks/refactorbench/outputs/logs/base_single-agent_copilot_openrouter_free/celery_refactor_autoretry-to-retry_1779810708609.terminal.txt,/workspace/outputs/platform/home/.copilot/session-state/fb278ce1-7e9f-4de0-94d1-e83b93df4968/events.jsonl,/workspace/benchmarks/refactorbench/outputs/logs/base_single-agent_copilot_openrouter_free/celery_refactor_autoretry-to-retry_1779810708609.response.txt,,7,No repository changes detected from Copilot response.
2026-05-26T15:57:00.168283Z,refbench,benchmark_pipeline_20260526_134819,single-agent,celery_refactor,combine-unpickle-task,failed,0,227.81,2026-05-26T15:57:00Z,,,,,,/workspace/benchmarks/refactorbench/outputs/logs/base_single-agent_copilot_openrouter_free/celery_refactor_combine-unpickle-task_1779810791658.terminal.txt,/workspace/outputs/platform/home/.copilot/session-state/5067ea44-38a4-4660-95c9-a21d04fbe3a0/events.jsonl,/workspace/benchmarks/refactorbench/outputs/logs/base_single-agent_copilot_openrouter_free/celery_refactor_combine-unpickle-task_1779810791658.response.txt,3,6,"/workspace/benchmarks/refactorbench/outputs/workspaces/celery_refactor_combine-unpickle-task_1779810791658/repo/celery/_refbench_ast_compat.py:2: DeprecationWarning: ast.Str is deprecated and will be removed in Python 3.14; use ast.Constant instead
  if not hasattr(ast, 'Str'): ast.Str = ast.Constant
/workspace/benchmarks/refactorbench/outputs/workspaces/celery_refactor_combine-unpickle-task_1779810791658/repo/celery/_refbench_ast_compat.py:3: DeprecationWarning: ast.Bytes is deprecated and will be removed in Python 3.14; use ast.Constant instead
  if not hasattr(ast, 'Bytes'): ast.Bytes = ast.Constant
/workspace/benchmarks/refactorbench/outputs/workspaces/celery_refactor_combine-unpickle-task_1779810791658/repo/celery/_refbench_ast_compat.py:4: DeprecationWarning: ast.Num is deprecated and will be removed in Python 3.14; use ast.Constant instead
  if not hasattr(ast, 'Num'): ast.Num = ast.Constant
/workspace/benchmarks/refactorbench/outputs/workspaces/celery_refactor_combine-unpickle-task_1779810791658/repo/celery/_refbench_ast_compat.py:5: DeprecationWarning: ast.NameConstant is deprecated and will be removed in Python 3.14; use ast.Constant instead
  if not hasattr(ast, 'NameConstant'): ast.NameConstant = ast.Constant
.FF..F
======================================================================
FAIL: test_function_test_unpickle_exists_in_test_unpickle_test (__main__.TestCeleryRegistry.test_function_test_unpickle_exists_in_test_unpickle_test)
----------------------------------------------------------------------
Traceback (most recent call last):
  File ""/workspace/benchmarks/refactorbench/tests/celery_refactor/combine-unpickle-task-test.py"", line 134, in test_function_test_unpickle_exists_in_test_unpickle_test
    self.assertTrue(test_unpickle_function_found, ""Function 'test_unpickle' not found in class 'TestUnpickleTest' in test_registry.py"")
AssertionError: False is not true : Function 'test_unpickle' not found in class 'TestUnpickleTest' in test_registry.py

="
2026-05-26T15:57:22.493734Z,refbench,benchmark_pipeline_20260526_134819,single-agent,celery_refactor,dump-message-to-serialization,timed_out,1,21.07,2026-05-26T15:57:22Z,,,,,,/workspace/benchmarks/refactorbench/outputs/logs/base_single-agent_copilot_openrouter_free/celery_refactor_dump-message-to-serialization_1779811020711.terminal.txt,/workspace/outputs/platform/home/.copilot/session-state/00b7e5f9-6f3c-43ce-8c25-71f1fed9c468/events.jsonl,/workspace/benchmarks/refactorbench/outputs/logs/base_single-agent_copilot_openrouter_free/celery_refactor_dump-message-to-serialization_1779811020711.response.txt,,3,No repository changes detected from Copilot response.
2026-05-26T16:02:52.646844Z,refbench,benchmark_pipeline_20260526_134819,single-agent,celery_refactor,ensure_serialize,failed,0,329.32,2026-05-26T16:02:52Z,,,,,,/workspace/benchmarks/refactorbench/outputs/logs/base_single-agent_copilot_openrouter_free/celery_refactor_ensure_serialize_1779811042567.terminal.txt,/workspace/outputs/platform/home/.copilot/session-state/a14e53e7-72d1-4e2b-b262-81b4cd975d00/events.jsonl,/workspace/benchmarks/refactorbench/outputs/logs/base_single-agent_copilot_openrouter_free/celery_refactor_ensure_serialize_1779811042567.response.txt,3,9,"/workspace/benchmarks/refactorbench/outputs/workspaces/celery_refactor_ensure_serialize_1779811042567/repo/celery/_refbench_ast_compat.py:2: DeprecationWarning: ast.Str is deprecated and will be removed in Python 3.14; use ast.Constant instead
  if not hasattr(ast, 'Str'): ast.Str = ast.Constant
/workspace/benchmarks/refactorbench/outputs/workspaces/celery_refactor_ensure_serialize_1779811042567/repo/celery/_refbench_ast_compat.py:3: DeprecationWarning: ast.Bytes is deprecated and will be removed in Python 3.14; use ast.Constant instead
  if not hasattr(ast, 'Bytes'): ast.Bytes = ast.Constant
/workspace/benchmarks/refactorbench/outputs/workspaces/celery_refactor_ensure_serialize_1779811042567/repo/celery/_refbench_ast_compat.py:4: DeprecationWarning: ast.Num is deprecated and will be removed in Python 3.14; use ast.Constant instead
  if not hasattr(ast, 'Num'): ast.Num = ast.Constant
/workspace/benchmarks/refactorbench/outputs/workspaces/celery_refactor_ensure_serialize_1779811042567/repo/celery/_refbench_ast_compat.py:5: DeprecationWarning: ast.NameConstant is deprecated and will be removed in Python 3.14; use ast.Constant instead
  if not hasattr(ast, 'NameConstant'): ast.NameConstant = ast.Constant
F...FFFFF
======================================================================
FAIL: test_class_test_ensure_serialize_exists (__main__.TestCeleryUtils.test_class_test_ensure_serialize_exists)
----------------------------------------------------------------------
Traceback (most recent call last):
  File ""/workspace/benchmarks/refactorbench/tests/celery_refactor/ensure_serialize-test.py"", line 111, in test_class_test_ensure_serialize_exists
    self.assertTrue(class_found, ""Class 'test_ensure_serialize' not found in test_serialization.py"")
AssertionError: False is not true : Class 'test_ensure_serialize' not found in test_serialization.py

======================================================================
FAIL: test_ensure_serialize_used_in_methods (__main__.TestC"
2026-05-26T16:04:22.421083Z,refbench,benchmark_pipeline_20260526_134819,single-agent,celery_refactor,evaluate-promises-to-serialization,timed_out,1,88.94,2026-05-26T16:04:22Z,,,,,,/workspace/benchmarks/refactorbench/outputs/logs/base_single-agent_copilot_openrouter_free/celery_refactor_evaluate-promises-to-serialization_1779811372722.terminal.txt,/workspace/outputs/platform/home/.copilot/session-state/60e4212b-c302-4d7a-b892-98639a976731/events.jsonl,/workspace/benchmarks/refactorbench/outputs/logs/base_single-agent_copilot_openrouter_free/celery_refactor_evaluate-promises-to-serialization_1779811372722.response.txt,1,4,No repository changes detected from Copilot response.
2026-05-26T16:07:24.405805Z,refbench,benchmark_pipeline_20260526_134819,single-agent,celery_refactor,expand-router-string-to-utils,timed_out,1,181.2,2026-05-26T16:07:24Z,,,,,,/workspace/benchmarks/refactorbench/outputs/logs/base_single-agent_copilot_openrouter_free/celery_refactor_expand-router-string-to-utils_1779811462496.terminal.txt,/workspace/outputs/platform/home/.copilot/session-state/eb433b9e-f786-47a0-a8ca-cedb31d9eca8/events.jsonl,/workspace/benchmarks/refactorbench/outputs/logs/base_single-agent_copilot_openrouter_free/celery_refactor_expand-router-string-to-utils_1779811462496.response.txt,1,4,No repository changes detected from Copilot response.
2026-05-26T16:09:37.847994Z,refbench,benchmark_pipeline_20260526_134819,single-agent,celery_refactor,object-mro-lookup,success,0,132.63,2026-05-26T16:09:37Z,,,,,,/workspace/benchmarks/refactorbench/outputs/logs/base_single-agent_copilot_openrouter_free/celery_refactor_object-mro-lookup_1779811644482.terminal.txt,/workspace/outputs/platform/home/.copilot/session-state/72606f5a-e5b9-4568-877c-53741acaff2a/events.jsonl,/workspace/benchmarks/refactorbench/outputs/logs/base_single-agent_copilot_openrouter_free/celery_refactor_object-mro-lookup_1779811644482.response.txt,3,3,"/workspace/benchmarks/refactorbench/outputs/workspaces/celery_refactor_object-mro-lookup_1779811644482/repo/celery/_refbench_ast_compat.py:2: DeprecationWarning: ast.Str is deprecated and will be removed in Python 3.14; use ast.Constant instead
  if not hasattr(ast, 'Str'): ast.Str = ast.Constant
/workspace/benchmarks/refactorbench/outputs/workspaces/celery_refactor_object-mro-lookup_1779811644482/repo/celery/_refbench_ast_compat.py:3: DeprecationWarning: ast.Bytes is deprecated and will be removed in Python 3.14; use ast.Constant instead
  if not hasattr(ast, 'Bytes'): ast.Bytes = ast.Constant
/workspace/benchmarks/refactorbench/outputs/workspaces/celery_refactor_object-mro-lookup_1779811644482/repo/celery/_refbench_ast_compat.py:4: DeprecationWarning: ast.Num is deprecated and will be removed in Python 3.14; use ast.Constant instead
  if not hasattr(ast, 'Num'): ast.Num = ast.Constant
/workspace/benchmarks/refactorbench/outputs/workspaces/celery_refactor_object-mro-lookup_1779811644482/repo/celery/_refbench_ast_compat.py:5: DeprecationWarning: ast.NameConstant is deprecated and will be removed in Python 3.14; use ast.Constant instead
  if not hasattr(ast, 'NameConstant'): ast.NameConstant = ast.Constant
...
----------------------------------------------------------------------
Ran 3 tests in 0.034s

OK
"
2026-05-26T16:33:18.164036Z,refbench,benchmark_pipeline_20260526_134819,single-agent,celery_refactor,rename-host-format,success,0,1419.51,2026-05-26T16:33:18Z,,,,,,/workspace/benchmarks/refactorbench/outputs/logs/base_single-agent_copilot_openrouter_free/celery_refactor_rename-host-format_1779811777922.terminal.txt,/workspace/outputs/platform/home/.copilot/session-state/04c68939-c4ab-4651-8c66-0d47ffc6ad99/events.jsonl,/workspace/benchmarks/refactorbench/outputs/logs/base_single-agent_copilot_openrouter_free/celery_refactor_rename-host-format_1779811777922.response.txt,7,7,"/workspace/benchmarks/refactorbench/outputs/workspaces/celery_refactor_rename-host-format_1779811777922/repo/celery/_refbench_ast_compat.py:2: DeprecationWarning: ast.Str is deprecated and will be removed in Python 3.14; use ast.Constant instead
  if not hasattr(ast, 'Str'): ast.Str = ast.Constant
/workspace/benchmarks/refactorbench/outputs/workspaces/celery_refactor_rename-host-format_1779811777922/repo/celery/_refbench_ast_compat.py:3: DeprecationWarning: ast.Bytes is deprecated and will be removed in Python 3.14; use ast.Constant instead
  if not hasattr(ast, 'Bytes'): ast.Bytes = ast.Constant
/workspace/benchmarks/refactorbench/outputs/workspaces/celery_refactor_rename-host-format_1779811777922/repo/celery/_refbench_ast_compat.py:4: DeprecationWarning: ast.Num is deprecated and will be removed in Python 3.14; use ast.Constant instead
  if not hasattr(ast, 'Num'): ast.Num = ast.Constant
/workspace/benchmarks/refactorbench/outputs/workspaces/celery_refactor_rename-host-format_1779811777922/repo/celery/_refbench_ast_compat.py:5: DeprecationWarning: ast.NameConstant is deprecated and will be removed in Python 3.14; use ast.Constant instead
  if not hasattr(ast, 'NameConstant'): ast.NameConstant = ast.Constant
./workspace/benchmarks/refactorbench/tests/celery_refactor/rename-host-format-test.py:57: DeprecationWarning: ast.Str is deprecated and will be removed in Python 3.14; use ast.Constant instead
  elements = {element.s for element in all_declaration.elts if isinstance(element, ast.Str)}
/workspace/benchmarks/refactorbench/tests/celery_refactor/rename-host-format-test.py:57: DeprecationWarning: Attribute s is deprecated and will be removed in Python 3.14; use value instead
  elements = {element.s for element in all_declaration.elts if isinstance(element, ast.Str)}
......
----------------------------------------------------------------------
Ran 7 tests in 0.018s

OK
"
2026-05-26T16:39:13.507881Z,refbench,benchmark_pipeline_20260526_134819,single-agent,celery_refactor,truncate-text,failed,0,354.46,2026-05-26T16:39:13Z,,,,,,/workspace/benchmarks/refactorbench/outputs/logs/base_single-agent_copilot_openrouter_free/celery_refactor_truncate-text_1779813198238.terminal.txt,/workspace/outputs/platform/home/.copilot/session-state/eb11460a-a627-479b-a901-94ca97330799/events.jsonl,/workspace/benchmarks/refactorbench/outputs/logs/base_single-agent_copilot_openrouter_free/celery_refactor_truncate-text_1779813198238.response.txt,,9,"/workspace/benchmarks/refactorbench/outputs/workspaces/celery_refactor_truncate-text_1779813198238/repo/celery/_refbench_ast_compat.py:2: DeprecationWarning: ast.Str is deprecated and will be removed in Python 3.14; use ast.Constant instead
  if not hasattr(ast, 'Str'): ast.Str = ast.Constant
/workspace/benchmarks/refactorbench/outputs/workspaces/celery_refactor_truncate-text_1779813198238/repo/celery/_refbench_ast_compat.py:3: DeprecationWarning: ast.Bytes is deprecated and will be removed in Python 3.14; use ast.Constant instead
  if not hasattr(ast, 'Bytes'): ast.Bytes = ast.Constant
/workspace/benchmarks/refactorbench/outputs/workspaces/celery_refactor_truncate-text_1779813198238/repo/celery/_refbench_ast_compat.py:4: DeprecationWarning: ast.Num is deprecated and will be removed in Python 3.14; use ast.Constant instead
  if not hasattr(ast, 'Num'): ast.Num = ast.Constant
/workspace/benchmarks/refactorbench/outputs/workspaces/celery_refactor_truncate-text_1779813198238/repo/celery/_refbench_ast_compat.py:5: DeprecationWarning: ast.NameConstant is deprecated and will be removed in Python 3.14; use ast.Constant instead
  if not hasattr(ast, 'NameConstant'): ast.NameConstant = ast.Constant
FFFFFFFF/workspace/benchmarks/refactorbench/tests/celery_refactor/truncate-text-test.py:48: DeprecationWarning: ast.Str is deprecated and will be removed in Python 3.14; use ast.Constant instead
  if isinstance(element, ast.Str) and element.s == 'truncate_text':
/workspace/benchmarks/refactorbench/tests/celery_refactor/truncate-text-test.py:48: DeprecationWarning: Attribute s is deprecated and will be removed in Python 3.14; use value instead
  if isinstance(element, ast.Str) and element.s == 'truncate_text':
F
======================================================================
FAIL: test_import_abbr_abbrtask_ensure_newlines_indent_pretty_truncate_text_in_test_text (__main__.TestCeleryUtils.test_import_abbr_abbrtask_ensure_newlines_indent_pretty_truncate_text_in_test_text)
----"
2026-05-26T16:57:32.888487Z,refbench,benchmark_pipeline_20260526_134819,single-agent,django_refactor,add-log-parameter-constant-time-compare,failed,0,1095.0,2026-05-26T16:57:32Z,,,,,,/workspace/benchmarks/refactorbench/outputs/logs/base_single-agent_copilot_openrouter_free/django_refactor_add-log-parameter-constant-time-compare_1779813553584.terminal.txt,/workspace/outputs/platform/home/.copilot/session-state/c0de41ce-bef3-4f10-94ca-f0bf22c83770/events.jsonl,/workspace/benchmarks/refactorbench/outputs/logs/base_single-agent_copilot_openrouter_free/django_refactor_add-log-parameter-constant-time-compare_1779813553584.response.txt,1,3,"/workspace/benchmarks/refactorbench/outputs/workspaces/django_refactor_add-log-parameter-constant-time-compare_1779813553584/repo/django/_refbench_ast_compat.py:2: DeprecationWarning: ast.Str is deprecated and will be removed in Python 3.14; use ast.Constant instead
  if not hasattr(ast, 'Str'): ast.Str = ast.Constant
/workspace/benchmarks/refactorbench/outputs/workspaces/django_refactor_add-log-parameter-constant-time-compare_1779813553584/repo/django/_refbench_ast_compat.py:3: DeprecationWarning: ast.Bytes is deprecated and will be removed in Python 3.14; use ast.Constant instead
  if not hasattr(ast, 'Bytes'): ast.Bytes = ast.Constant
/workspace/benchmarks/refactorbench/outputs/workspaces/django_refactor_add-log-parameter-constant-time-compare_1779813553584/repo/django/_refbench_ast_compat.py:4: DeprecationWarning: ast.Num is deprecated and will be removed in Python 3.14; use ast.Constant instead
  if not hasattr(ast, 'Num'): ast.Num = ast.Constant
/workspace/benchmarks/refactorbench/outputs/workspaces/django_refactor_add-log-parameter-constant-time-compare_1779813553584/repo/django/_refbench_ast_compat.py:5: DeprecationWarning: ast.NameConstant is deprecated and will be removed in Python 3.14; use ast.Constant instead
  if not hasattr(ast, 'NameConstant'): ast.NameConstant = ast.Constant
.FF
======================================================================
FAIL: test_usages_have_boolean_true (__main__.TestConstantTimeCompareLogging.test_usages_have_boolean_true)
----------------------------------------------------------------------
Traceback (most recent call last):
  File ""/workspace/benchmarks/refactorbench/tests/django_refactor/constant-time-compare.py"", line 57, in test_usages_have_boolean_true
    self.assertIsNotNone(boolean_arg, f""Boolean parameter 'log' missing or not True in {file_path}"")
AssertionError: unexpectedly None : Boolean parameter 'log' missing or not True in ../django/contrib/auth/__init__.py

==========================================="
2026-05-26T17:06:36.086828Z,refbench,benchmark_pipeline_20260526_134819,single-agent,django_refactor,add-log-parameter-get-resolver,failed,0,536.83,2026-05-26T17:06:36Z,,,,,,/workspace/benchmarks/refactorbench/outputs/logs/base_single-agent_copilot_openrouter_free/django_refactor_add-log-parameter-get-resolver_1779814652989.terminal.txt,/workspace/outputs/platform/home/.copilot/session-state/d846c68c-7d21-4958-af03-a866d5955ac5/events.jsonl,/workspace/benchmarks/refactorbench/outputs/logs/base_single-agent_copilot_openrouter_free/django_refactor_add-log-parameter-get-resolver_1779814652989.response.txt,,3,"/workspace/benchmarks/refactorbench/outputs/workspaces/django_refactor_add-log-parameter-get-resolver_1779814652989/repo/django/_refbench_ast_compat.py:2: DeprecationWarning: ast.Str is deprecated and will be removed in Python 3.14; use ast.Constant instead
  if not hasattr(ast, 'Str'): ast.Str = ast.Constant
/workspace/benchmarks/refactorbench/outputs/workspaces/django_refactor_add-log-parameter-get-resolver_1779814652989/repo/django/_refbench_ast_compat.py:3: DeprecationWarning: ast.Bytes is deprecated and will be removed in Python 3.14; use ast.Constant instead
  if not hasattr(ast, 'Bytes'): ast.Bytes = ast.Constant
/workspace/benchmarks/refactorbench/outputs/workspaces/django_refactor_add-log-parameter-get-resolver_1779814652989/repo/django/_refbench_ast_compat.py:4: DeprecationWarning: ast.Num is deprecated and will be removed in Python 3.14; use ast.Constant instead
  if not hasattr(ast, 'Num'): ast.Num = ast.Constant
/workspace/benchmarks/refactorbench/outputs/workspaces/django_refactor_add-log-parameter-get-resolver_1779814652989/repo/django/_refbench_ast_compat.py:5: DeprecationWarning: ast.NameConstant is deprecated and will be removed in Python 3.14; use ast.Constant instead
  if not hasattr(ast, 'NameConstant'): ast.NameConstant = ast.Constant
/workspace/benchmarks/refactorbench/tests/django_refactor/get_resolver.py:22: DeprecationWarning: ast.NameConstant is deprecated and will be removed in Python 3.14; use ast.Constant instead
  (kw for kw in node.args.defaults if isinstance(kw, ast.NameConstant) and kw.value is False),
FFF
======================================================================
FAIL: test_function_definition (__main__.TestGetResolverLogging.test_function_definition)
----------------------------------------------------------------------
Traceback (most recent call last):
  File ""/workspace/benchmarks/refactorbench/tests/django_refactor/get_resolver.py"", line 35, in test_function_definition
    self.assertTrue(boolean_check, ""Missing bo"
2026-05-26T17:08:33.670417Z,refbench,benchmark_pipeline_20260526_134819,single-agent,django_refactor,add-log-parameter-resolve-error-handler,timed_out,1,109.44,2026-05-26T17:08:33Z,,,,,,/workspace/benchmarks/refactorbench/outputs/logs/base_single-agent_copilot_openrouter_free/django_refactor_add-log-parameter-resolve-error-handler_1779815196196.terminal.txt,/workspace/outputs/platform/home/.copilot/session-state/88475a96-8e66-41d7-9121-9d50c6d784b1/events.jsonl,/workspace/benchmarks/refactorbench/outputs/logs/base_single-agent_copilot_openrouter_free/django_refactor_add-log-parameter-resolve-error-handler_1779815196196.response.txt,,2,No repository changes detected from Copilot response.
2026-05-26T17:14:13.681243Z,refbench,benchmark_pipeline_20260526_134819,single-agent,django_refactor,add-none-handling-duration-string,failed,0,335.74,2026-05-26T17:14:13Z,,,,,,/workspace/benchmarks/refactorbench/outputs/logs/base_single-agent_copilot_openrouter_free/django_refactor_add-none-handling-duration-string_1779815313763.terminal.txt,/workspace/outputs/platform/home/.copilot/session-state/b761ec26-8187-4abf-93ef-aa963f46da36/events.jsonl,/workspace/benchmarks/refactorbench/outputs/logs/base_single-agent_copilot_openrouter_free/django_refactor_add-none-handling-duration-string_1779815313763.response.txt,2,3,"/workspace/benchmarks/refactorbench/outputs/workspaces/django_refactor_add-none-handling-duration-string_1779815313763/repo/django/_refbench_ast_compat.py:2: DeprecationWarning: ast.Str is deprecated and will be removed in Python 3.14; use ast.Constant instead
  if not hasattr(ast, 'Str'): ast.Str = ast.Constant
/workspace/benchmarks/refactorbench/outputs/workspaces/django_refactor_add-none-handling-duration-string_1779815313763/repo/django/_refbench_ast_compat.py:3: DeprecationWarning: ast.Bytes is deprecated and will be removed in Python 3.14; use ast.Constant instead
  if not hasattr(ast, 'Bytes'): ast.Bytes = ast.Constant
/workspace/benchmarks/refactorbench/outputs/workspaces/django_refactor_add-none-handling-duration-string_1779815313763/repo/django/_refbench_ast_compat.py:4: DeprecationWarning: ast.Num is deprecated and will be removed in Python 3.14; use ast.Constant instead
  if not hasattr(ast, 'Num'): ast.Num = ast.Constant
/workspace/benchmarks/refactorbench/outputs/workspaces/django_refactor_add-none-handling-duration-string_1779815313763/repo/django/_refbench_ast_compat.py:5: DeprecationWarning: ast.NameConstant is deprecated and will be removed in Python 3.14; use ast.Constant instead
  if not hasattr(ast, 'NameConstant'): ast.NameConstant = ast.Constant
..F
======================================================================
FAIL: test_value_to_string_none_check_removed (__main__.TestDurationStringHandling.test_value_to_string_none_check_removed)
----------------------------------------------------------------------
Traceback (most recent call last):
  File ""/workspace/benchmarks/refactorbench/tests/django_refactor/duration-string.py"", line 69, in test_value_to_string_none_check_removed
    self.assertTrue(none_check_removed and direct_return,
AssertionError: False is not true : The function value_to_string in DurationField no longer handles None and directly returns duration_string(val).

------------------------------------------------------------"
2026-05-26T17:23:01.299416Z,refbench,benchmark_pipeline_20260526_134819,single-agent,django_refactor,combine-utils-dates-dateformat,success,0,523.37,2026-05-26T17:23:01Z,,,,,,/workspace/benchmarks/refactorbench/outputs/logs/base_single-agent_copilot_openrouter_free/django_refactor_combine-utils-dates-dateformat_1779815653769.terminal.txt,/workspace/outputs/platform/home/.copilot/session-state/140004ed-efb1-473b-89ca-860f1ee44e60/events.jsonl,/workspace/benchmarks/refactorbench/outputs/logs/base_single-agent_copilot_openrouter_free/django_refactor_combine-utils-dates-dateformat_1779815653769.response.txt,4,4,"/workspace/benchmarks/refactorbench/outputs/workspaces/django_refactor_combine-utils-dates-dateformat_1779815653769/repo/django/_refbench_ast_compat.py:2: DeprecationWarning: ast.Str is deprecated and will be removed in Python 3.14; use ast.Constant instead
  if not hasattr(ast, 'Str'): ast.Str = ast.Constant
/workspace/benchmarks/refactorbench/outputs/workspaces/django_refactor_combine-utils-dates-dateformat_1779815653769/repo/django/_refbench_ast_compat.py:3: DeprecationWarning: ast.Bytes is deprecated and will be removed in Python 3.14; use ast.Constant instead
  if not hasattr(ast, 'Bytes'): ast.Bytes = ast.Constant
/workspace/benchmarks/refactorbench/outputs/workspaces/django_refactor_combine-utils-dates-dateformat_1779815653769/repo/django/_refbench_ast_compat.py:4: DeprecationWarning: ast.Num is deprecated and will be removed in Python 3.14; use ast.Constant instead
  if not hasattr(ast, 'Num'): ast.Num = ast.Constant
/workspace/benchmarks/refactorbench/outputs/workspaces/django_refactor_combine-utils-dates-dateformat_1779815653769/repo/django/_refbench_ast_compat.py:5: DeprecationWarning: ast.NameConstant is deprecated and will be removed in Python 3.14; use ast.Constant instead
  if not hasattr(ast, 'NameConstant'): ast.NameConstant = ast.Constant
....
----------------------------------------------------------------------
Ran 4 tests in 0.025s

OK
"
2026-05-26T17:43:17.921518Z,refbench,benchmark_pipeline_20260526_134819,single-agent,django_refactor,combine-utils-hashable-itercompat,failed,0,1212.22,2026-05-26T17:43:17Z,,,,,,/workspace/benchmarks/refactorbench/outputs/logs/base_single-agent_copilot_openrouter_free/django_refactor_combine-utils-hashable-itercompat_1779816181385.terminal.txt,/workspace/outputs/platform/home/.copilot/session-state/66666e6d-95b9-45d7-8d8e-d10260959f2d/events.jsonl,/workspace/benchmarks/refactorbench/outputs/logs/base_single-agent_copilot_openrouter_free/django_refactor_combine-utils-hashable-itercompat_1779816181385.response.txt,,4,"/workspace/benchmarks/refactorbench/outputs/workspaces/django_refactor_combine-utils-hashable-itercompat_1779816181385/repo/django/_refbench_ast_compat.py:2: DeprecationWarning: ast.Str is deprecated and will be removed in Python 3.14; use ast.Constant instead
  if not hasattr(ast, 'Str'): ast.Str = ast.Constant
/workspace/benchmarks/refactorbench/outputs/workspaces/django_refactor_combine-utils-hashable-itercompat_1779816181385/repo/django/_refbench_ast_compat.py:3: DeprecationWarning: ast.Bytes is deprecated and will be removed in Python 3.14; use ast.Constant instead
  if not hasattr(ast, 'Bytes'): ast.Bytes = ast.Constant
/workspace/benchmarks/refactorbench/outputs/workspaces/django_refactor_combine-utils-hashable-itercompat_1779816181385/repo/django/_refbench_ast_compat.py:4: DeprecationWarning: ast.Num is deprecated and will be removed in Python 3.14; use ast.Constant instead
  if not hasattr(ast, 'Num'): ast.Num = ast.Constant
/workspace/benchmarks/refactorbench/outputs/workspaces/django_refactor_combine-utils-hashable-itercompat_1779816181385/repo/django/_refbench_ast_compat.py:5: DeprecationWarning: ast.NameConstant is deprecated and will be removed in Python 3.14; use ast.Constant instead
  if not hasattr(ast, 'NameConstant'): ast.NameConstant = ast.Constant
FEFFFFFFFFFFF
======================================================================
ERROR: test_is_iterable_imports_updated (__main__.TestUtilsMigration.test_is_iterable_imports_updated)
----------------------------------------------------------------------
Traceback (most recent call last):
  File ""/workspace/benchmarks/refactorbench/tests/django_refactor/hashable-itercompat.py"", line 75, in test_is_iterable_imports_updated
    with open(self.combined_test_file_path, 'r') as file:
         ^^^^^^^^^^^^^^^^^^^^^^^^^^^^^^^^^^^^^^^
FileNotFoundError: [Errno 2] No such file or directory: '../tests/utils_tests/test_able.py'

======================================================================
FAIL: test"
2026-05-26T17:50:28.711100Z,refbench,benchmark_pipeline_20260526_134819,single-agent,django_refactor,new-converter-to-python-class,failed,0,426.15,2026-05-26T17:50:28Z,,,,,,/workspace/benchmarks/refactorbench/outputs/logs/base_single-agent_copilot_openrouter_free/django_refactor_new-converter-to-python-class_1779817398311.terminal.txt,/workspace/outputs/platform/home/.copilot/session-state/80e8fd7d-b161-4ca2-97af-8c638f0b1194/events.jsonl,/workspace/benchmarks/refactorbench/outputs/logs/base_single-agent_copilot_openrouter_free/django_refactor_new-converter-to-python-class_1779817398311.response.txt,2,3,"/workspace/benchmarks/refactorbench/outputs/workspaces/django_refactor_new-converter-to-python-class_1779817398311/repo/django/_refbench_ast_compat.py:2: DeprecationWarning: ast.Str is deprecated and will be removed in Python 3.14; use ast.Constant instead
  if not hasattr(ast, 'Str'): ast.Str = ast.Constant
/workspace/benchmarks/refactorbench/outputs/workspaces/django_refactor_new-converter-to-python-class_1779817398311/repo/django/_refbench_ast_compat.py:3: DeprecationWarning: ast.Bytes is deprecated and will be removed in Python 3.14; use ast.Constant instead
  if not hasattr(ast, 'Bytes'): ast.Bytes = ast.Constant
/workspace/benchmarks/refactorbench/outputs/workspaces/django_refactor_new-converter-to-python-class_1779817398311/repo/django/_refbench_ast_compat.py:4: DeprecationWarning: ast.Num is deprecated and will be removed in Python 3.14; use ast.Constant instead
  if not hasattr(ast, 'Num'): ast.Num = ast.Constant
/workspace/benchmarks/refactorbench/outputs/workspaces/django_refactor_new-converter-to-python-class_1779817398311/repo/django/_refbench_ast_compat.py:5: DeprecationWarning: ast.NameConstant is deprecated and will be removed in Python 3.14; use ast.Constant instead
  if not hasattr(ast, 'NameConstant'): ast.NameConstant = ast.Constant
..F
======================================================================
FAIL: test_converter_to_python_imports (__main__.TestBackendsUtils.test_converter_to_python_imports)
----------------------------------------------------------------------
Traceback (most recent call last):
  File ""/workspace/benchmarks/refactorbench/tests/django_refactor/converter-to-python.py"", line 71, in test_converter_to_python_imports
    self.assertTrue(import_found, f""Import 'ConverterToPython' not found in {file_path}"")
AssertionError: False is not true : Import 'ConverterToPython' not found in ../django/db/backends/sqlite3/_functions.py

----------------------------------------------------------------------
Ran 3 tests in 0.012s

FAIL"
2026-05-26T18:20:02.497403Z,refbench,benchmark_pipeline_20260526_134819,single-agent,django_refactor,new-path-traversal-exception,failed,0,1769.24,2026-05-26T18:20:02Z,,,,,,/workspace/benchmarks/refactorbench/outputs/logs/base_single-agent_copilot_openrouter_free/django_refactor_new-path-traversal-exception_1779817829105.terminal.txt,/workspace/outputs/platform/home/.copilot/session-state/fd62ddce-4a49-41b3-89d2-cdeab45f0971/events.jsonl,/workspace/benchmarks/refactorbench/outputs/logs/base_single-agent_copilot_openrouter_free/django_refactor_new-path-traversal-exception_1779817829105.response.txt,2,9,"/workspace/benchmarks/refactorbench/outputs/workspaces/django_refactor_new-path-traversal-exception_1779817829105/repo/django/_refbench_ast_compat.py:2: DeprecationWarning: ast.Str is deprecated and will be removed in Python 3.14; use ast.Constant instead
  if not hasattr(ast, 'Str'): ast.Str = ast.Constant
/workspace/benchmarks/refactorbench/outputs/workspaces/django_refactor_new-path-traversal-exception_1779817829105/repo/django/_refbench_ast_compat.py:3: DeprecationWarning: ast.Bytes is deprecated and will be removed in Python 3.14; use ast.Constant instead
  if not hasattr(ast, 'Bytes'): ast.Bytes = ast.Constant
/workspace/benchmarks/refactorbench/outputs/workspaces/django_refactor_new-path-traversal-exception_1779817829105/repo/django/_refbench_ast_compat.py:4: DeprecationWarning: ast.Num is deprecated and will be removed in Python 3.14; use ast.Constant instead
  if not hasattr(ast, 'Num'): ast.Num = ast.Constant
/workspace/benchmarks/refactorbench/outputs/workspaces/django_refactor_new-path-traversal-exception_1779817829105/repo/django/_refbench_ast_compat.py:5: DeprecationWarning: ast.NameConstant is deprecated and will be removed in Python 3.14; use ast.Constant instead
  if not hasattr(ast, 'NameConstant'): ast.NameConstant = ast.Constant
FFFFFFF..
======================================================================
FAIL: test_generate_filename_raises_pathtraversal (__main__.TestPathTraversalException.test_generate_filename_raises_pathtraversal)
----------------------------------------------------------------------
Traceback (most recent call last):
  File ""/workspace/benchmarks/refactorbench/tests/django_refactor/path-traversal.py"", line 87, in test_generate_filename_raises_pathtraversal
    self.assertTrue(raise_check, ""PathTraversal exception is not raised in generate_filename"")
AssertionError: False is not true : PathTraversal exception is not raised in generate_filename

======================================================================
FAIL: te"
2026-05-26T18:20:56.242338Z,refbench,benchmark_pipeline_20260526_134819,single-agent,django_refactor,new-reference-context-field-class,timed_out,1,49.17,2026-05-26T18:20:56Z,,,,,,/workspace/benchmarks/refactorbench/outputs/logs/base_single-agent_copilot_openrouter_free/django_refactor_new-reference-context-field-class_1779819602889.terminal.txt,/workspace/outputs/platform/home/.copilot/session-state/beaf9c63-7e41-4d17-b020-d65afc8b58f7/events.jsonl,/workspace/benchmarks/refactorbench/outputs/logs/base_single-agent_copilot_openrouter_free/django_refactor_new-reference-context-field-class_1779819602889.response.txt,,4,No repository changes detected from Copilot response.
2026-05-26T18:26:57.674774Z,refbench,benchmark_pipeline_20260526_134819,single-agent,django_refactor,new-reference-context-graph-class,failed,0,356.75,2026-05-26T18:26:57Z,,,,,,/workspace/benchmarks/refactorbench/outputs/logs/base_single-agent_copilot_openrouter_free/django_refactor_new-reference-context-graph-class_1779819656612.terminal.txt,/workspace/outputs/platform/home/.copilot/session-state/28934223-e7e9-4fcb-8040-409764b07a92/events.jsonl,/workspace/benchmarks/refactorbench/outputs/logs/base_single-agent_copilot_openrouter_free/django_refactor_new-reference-context-graph-class_1779819656612.response.txt,5,9,"/workspace/benchmarks/refactorbench/outputs/workspaces/django_refactor_new-reference-context-graph-class_1779819656612/repo/django/_refbench_ast_compat.py:2: DeprecationWarning: ast.Str is deprecated and will be removed in Python 3.14; use ast.Constant instead
  if not hasattr(ast, 'Str'): ast.Str = ast.Constant
/workspace/benchmarks/refactorbench/outputs/workspaces/django_refactor_new-reference-context-graph-class_1779819656612/repo/django/_refbench_ast_compat.py:3: DeprecationWarning: ast.Bytes is deprecated and will be removed in Python 3.14; use ast.Constant instead
  if not hasattr(ast, 'Bytes'): ast.Bytes = ast.Constant
/workspace/benchmarks/refactorbench/outputs/workspaces/django_refactor_new-reference-context-graph-class_1779819656612/repo/django/_refbench_ast_compat.py:4: DeprecationWarning: ast.Num is deprecated and will be removed in Python 3.14; use ast.Constant instead
  if not hasattr(ast, 'Num'): ast.Num = ast.Constant
/workspace/benchmarks/refactorbench/outputs/workspaces/django_refactor_new-reference-context-graph-class_1779819656612/repo/django/_refbench_ast_compat.py:5: DeprecationWarning: ast.NameConstant is deprecated and will be removed in Python 3.14; use ast.Constant instead
  if not hasattr(ast, 'NameConstant'): ast.NameConstant = ast.Constant
....FFFF.
======================================================================
FAIL: test_reference_context_import_in_autodetector (__main__.TestReferenceContextInAddDependency.test_reference_context_import_in_autodetector)
----------------------------------------------------------------------
Traceback (most recent call last):
  File ""/workspace/benchmarks/refactorbench/tests/django_refactor/reference-context-graph.py"", line 60, in test_reference_context_import_in_autodetector
    self.assertTrue(import_found, f""ReferenceContext not imported in {file_path}"")
AssertionError: False is not true : ReferenceContext not imported in ../tests/migrations/test_autodetector.py

================================"
2026-05-26T18:35:31.458642Z,refbench,benchmark_pipeline_20260526_134819,single-agent,django_refactor,new-timezone-class,failed,0,509.17,2026-05-26T18:35:31Z,,,,,,/workspace/benchmarks/refactorbench/outputs/logs/base_single-agent_copilot_openrouter_free/django_refactor_new-timezone-class_1779820018044.terminal.txt,/workspace/outputs/platform/home/.copilot/session-state/cf8ec53e-fafe-45fa-928f-43a0cc16565c/events.jsonl,/workspace/benchmarks/refactorbench/outputs/logs/base_single-agent_copilot_openrouter_free/django_refactor_new-timezone-class_1779820018044.response.txt,,4,"/workspace/benchmarks/refactorbench/outputs/workspaces/django_refactor_new-timezone-class_1779820018044/repo/django/_refbench_ast_compat.py:2: DeprecationWarning: ast.Str is deprecated and will be removed in Python 3.14; use ast.Constant instead
  if not hasattr(ast, 'Str'): ast.Str = ast.Constant
/workspace/benchmarks/refactorbench/outputs/workspaces/django_refactor_new-timezone-class_1779820018044/repo/django/_refbench_ast_compat.py:3: DeprecationWarning: ast.Bytes is deprecated and will be removed in Python 3.14; use ast.Constant instead
  if not hasattr(ast, 'Bytes'): ast.Bytes = ast.Constant
/workspace/benchmarks/refactorbench/outputs/workspaces/django_refactor_new-timezone-class_1779820018044/repo/django/_refbench_ast_compat.py:4: DeprecationWarning: ast.Num is deprecated and will be removed in Python 3.14; use ast.Constant instead
  if not hasattr(ast, 'Num'): ast.Num = ast.Constant
/workspace/benchmarks/refactorbench/outputs/workspaces/django_refactor_new-timezone-class_1779820018044/repo/django/_refbench_ast_compat.py:5: DeprecationWarning: ast.NameConstant is deprecated and will be removed in Python 3.14; use ast.Constant instead
  if not hasattr(ast, 'NameConstant'): ast.NameConstant = ast.Constant
FFFF
======================================================================
FAIL: test_class_imported_in_other_files (__main__.TestTimeZoneFunctionsInClass.test_class_imported_in_other_files)
----------------------------------------------------------------------
Traceback (most recent call last):
  File ""/workspace/benchmarks/refactorbench/tests/django_refactor/timezone.py"", line 62, in test_class_imported_in_other_files
    self.assertTrue(class_imported, f""None of the classes '{', '.join(class_names)}' imported in {file_path}"")
AssertionError: False is not true : None of the classes 'RenderableMixin, RenderableFieldMixin, RenderableFormMixin, RenderableErrorMixin, ErrorDict, ErrorList' imported in ../django/forms/fields.py

==================================="
2026-05-26T18:42:07.656393Z,refbench,benchmark_pipeline_20260526_134819,single-agent,django_refactor,new-utils-adapt-method-mode,failed,0,391.58,2026-05-26T18:42:07Z,,,,,,/workspace/benchmarks/refactorbench/outputs/logs/base_single-agent_copilot_openrouter_free/django_refactor_new-utils-adapt-method-mode_1779820531828.terminal.txt,/workspace/outputs/platform/home/.copilot/session-state/7b61f437-69fd-462f-b78c-b626f2e7bce6/events.jsonl,/workspace/benchmarks/refactorbench/outputs/logs/base_single-agent_copilot_openrouter_free/django_refactor_new-utils-adapt-method-mode_1779820531828.response.txt,2,3,"/workspace/benchmarks/refactorbench/outputs/workspaces/django_refactor_new-utils-adapt-method-mode_1779820531828/repo/django/_refbench_ast_compat.py:2: DeprecationWarning: ast.Str is deprecated and will be removed in Python 3.14; use ast.Constant instead
  if not hasattr(ast, 'Str'): ast.Str = ast.Constant
/workspace/benchmarks/refactorbench/outputs/workspaces/django_refactor_new-utils-adapt-method-mode_1779820531828/repo/django/_refbench_ast_compat.py:3: DeprecationWarning: ast.Bytes is deprecated and will be removed in Python 3.14; use ast.Constant instead
  if not hasattr(ast, 'Bytes'): ast.Bytes = ast.Constant
/workspace/benchmarks/refactorbench/outputs/workspaces/django_refactor_new-utils-adapt-method-mode_1779820531828/repo/django/_refbench_ast_compat.py:4: DeprecationWarning: ast.Num is deprecated and will be removed in Python 3.14; use ast.Constant instead
  if not hasattr(ast, 'Num'): ast.Num = ast.Constant
/workspace/benchmarks/refactorbench/outputs/workspaces/django_refactor_new-utils-adapt-method-mode_1779820531828/repo/django/_refbench_ast_compat.py:5: DeprecationWarning: ast.NameConstant is deprecated and will be removed in Python 3.14; use ast.Constant instead
  if not hasattr(ast, 'NameConstant'): ast.NameConstant = ast.Constant
..F
======================================================================
FAIL: test_import_in_base_handler (__main__.TestAdaptMethodMode.test_import_in_base_handler)
----------------------------------------------------------------------
Traceback (most recent call last):
  File ""/workspace/benchmarks/refactorbench/tests/django_refactor/adapt_method_mode.py"", line 45, in test_import_in_base_handler
    self.assertTrue(import_found, ""adapt_method_mode not imported from utils in base.py"")
AssertionError: False is not true : adapt_method_mode not imported from utils in base.py

----------------------------------------------------------------------
Ran 3 tests in 0.005s

FAILED (failures=1)
"
2026-05-26T18:49:36.274486Z,refbench,benchmark_pipeline_20260526_134819,single-agent,django_refactor,new-utils-check-response,failed,0,444.04,2026-05-26T18:49:36Z,,,,,,/workspace/benchmarks/refactorbench/outputs/logs/base_single-agent_copilot_openrouter_free/django_refactor_new-utils-check-response_1779820928026.terminal.txt,/workspace/outputs/platform/home/.copilot/session-state/581ab8a7-f680-4254-b4fb-b15f8020642a/events.jsonl,/workspace/benchmarks/refactorbench/outputs/logs/base_single-agent_copilot_openrouter_free/django_refactor_new-utils-check-response_1779820928026.response.txt,1,2,"/workspace/benchmarks/refactorbench/outputs/workspaces/django_refactor_new-utils-check-response_1779820928026/repo/django/_refbench_ast_compat.py:2: DeprecationWarning: ast.Str is deprecated and will be removed in Python 3.14; use ast.Constant instead
  if not hasattr(ast, 'Str'): ast.Str = ast.Constant
/workspace/benchmarks/refactorbench/outputs/workspaces/django_refactor_new-utils-check-response_1779820928026/repo/django/_refbench_ast_compat.py:3: DeprecationWarning: ast.Bytes is deprecated and will be removed in Python 3.14; use ast.Constant instead
  if not hasattr(ast, 'Bytes'): ast.Bytes = ast.Constant
/workspace/benchmarks/refactorbench/outputs/workspaces/django_refactor_new-utils-check-response_1779820928026/repo/django/_refbench_ast_compat.py:4: DeprecationWarning: ast.Num is deprecated and will be removed in Python 3.14; use ast.Constant instead
  if not hasattr(ast, 'Num'): ast.Num = ast.Constant
/workspace/benchmarks/refactorbench/outputs/workspaces/django_refactor_new-utils-check-response_1779820928026/repo/django/_refbench_ast_compat.py:5: DeprecationWarning: ast.NameConstant is deprecated and will be removed in Python 3.14; use ast.Constant instead
  if not hasattr(ast, 'NameConstant'): ast.NameConstant = ast.Constant
E.
======================================================================
ERROR: test_check_response_function_definition (__main__.TestHandlerUtils.test_check_response_function_definition)
----------------------------------------------------------------------
Traceback (most recent call last):
  File ""/workspace/benchmarks/refactorbench/tests/django_refactor/check-response.py"", line 11, in test_check_response_function_definition
    with open(file_path, 'r') as file:
         ^^^^^^^^^^^^^^^^^^^^
FileNotFoundError: [Errno 2] No such file or directory: '../django/core/handlers/handler_utils.py'

----------------------------------------------------------------------
Ran 2 tests in 0.004s

FAILED (errors=1)
"
2026-05-26T18:52:10.800335Z,refbench,benchmark_pipeline_20260526_134819,single-agent,django_refactor,new-utils-path-from-module,failed,0,150.01,2026-05-26T18:52:10Z,,,,,,/workspace/benchmarks/refactorbench/outputs/logs/base_single-agent_copilot_openrouter_free/django_refactor_new-utils-path-from-module_1779821376650.terminal.txt,/workspace/outputs/platform/home/.copilot/session-state/78748a29-6108-4309-8379-59b974695b4b/events.jsonl,/workspace/benchmarks/refactorbench/outputs/logs/base_single-agent_copilot_openrouter_free/django_refactor_new-utils-path-from-module_1779821376650.response.txt,1,2,"/workspace/benchmarks/refactorbench/outputs/workspaces/django_refactor_new-utils-path-from-module_1779821376650/repo/django/_refbench_ast_compat.py:2: DeprecationWarning: ast.Str is deprecated and will be removed in Python 3.14; use ast.Constant instead
  if not hasattr(ast, 'Str'): ast.Str = ast.Constant
/workspace/benchmarks/refactorbench/outputs/workspaces/django_refactor_new-utils-path-from-module_1779821376650/repo/django/_refbench_ast_compat.py:3: DeprecationWarning: ast.Bytes is deprecated and will be removed in Python 3.14; use ast.Constant instead
  if not hasattr(ast, 'Bytes'): ast.Bytes = ast.Constant
/workspace/benchmarks/refactorbench/outputs/workspaces/django_refactor_new-utils-path-from-module_1779821376650/repo/django/_refbench_ast_compat.py:4: DeprecationWarning: ast.Num is deprecated and will be removed in Python 3.14; use ast.Constant instead
  if not hasattr(ast, 'Num'): ast.Num = ast.Constant
/workspace/benchmarks/refactorbench/outputs/workspaces/django_refactor_new-utils-path-from-module_1779821376650/repo/django/_refbench_ast_compat.py:5: DeprecationWarning: ast.NameConstant is deprecated and will be removed in Python 3.14; use ast.Constant instead
  if not hasattr(ast, 'NameConstant'): ast.NameConstant = ast.Constant
E.
======================================================================
ERROR: test_path_from_module_function_definition (__main__.TestAppsUtils.test_path_from_module_function_definition)
----------------------------------------------------------------------
Traceback (most recent call last):
  File ""/workspace/benchmarks/refactorbench/tests/django_refactor/path-from-module.py"", line 11, in test_path_from_module_function_definition
    with open(file_path, 'r') as file:
         ^^^^^^^^^^^^^^^^^^^^
FileNotFoundError: [Errno 2] No such file or directory: '../django/apps/apps_utils.py'

----------------------------------------------------------------------
Ran 2 tests in 0.003s

FAILED (errors=1)
"
2026-05-26T18:57:23.281849Z,refbench,benchmark_pipeline_20260526_134819,single-agent,django_refactor,remove-core-cache-utils,failed,0,307.5,2026-05-26T18:57:23Z,,,,,,/workspace/benchmarks/refactorbench/outputs/logs/base_single-agent_copilot_openrouter_free/django_refactor_remove-core-cache-utils_1779821531529.terminal.txt,/workspace/outputs/platform/home/.copilot/session-state/083105e2-cb53-436e-a6c5-e0325367a06f/events.jsonl,/workspace/benchmarks/refactorbench/outputs/logs/base_single-agent_copilot_openrouter_free/django_refactor_remove-core-cache-utils_1779821531529.response.txt,,5,"/workspace/benchmarks/refactorbench/outputs/workspaces/django_refactor_remove-core-cache-utils_1779821531529/repo/django/_refbench_ast_compat.py:2: DeprecationWarning: ast.Str is deprecated and will be removed in Python 3.14; use ast.Constant instead
  if not hasattr(ast, 'Str'): ast.Str = ast.Constant
/workspace/benchmarks/refactorbench/outputs/workspaces/django_refactor_remove-core-cache-utils_1779821531529/repo/django/_refbench_ast_compat.py:3: DeprecationWarning: ast.Bytes is deprecated and will be removed in Python 3.14; use ast.Constant instead
  if not hasattr(ast, 'Bytes'): ast.Bytes = ast.Constant
/workspace/benchmarks/refactorbench/outputs/workspaces/django_refactor_remove-core-cache-utils_1779821531529/repo/django/_refbench_ast_compat.py:4: DeprecationWarning: ast.Num is deprecated and will be removed in Python 3.14; use ast.Constant instead
  if not hasattr(ast, 'Num'): ast.Num = ast.Constant
/workspace/benchmarks/refactorbench/outputs/workspaces/django_refactor_remove-core-cache-utils_1779821531529/repo/django/_refbench_ast_compat.py:5: DeprecationWarning: ast.NameConstant is deprecated and will be removed in Python 3.14; use ast.Constant instead
  if not hasattr(ast, 'NameConstant'): ast.NameConstant = ast.Constant
FFFFF
======================================================================
FAIL: test_docs_reference_updated (__main__.TestCacheMigration.test_docs_reference_updated)
----------------------------------------------------------------------
Traceback (most recent call last):
  File ""/workspace/benchmarks/refactorbench/tests/django_refactor/core-cache-utils.py"", line 69, in test_docs_reference_updated
    self.assertNotIn(old_reference, docs_content, ""Old reference to 'make_template_fragment_key' found in documentation"")
AssertionError: 'django.core.cache.utils.make_template_fragment_key' unexpectedly found in '========================\nDjango\'s cache framework\n========================\n\nA fundamental trade-off in dynamic websites is, well,"
2026-05-26T19:11:07.648812Z,refbench,benchmark_pipeline_20260526_134819,single-agent,django_refactor,remove-db-models-constants,failed,0,819.59,2026-05-26T19:11:07Z,,,,,,/workspace/benchmarks/refactorbench/outputs/logs/base_single-agent_copilot_openrouter_free/django_refactor_remove-db-models-constants_1779821843659.terminal.txt,/workspace/outputs/platform/home/.copilot/session-state/13f3fdfd-51d4-4af5-b61a-496c1d1e1970/events.jsonl,/workspace/benchmarks/refactorbench/outputs/logs/base_single-agent_copilot_openrouter_free/django_refactor_remove-db-models-constants_1779821843659.response.txt,,19,"/workspace/benchmarks/refactorbench/outputs/workspaces/django_refactor_remove-db-models-constants_1779821843659/repo/django/_refbench_ast_compat.py:2: DeprecationWarning: ast.Str is deprecated and will be removed in Python 3.14; use ast.Constant instead
  if not hasattr(ast, 'Str'): ast.Str = ast.Constant
/workspace/benchmarks/refactorbench/outputs/workspaces/django_refactor_remove-db-models-constants_1779821843659/repo/django/_refbench_ast_compat.py:3: DeprecationWarning: ast.Bytes is deprecated and will be removed in Python 3.14; use ast.Constant instead
  if not hasattr(ast, 'Bytes'): ast.Bytes = ast.Constant
/workspace/benchmarks/refactorbench/outputs/workspaces/django_refactor_remove-db-models-constants_1779821843659/repo/django/_refbench_ast_compat.py:4: DeprecationWarning: ast.Num is deprecated and will be removed in Python 3.14; use ast.Constant instead
  if not hasattr(ast, 'Num'): ast.Num = ast.Constant
/workspace/benchmarks/refactorbench/outputs/workspaces/django_refactor_remove-db-models-constants_1779821843659/repo/django/_refbench_ast_compat.py:5: DeprecationWarning: ast.NameConstant is deprecated and will be removed in Python 3.14; use ast.Constant instead
  if not hasattr(ast, 'NameConstant'): ast.NameConstant = ast.Constant
FFFFFFFFFFFFFFFFFFF
======================================================================
FAIL: test_admin_checks_import (__main__.TestORMConstantsMigration.test_admin_checks_import)
----------------------------------------------------------------------
Traceback (most recent call last):
  File ""/workspace/benchmarks/refactorbench/tests/django_refactor/db-models-constants.py"", line 20, in test_admin_checks_import
    self.assertTrue(imports_updated, f""Imports of 'LOOKUP_SEP' or 'OnConflict' not updated to 'base' in {file_path}"")
AssertionError: False is not true : Imports of 'LOOKUP_SEP' or 'OnConflict' not updated to 'base' in ../django/contrib/admin/checks.py

==================================================================="
2026-05-26T19:13:44.195649Z,refbench,benchmark_pipeline_20260526_134819,single-agent,django_refactor,rename-file-move-safe,timed_out,1,151.95,2026-05-26T19:13:44Z,,,,,,/workspace/benchmarks/refactorbench/outputs/logs/base_single-agent_copilot_openrouter_free/django_refactor_rename-file-move-safe_1779822668032.terminal.txt,/workspace/outputs/platform/home/.copilot/session-state/67d33f09-f03e-4beb-a48d-069da248b4f1/events.jsonl,/workspace/benchmarks/refactorbench/outputs/logs/base_single-agent_copilot_openrouter_free/django_refactor_rename-file-move-safe_1779822668032.response.txt,,6,No repository changes detected from Copilot response.
2026-05-26T19:17:06.834740Z,refbench,benchmark_pipeline_20260526_134819,single-agent,django_refactor,split-parse-apps-and-model-labels,failed,0,198.0,2026-05-26T19:17:06Z,,,,,,/workspace/benchmarks/refactorbench/outputs/logs/base_single-agent_copilot_openrouter_free/django_refactor_split-parse-apps-and-model-labels_1779822824582.terminal.txt,/workspace/outputs/platform/home/.copilot/session-state/1d8f568d-459c-42f4-b2cb-192b0dfee64c/events.jsonl,/workspace/benchmarks/refactorbench/outputs/logs/base_single-agent_copilot_openrouter_free/django_refactor_split-parse-apps-and-model-labels_1779822824582.response.txt,1,5,No repository changes detected from Copilot response.
2026-05-26T19:23:13.076568Z,refbench,benchmark_pipeline_20260526_134819,single-agent,fastapi_refactor,add-log-parameter-generate-option-id-for-path,success,0,362.68,2026-05-26T19:23:13Z,,,,,,/workspace/benchmarks/refactorbench/outputs/logs/base_single-agent_copilot_openrouter_free/fastapi_refactor_add-log-parameter-generate-option-id-for-path_1779823027209.terminal.txt,/workspace/outputs/platform/home/.copilot/session-state/dd91c847-0722-4fa9-9941-cc609a03cbd1/events.jsonl,/workspace/benchmarks/refactorbench/outputs/logs/base_single-agent_copilot_openrouter_free/fastapi_refactor_add-log-parameter-generate-option-id-for-path_1779823027209.response.txt,5,5,"/workspace/benchmarks/refactorbench/outputs/workspaces/fastapi_refactor_add-log-parameter-generate-option-id-for-path_1779823027209/repo/fastapi/_refbench_ast_compat.py:2: DeprecationWarning: ast.Str is deprecated and will be removed in Python 3.14; use ast.Constant instead
  if not hasattr(ast, 'Str'): ast.Str = ast.Constant
/workspace/benchmarks/refactorbench/outputs/workspaces/fastapi_refactor_add-log-parameter-generate-option-id-for-path_1779823027209/repo/fastapi/_refbench_ast_compat.py:3: DeprecationWarning: ast.Bytes is deprecated and will be removed in Python 3.14; use ast.Constant instead
  if not hasattr(ast, 'Bytes'): ast.Bytes = ast.Constant
/workspace/benchmarks/refactorbench/outputs/workspaces/fastapi_refactor_add-log-parameter-generate-option-id-for-path_1779823027209/repo/fastapi/_refbench_ast_compat.py:4: DeprecationWarning: ast.Num is deprecated and will be removed in Python 3.14; use ast.Constant instead
  if not hasattr(ast, 'Num'): ast.Num = ast.Constant
/workspace/benchmarks/refactorbench/outputs/workspaces/fastapi_refactor_add-log-parameter-generate-option-id-for-path_1779823027209/repo/fastapi/_refbench_ast_compat.py:5: DeprecationWarning: ast.NameConstant is deprecated and will be removed in Python 3.14; use ast.Constant instead
  if not hasattr(ast, 'NameConstant'): ast.NameConstant = ast.Constant
.....
----------------------------------------------------------------------
Ran 5 tests in 0.012s

OK
"
2026-05-26T19:26:21.576870Z,refbench,benchmark_pipeline_20260526_134819,single-agent,fastapi_refactor,exception-handlers-to-handlers,failed,0,186.73,2026-05-26T19:26:21Z,,,,,,/workspace/benchmarks/refactorbench/outputs/logs/base_single-agent_copilot_openrouter_free/fastapi_refactor_exception-handlers-to-handlers_1779823393077.terminal.txt,/workspace/outputs/platform/home/.copilot/session-state/c18327e4-b6b8-4fb1-991a-d2af529bf8eb/events.jsonl,/workspace/benchmarks/refactorbench/outputs/logs/base_single-agent_copilot_openrouter_free/fastapi_refactor_exception-handlers-to-handlers_1779823393077.response.txt,9,12,No repository changes detected from Copilot response.
2026-05-26T19:28:18.769634Z,refbench,benchmark_pipeline_20260526_134819,single-agent,fastapi_refactor,get-auth-scheme-param,success,0,115.02,2026-05-26T19:28:18Z,,,,,,/workspace/benchmarks/refactorbench/outputs/logs/base_single-agent_copilot_openrouter_free/fastapi_refactor_get-auth-scheme-param_1779823581949.terminal.txt,/workspace/outputs/platform/home/.copilot/session-state/109bfbdb-b397-4c95-97f8-99853b7d86f3/events.jsonl,/workspace/benchmarks/refactorbench/outputs/logs/base_single-agent_copilot_openrouter_free/fastapi_refactor_get-auth-scheme-param_1779823581949.response.txt,6,6,"/workspace/benchmarks/refactorbench/outputs/workspaces/fastapi_refactor_get-auth-scheme-param_1779823581949/repo/fastapi/_refbench_ast_compat.py:2: DeprecationWarning: ast.Str is deprecated and will be removed in Python 3.14; use ast.Constant instead
  if not hasattr(ast, 'Str'): ast.Str = ast.Constant
/workspace/benchmarks/refactorbench/outputs/workspaces/fastapi_refactor_get-auth-scheme-param_1779823581949/repo/fastapi/_refbench_ast_compat.py:3: DeprecationWarning: ast.Bytes is deprecated and will be removed in Python 3.14; use ast.Constant instead
  if not hasattr(ast, 'Bytes'): ast.Bytes = ast.Constant
/workspace/benchmarks/refactorbench/outputs/workspaces/fastapi_refactor_get-auth-scheme-param_1779823581949/repo/fastapi/_refbench_ast_compat.py:4: DeprecationWarning: ast.Num is deprecated and will be removed in Python 3.14; use ast.Constant instead
  if not hasattr(ast, 'Num'): ast.Num = ast.Constant
/workspace/benchmarks/refactorbench/outputs/workspaces/fastapi_refactor_get-auth-scheme-param_1779823581949/repo/fastapi/_refbench_ast_compat.py:5: DeprecationWarning: ast.NameConstant is deprecated and will be removed in Python 3.14; use ast.Constant instead
  if not hasattr(ast, 'NameConstant'): ast.NameConstant = ast.Constant
......
----------------------------------------------------------------------
Ran 6 tests in 0.002s

OK
"
2026-05-26T19:37:19.955699Z,refbench,benchmark_pipeline_20260526_134819,single-agent,fastapi_refactor,openapi-get-utils,failed,0,539.09,2026-05-26T19:37:19Z,,,,,,/workspace/benchmarks/refactorbench/outputs/logs/base_single-agent_copilot_openrouter_free/fastapi_refactor_openapi-get-utils_1779823699149.terminal.txt,/workspace/outputs/platform/home/.copilot/session-state/27b26170-4e21-4ac1-8267-c282c399184d/events.jsonl,/workspace/benchmarks/refactorbench/outputs/logs/base_single-agent_copilot_openrouter_free/fastapi_refactor_openapi-get-utils_1779823699149.response.txt,4,9,"/workspace/benchmarks/refactorbench/outputs/workspaces/fastapi_refactor_openapi-get-utils_1779823699149/repo/fastapi/_refbench_ast_compat.py:2: DeprecationWarning: ast.Str is deprecated and will be removed in Python 3.14; use ast.Constant instead
  if not hasattr(ast, 'Str'): ast.Str = ast.Constant
/workspace/benchmarks/refactorbench/outputs/workspaces/fastapi_refactor_openapi-get-utils_1779823699149/repo/fastapi/_refbench_ast_compat.py:3: DeprecationWarning: ast.Bytes is deprecated and will be removed in Python 3.14; use ast.Constant instead
  if not hasattr(ast, 'Bytes'): ast.Bytes = ast.Constant
/workspace/benchmarks/refactorbench/outputs/workspaces/fastapi_refactor_openapi-get-utils_1779823699149/repo/fastapi/_refbench_ast_compat.py:4: DeprecationWarning: ast.Num is deprecated and will be removed in Python 3.14; use ast.Constant instead
  if not hasattr(ast, 'Num'): ast.Num = ast.Constant
/workspace/benchmarks/refactorbench/outputs/workspaces/fastapi_refactor_openapi-get-utils_1779823699149/repo/fastapi/_refbench_ast_compat.py:5: DeprecationWarning: ast.NameConstant is deprecated and will be removed in Python 3.14; use ast.Constant instead
  if not hasattr(ast, 'NameConstant'): ast.NameConstant = ast.Constant
.FFF/workspace/benchmarks/refactorbench/tests/fastapi_refactor/openapi-get-utils-test.py:42: DeprecationWarning: ast.Str is deprecated and will be removed in Python 3.14; use ast.Constant instead
  isinstance(body_node.value.args[0], ast.Str) and
/workspace/benchmarks/refactorbench/tests/fastapi_refactor/openapi-get-utils-test.py:44: DeprecationWarning: Attribute s is deprecated and will be removed in Python 3.14; use value instead
  ""it is not used internally, and will be removed soon"" in body_node.value.args[0].s):
F.F..
======================================================================
FAIL: test_extending_openapi_md_de_docs (__main__.TestFastAPIGetUtils.test_extending_openapi_md_de_docs)
--------------------------------------------------------------"
2026-05-26T19:47:39.220077Z,refbench,benchmark_pipeline_20260526_134819,single-agent,fastapi_refactor,params-to-param,failed,0,617.04,2026-05-26T19:47:39Z,,,,,,/workspace/benchmarks/refactorbench/outputs/logs/base_single-agent_copilot_openrouter_free/fastapi_refactor_params-to-param_1779824240335.terminal.txt,/workspace/outputs/platform/home/.copilot/session-state/6e65f358-3550-463c-8cf2-73c0ff3ccb1f/events.jsonl,/workspace/benchmarks/refactorbench/outputs/logs/base_single-agent_copilot_openrouter_free/fastapi_refactor_params-to-param_1779824240335.response.txt,10,22,"/workspace/benchmarks/refactorbench/outputs/workspaces/fastapi_refactor_params-to-param_1779824240335/repo/fastapi/_refbench_ast_compat.py:2: DeprecationWarning: ast.Str is deprecated and will be removed in Python 3.14; use ast.Constant instead
  if not hasattr(ast, 'Str'): ast.Str = ast.Constant
/workspace/benchmarks/refactorbench/outputs/workspaces/fastapi_refactor_params-to-param_1779824240335/repo/fastapi/_refbench_ast_compat.py:3: DeprecationWarning: ast.Bytes is deprecated and will be removed in Python 3.14; use ast.Constant instead
  if not hasattr(ast, 'Bytes'): ast.Bytes = ast.Constant
/workspace/benchmarks/refactorbench/outputs/workspaces/fastapi_refactor_params-to-param_1779824240335/repo/fastapi/_refbench_ast_compat.py:4: DeprecationWarning: ast.Num is deprecated and will be removed in Python 3.14; use ast.Constant instead
  if not hasattr(ast, 'Num'): ast.Num = ast.Constant
/workspace/benchmarks/refactorbench/outputs/workspaces/fastapi_refactor_params-to-param_1779824240335/repo/fastapi/_refbench_ast_compat.py:5: DeprecationWarning: ast.NameConstant is deprecated and will be removed in Python 3.14; use ast.Constant instead
  if not hasattr(ast, 'NameConstant'): ast.NameConstant = ast.Constant
.....FFFFFFFFFFFF.....
======================================================================
FAIL: test_no_params_import_in_applications (__main__.TestFastAPIImportRefactor.test_no_params_import_in_applications)
----------------------------------------------------------------------
Traceback (most recent call last):
  File ""/workspace/benchmarks/refactorbench/tests/fastapi_refactor/params-to-param-test.py"", line 215, in test_no_params_import_in_applications
    self.fail(""'from fastapi.params import' should not be used in applications.py"")
AssertionError: 'from fastapi.params import' should not be used in applications.py

======================================================================
FAIL: test_no_params_import_in_compat (__main__.TestFastAPIImportRefactor"
2026-05-26T19:52:13.431718Z,refbench,benchmark_pipeline_20260526_134819,single-agent,fastapi_refactor,value-is-a-sequence,failed,0,272.06,2026-05-26T19:52:13Z,,,,,,/workspace/benchmarks/refactorbench/outputs/logs/base_single-agent_copilot_openrouter_free/fastapi_refactor_value-is-a-sequence_1779824859597.terminal.txt,/workspace/outputs/platform/home/.copilot/session-state/036488c7-a292-481d-8081-7ebeb9aa88f2/events.jsonl,/workspace/benchmarks/refactorbench/outputs/logs/base_single-agent_copilot_openrouter_free/fastapi_refactor_value-is-a-sequence_1779824859597.response.txt,4,5,"/workspace/benchmarks/refactorbench/outputs/workspaces/fastapi_refactor_value-is-a-sequence_1779824859597/repo/fastapi/_refbench_ast_compat.py:2: DeprecationWarning: ast.Str is deprecated and will be removed in Python 3.14; use ast.Constant instead
  if not hasattr(ast, 'Str'): ast.Str = ast.Constant
/workspace/benchmarks/refactorbench/outputs/workspaces/fastapi_refactor_value-is-a-sequence_1779824859597/repo/fastapi/_refbench_ast_compat.py:3: DeprecationWarning: ast.Bytes is deprecated and will be removed in Python 3.14; use ast.Constant instead
  if not hasattr(ast, 'Bytes'): ast.Bytes = ast.Constant
/workspace/benchmarks/refactorbench/outputs/workspaces/fastapi_refactor_value-is-a-sequence_1779824859597/repo/fastapi/_refbench_ast_compat.py:4: DeprecationWarning: ast.Num is deprecated and will be removed in Python 3.14; use ast.Constant instead
  if not hasattr(ast, 'Num'): ast.Num = ast.Constant
/workspace/benchmarks/refactorbench/outputs/workspaces/fastapi_refactor_value-is-a-sequence_1779824859597/repo/fastapi/_refbench_ast_compat.py:5: DeprecationWarning: ast.NameConstant is deprecated and will be removed in Python 3.14; use ast.Constant instead
  if not hasattr(ast, 'NameConstant'): ast.NameConstant = ast.Constant
.F...
======================================================================
FAIL: test_import_value_is_a_sequence_in_utils (__main__.TestFastAPICompatUtils.test_import_value_is_a_sequence_in_utils)
----------------------------------------------------------------------
Traceback (most recent call last):
  File ""/workspace/benchmarks/refactorbench/tests/fastapi_refactor/value-is-a-sequence-test.py"", line 75, in test_import_value_is_a_sequence_in_utils
    self.assertTrue(import_found, ""'value_is_a_sequence' not imported from 'fastapi._compat' in dependencies/utils.py"")
AssertionError: False is not true : 'value_is_a_sequence' not imported from 'fastapi._compat' in dependencies/utils.py

----------------------------------------------------------------"
2026-05-26T19:56:18.882318Z,refbench,benchmark_pipeline_20260526_134819,single-agent,flask_refactor,add-log-parameter-get-debug-flag,failed,0,244.59,2026-05-26T19:56:18Z,,,,,,/workspace/benchmarks/refactorbench/outputs/logs/base_single-agent_copilot_openrouter_free/flask_refactor_add-log-parameter-get-debug-flag_1779825133640.terminal.txt,/workspace/outputs/platform/home/.copilot/session-state/0c50b4e5-27a8-4914-9ce1-1975c016f8c3/events.jsonl,/workspace/benchmarks/refactorbench/outputs/logs/base_single-agent_copilot_openrouter_free/flask_refactor_add-log-parameter-get-debug-flag_1779825133640.response.txt,6,7,"/workspace/benchmarks/refactorbench/outputs/workspaces/flask_refactor_add-log-parameter-get-debug-flag_1779825133640/repo/src/_refbench_ast_compat.py:2: DeprecationWarning: ast.Str is deprecated and will be removed in Python 3.14; use ast.Constant instead
  if not hasattr(ast, 'Str'): ast.Str = ast.Constant
/workspace/benchmarks/refactorbench/outputs/workspaces/flask_refactor_add-log-parameter-get-debug-flag_1779825133640/repo/src/_refbench_ast_compat.py:3: DeprecationWarning: ast.Bytes is deprecated and will be removed in Python 3.14; use ast.Constant instead
  if not hasattr(ast, 'Bytes'): ast.Bytes = ast.Constant
/workspace/benchmarks/refactorbench/outputs/workspaces/flask_refactor_add-log-parameter-get-debug-flag_1779825133640/repo/src/_refbench_ast_compat.py:4: DeprecationWarning: ast.Num is deprecated and will be removed in Python 3.14; use ast.Constant instead
  if not hasattr(ast, 'Num'): ast.Num = ast.Constant
/workspace/benchmarks/refactorbench/outputs/workspaces/flask_refactor_add-log-parameter-get-debug-flag_1779825133640/repo/src/_refbench_ast_compat.py:5: DeprecationWarning: ast.NameConstant is deprecated and will be removed in Python 3.14; use ast.Constant instead
  if not hasattr(ast, 'NameConstant'): ast.NameConstant = ast.Constant
......F
======================================================================
FAIL: test_logging_import_in_helpers (__main__.TestHelpersFunctions.test_logging_import_in_helpers)
Test if logging is imported in helpers.py.
----------------------------------------------------------------------
Traceback (most recent call last):
  File ""/workspace/benchmarks/refactorbench/tests/flask_refactor/add-log-parameter-get-debug-flag-test.py"", line 28, in test_logging_import_in_helpers
    self.assertTrue(import_found, ""'logging' not imported in helpers.py"")
AssertionError: False is not true : 'logging' not imported in helpers.py

----------------------------------------------------------------------
Ran 7 tests in 0.034s

FAILED (fa"
2026-05-26T20:02:39.930948Z,refbench,benchmark_pipeline_20260526_134819,single-agent,flask_refactor,add-log-parameter-get-flashed-messages,failed,0,380.36,2026-05-26T20:02:39Z,,,,,,/workspace/benchmarks/refactorbench/outputs/logs/base_single-agent_copilot_openrouter_free/flask_refactor_add-log-parameter-get-flashed-messages_1779825379095.terminal.txt,/workspace/outputs/platform/home/.copilot/session-state/9436a003-07b4-4cc8-9607-dedc9d34da67/events.jsonl,/workspace/benchmarks/refactorbench/outputs/logs/base_single-agent_copilot_openrouter_free/flask_refactor_add-log-parameter-get-flashed-messages_1779825379095.response.txt,2,3,"/workspace/benchmarks/refactorbench/outputs/workspaces/flask_refactor_add-log-parameter-get-flashed-messages_1779825379095/repo/src/_refbench_ast_compat.py:2: DeprecationWarning: ast.Str is deprecated and will be removed in Python 3.14; use ast.Constant instead
  if not hasattr(ast, 'Str'): ast.Str = ast.Constant
/workspace/benchmarks/refactorbench/outputs/workspaces/flask_refactor_add-log-parameter-get-flashed-messages_1779825379095/repo/src/_refbench_ast_compat.py:3: DeprecationWarning: ast.Bytes is deprecated and will be removed in Python 3.14; use ast.Constant instead
  if not hasattr(ast, 'Bytes'): ast.Bytes = ast.Constant
/workspace/benchmarks/refactorbench/outputs/workspaces/flask_refactor_add-log-parameter-get-flashed-messages_1779825379095/repo/src/_refbench_ast_compat.py:4: DeprecationWarning: ast.Num is deprecated and will be removed in Python 3.14; use ast.Constant instead
  if not hasattr(ast, 'Num'): ast.Num = ast.Constant
/workspace/benchmarks/refactorbench/outputs/workspaces/flask_refactor_add-log-parameter-get-flashed-messages_1779825379095/repo/src/_refbench_ast_compat.py:5: DeprecationWarning: ast.NameConstant is deprecated and will be removed in Python 3.14; use ast.Constant instead
  if not hasattr(ast, 'NameConstant'): ast.NameConstant = ast.Constant
F..
======================================================================
FAIL: test_get_flashed_messages_calls_in_test_basic (__main__.TestHelpersFunctions.test_get_flashed_messages_calls_in_test_basic)
----------------------------------------------------------------------
Traceback (most recent call last):
  File ""/workspace/benchmarks/refactorbench/tests/flask_refactor/add-log-parameter-get-flashed-messages-test.py"", line 73, in test_get_flashed_messages_calls_in_test_basic
    self.assertTrue(call_log_true_found, ""Not all calls to 'flask.get_flashed_messages' have 'log=True' in test_basic.py"")
AssertionError: False is not true : Not all calls to 'flask.get_flashed_messages' have 'log=True' in "
2026-05-26T20:02:56.913911Z,refbench,benchmark_pipeline_20260526_134819,single-agent,flask_refactor,debughelpers-to-helpers.py,timed_out,1,16.25,2026-05-26T20:02:56Z,,,,,,/workspace/benchmarks/refactorbench/outputs/logs/base_single-agent_copilot_openrouter_free/flask_refactor_debughelpers-to-helpers.py_1779825760136.terminal.txt,/workspace/outputs/platform/home/.copilot/session-state/9436a003-07b4-4cc8-9607-dedc9d34da67/events.jsonl,/workspace/benchmarks/refactorbench/outputs/logs/base_single-agent_copilot_openrouter_free/flask_refactor_debughelpers-to-helpers.py_1779825760136.response.txt,,5,No repository changes detected from Copilot response.
2026-05-26T20:06:58.499546Z,refbench,benchmark_pipeline_20260526_134819,single-agent,flask_refactor,rename-send-from-directory,failed,0,240.69,2026-05-26T20:06:58Z,,,,,,/workspace/benchmarks/refactorbench/outputs/logs/base_single-agent_copilot_openrouter_free/flask_refactor_rename-send-from-directory_1779825777217.terminal.txt,/workspace/outputs/platform/home/.copilot/session-state/7319d656-1ccf-4bd2-958f-85eea0b31085/events.jsonl,/workspace/benchmarks/refactorbench/outputs/logs/base_single-agent_copilot_openrouter_free/flask_refactor_rename-send-from-directory_1779825777217.response.txt,1,4,"/workspace/benchmarks/refactorbench/outputs/workspaces/flask_refactor_rename-send-from-directory_1779825777217/repo/src/_refbench_ast_compat.py:2: DeprecationWarning: ast.Str is deprecated and will be removed in Python 3.14; use ast.Constant instead
  if not hasattr(ast, 'Str'): ast.Str = ast.Constant
/workspace/benchmarks/refactorbench/outputs/workspaces/flask_refactor_rename-send-from-directory_1779825777217/repo/src/_refbench_ast_compat.py:3: DeprecationWarning: ast.Bytes is deprecated and will be removed in Python 3.14; use ast.Constant instead
  if not hasattr(ast, 'Bytes'): ast.Bytes = ast.Constant
/workspace/benchmarks/refactorbench/outputs/workspaces/flask_refactor_rename-send-from-directory_1779825777217/repo/src/_refbench_ast_compat.py:4: DeprecationWarning: ast.Num is deprecated and will be removed in Python 3.14; use ast.Constant instead
  if not hasattr(ast, 'Num'): ast.Num = ast.Constant
/workspace/benchmarks/refactorbench/outputs/workspaces/flask_refactor_rename-send-from-directory_1779825777217/repo/src/_refbench_ast_compat.py:5: DeprecationWarning: ast.NameConstant is deprecated and will be removed in Python 3.14; use ast.Constant instead
  if not hasattr(ast, 'NameConstant'): ast.NameConstant = ast.Constant
.FFF
======================================================================
FAIL: test_send_from_directory_helper_import_in_app (__main__.TestHelpersFunctions.test_send_from_directory_helper_import_in_app)
----------------------------------------------------------------------
Traceback (most recent call last):
  File ""/workspace/benchmarks/refactorbench/tests/flask_refactor/rename-send-from-directory-test.py"", line 59, in test_send_from_directory_helper_import_in_app
    self.assertTrue(import_found, ""Import 'send_from_directory_helper' not found in app.py"")
AssertionError: False is not true : Import 'send_from_directory_helper' not found in app.py

======================================================================
FAIL: test_send_from_direc"
2026-05-26T20:09:50.560786Z,refbench,benchmark_pipeline_20260526_134819,single-agent,flask_refactor,render-template-str,failed,0,171.36,2026-05-26T20:09:50Z,,,,,,/workspace/benchmarks/refactorbench/outputs/logs/base_single-agent_copilot_openrouter_free/flask_refactor_render-template-str_1779826018710.terminal.txt,/workspace/outputs/platform/home/.copilot/session-state/57682512-0881-4802-973c-32b2f903fe44/events.jsonl,/workspace/benchmarks/refactorbench/outputs/logs/base_single-agent_copilot_openrouter_free/flask_refactor_render-template-str_1779826018710.response.txt,4,10,"/workspace/benchmarks/refactorbench/outputs/workspaces/flask_refactor_render-template-str_1779826018710/repo/src/_refbench_ast_compat.py:2: DeprecationWarning: ast.Str is deprecated and will be removed in Python 3.14; use ast.Constant instead
  if not hasattr(ast, 'Str'): ast.Str = ast.Constant
/workspace/benchmarks/refactorbench/outputs/workspaces/flask_refactor_render-template-str_1779826018710/repo/src/_refbench_ast_compat.py:3: DeprecationWarning: ast.Bytes is deprecated and will be removed in Python 3.14; use ast.Constant instead
  if not hasattr(ast, 'Bytes'): ast.Bytes = ast.Constant
/workspace/benchmarks/refactorbench/outputs/workspaces/flask_refactor_render-template-str_1779826018710/repo/src/_refbench_ast_compat.py:4: DeprecationWarning: ast.Num is deprecated and will be removed in Python 3.14; use ast.Constant instead
  if not hasattr(ast, 'Num'): ast.Num = ast.Constant
/workspace/benchmarks/refactorbench/outputs/workspaces/flask_refactor_render-template-str_1779826018710/repo/src/_refbench_ast_compat.py:5: DeprecationWarning: ast.NameConstant is deprecated and will be removed in Python 3.14; use ast.Constant instead
  if not hasattr(ast, 'NameConstant'): ast.NameConstant = ast.Constant
.F..F.FFFF
======================================================================
FAIL: test_render_template_str_call_in_test_templating (__main__.TestHelpersFunctions.test_render_template_str_call_in_test_templating)
----------------------------------------------------------------------
Traceback (most recent call last):
  File ""/workspace/benchmarks/refactorbench/tests/flask_refactor/render-template-str-test.py"", line 74, in test_render_template_str_call_in_test_templating
    self.assertTrue(correct_call_found, ""Call to 'flask.render_template_string' not found in test_templating.py"")
AssertionError: False is not true : Call to 'flask.render_template_string' not found in test_templating.py

======================================================================
FAIL: test"
2026-05-26T20:12:59.170166Z,refbench,benchmark_pipeline_20260526_134819,single-agent,flask_refactor,stream-template-str,failed,0,187.93,2026-05-26T20:12:59Z,,,,,,/workspace/benchmarks/refactorbench/outputs/logs/base_single-agent_copilot_openrouter_free/flask_refactor_stream-template-str_1779826190776.terminal.txt,/workspace/outputs/platform/home/.copilot/session-state/b6a8b9aa-0176-4085-a5a2-749d14bb1946/events.jsonl,/workspace/benchmarks/refactorbench/outputs/logs/base_single-agent_copilot_openrouter_free/flask_refactor_stream-template-str_1779826190776.response.txt,3,4,"/workspace/benchmarks/refactorbench/outputs/workspaces/flask_refactor_stream-template-str_1779826190776/repo/src/_refbench_ast_compat.py:2: DeprecationWarning: ast.Str is deprecated and will be removed in Python 3.14; use ast.Constant instead
  if not hasattr(ast, 'Str'): ast.Str = ast.Constant
/workspace/benchmarks/refactorbench/outputs/workspaces/flask_refactor_stream-template-str_1779826190776/repo/src/_refbench_ast_compat.py:3: DeprecationWarning: ast.Bytes is deprecated and will be removed in Python 3.14; use ast.Constant instead
  if not hasattr(ast, 'Bytes'): ast.Bytes = ast.Constant
/workspace/benchmarks/refactorbench/outputs/workspaces/flask_refactor_stream-template-str_1779826190776/repo/src/_refbench_ast_compat.py:4: DeprecationWarning: ast.Num is deprecated and will be removed in Python 3.14; use ast.Constant instead
  if not hasattr(ast, 'Num'): ast.Num = ast.Constant
/workspace/benchmarks/refactorbench/outputs/workspaces/flask_refactor_stream-template-str_1779826190776/repo/src/_refbench_ast_compat.py:5: DeprecationWarning: ast.NameConstant is deprecated and will be removed in Python 3.14; use ast.Constant instead
  if not hasattr(ast, 'NameConstant'): ast.NameConstant = ast.Constant
.F..
======================================================================
FAIL: test_import_in_init (__main__.TestHelpersFunctions.test_import_in_init)
----------------------------------------------------------------------
Traceback (most recent call last):
  File ""/workspace/benchmarks/refactorbench/tests/flask_refactor/stream-template-str-test.py"", line 52, in test_import_in_init
    self.assertTrue(import_found, ""Import 'from .templating import stream_template_str as stream_template_string' not found in __init__.py"")
AssertionError: False is not true : Import 'from .templating import stream_template_str as stream_template_string' not found in __init__.py

----------------------------------------------------------------------
Ran 4 tests in 0.010s

FAILED (failures=1)
"
2026-05-26T20:19:36.517307Z,refbench,benchmark_pipeline_20260526_134819,single-agent,requests_refactor,add-log-parameter-get-encoding-from-headers,failed,0,396.69,2026-05-26T20:19:36Z,,,,,,/workspace/benchmarks/refactorbench/outputs/logs/base_single-agent_copilot_openrouter_free/requests_refactor_add-log-parameter-get-encoding-from-headers_1779826379203.terminal.txt,/workspace/outputs/platform/home/.copilot/session-state/8e2d02fc-ac05-42fb-a4b6-d074f6e257f7/events.jsonl,/workspace/benchmarks/refactorbench/outputs/logs/base_single-agent_copilot_openrouter_free/requests_refactor_add-log-parameter-get-encoding-from-headers_1779826379203.response.txt,2,3,"/workspace/benchmarks/refactorbench/outputs/workspaces/requests_refactor_add-log-parameter-get-encoding-from-headers_1779826379203/repo/src/_refbench_ast_compat.py:2: DeprecationWarning: ast.Str is deprecated and will be removed in Python 3.14; use ast.Constant instead
  if not hasattr(ast, 'Str'): ast.Str = ast.Constant
/workspace/benchmarks/refactorbench/outputs/workspaces/requests_refactor_add-log-parameter-get-encoding-from-headers_1779826379203/repo/src/_refbench_ast_compat.py:3: DeprecationWarning: ast.Bytes is deprecated and will be removed in Python 3.14; use ast.Constant instead
  if not hasattr(ast, 'Bytes'): ast.Bytes = ast.Constant
/workspace/benchmarks/refactorbench/outputs/workspaces/requests_refactor_add-log-parameter-get-encoding-from-headers_1779826379203/repo/src/_refbench_ast_compat.py:4: DeprecationWarning: ast.Num is deprecated and will be removed in Python 3.14; use ast.Constant instead
  if not hasattr(ast, 'Num'): ast.Num = ast.Constant
/workspace/benchmarks/refactorbench/outputs/workspaces/requests_refactor_add-log-parameter-get-encoding-from-headers_1779826379203/repo/src/_refbench_ast_compat.py:5: DeprecationWarning: ast.NameConstant is deprecated and will be removed in Python 3.14; use ast.Constant instead
  if not hasattr(ast, 'NameConstant'): ast.NameConstant = ast.Constant
..F
======================================================================
FAIL: test_log_param_in_function_call_false (__main__.TestFunctionParameter.test_log_param_in_function_call_false)
----------------------------------------------------------------------
Traceback (most recent call last):
  File ""/workspace/benchmarks/refactorbench/tests/requests_refactor/get-encoding-from-headers.py"", line 83, in test_log_param_in_function_call_false
    self.assertTrue(log_param_set_to_true, ""Function 'get_encoding_from_headers' is called without 'log=False' in the function call in tests"")
AssertionError: False is not true : Function 'get_encoding_from_headers' is called with"
2026-05-26T20:22:17.286371Z,refbench,benchmark_pipeline_20260526_134819,single-agent,requests_refactor,add-log-parameter-resolve-proxies,failed,0,160.22,2026-05-26T20:22:17Z,,,,,,/workspace/benchmarks/refactorbench/outputs/logs/base_single-agent_copilot_openrouter_free/requests_refactor_add-log-parameter-resolve-proxies_1779826776549.terminal.txt,/workspace/outputs/platform/home/.copilot/session-state/aef18014-57d2-4892-9e25-b1b7bb58bf84/events.jsonl,/workspace/benchmarks/refactorbench/outputs/logs/base_single-agent_copilot_openrouter_free/requests_refactor_add-log-parameter-resolve-proxies_1779826776549.response.txt,1,2,"/workspace/benchmarks/refactorbench/outputs/workspaces/requests_refactor_add-log-parameter-resolve-proxies_1779826776549/repo/src/_refbench_ast_compat.py:2: DeprecationWarning: ast.Str is deprecated and will be removed in Python 3.14; use ast.Constant instead
  if not hasattr(ast, 'Str'): ast.Str = ast.Constant
/workspace/benchmarks/refactorbench/outputs/workspaces/requests_refactor_add-log-parameter-resolve-proxies_1779826776549/repo/src/_refbench_ast_compat.py:3: DeprecationWarning: ast.Bytes is deprecated and will be removed in Python 3.14; use ast.Constant instead
  if not hasattr(ast, 'Bytes'): ast.Bytes = ast.Constant
/workspace/benchmarks/refactorbench/outputs/workspaces/requests_refactor_add-log-parameter-resolve-proxies_1779826776549/repo/src/_refbench_ast_compat.py:4: DeprecationWarning: ast.Num is deprecated and will be removed in Python 3.14; use ast.Constant instead
  if not hasattr(ast, 'Num'): ast.Num = ast.Constant
/workspace/benchmarks/refactorbench/outputs/workspaces/requests_refactor_add-log-parameter-resolve-proxies_1779826776549/repo/src/_refbench_ast_compat.py:5: DeprecationWarning: ast.NameConstant is deprecated and will be removed in Python 3.14; use ast.Constant instead
  if not hasattr(ast, 'NameConstant'): ast.NameConstant = ast.Constant
F.
======================================================================
FAIL: test_log_param_in_resolve_proxies_call (__main__.TestFunctionParameter.test_log_param_in_resolve_proxies_call)
----------------------------------------------------------------------
Traceback (most recent call last):
  File ""/workspace/benchmarks/refactorbench/tests/requests_refactor/resolve-proxies.py"", line 57, in test_log_param_in_resolve_proxies_call
    self.assertTrue(log_param_set_to_true, ""Function 'resolve_proxies' is called without 'log=True' in the function call"")
AssertionError: False is not true : Function 'resolve_proxies' is called without 'log=True' in the function call

-----------------------------------------"
2026-05-26T20:25:33.676574Z,refbench,benchmark_pipeline_20260526_134819,single-agent,requests_refactor,add-log-parameter-select-proxy,failed,0,195.84,2026-05-26T20:25:33Z,,,,,,/workspace/benchmarks/refactorbench/outputs/logs/base_single-agent_copilot_openrouter_free/requests_refactor_add-log-parameter-select-proxy_1779826937317.terminal.txt,/workspace/outputs/platform/home/.copilot/session-state/c1927e70-a7e4-469b-b4d8-9645ad9bb2db/events.jsonl,/workspace/benchmarks/refactorbench/outputs/logs/base_single-agent_copilot_openrouter_free/requests_refactor_add-log-parameter-select-proxy_1779826937317.response.txt,,2,No repository changes detected from Copilot response.
2026-05-26T20:27:22.852592Z,refbench,benchmark_pipeline_20260526_134819,single-agent,requests_refactor,combine-from-key-to-key,timed_out,1,108.57,2026-05-26T20:27:22Z,,,,,,/workspace/benchmarks/refactorbench/outputs/logs/base_single-agent_copilot_openrouter_free/requests_refactor_combine-from-key-to-key_1779827133707.terminal.txt,/workspace/outputs/platform/home/.copilot/session-state/9e123172-4734-42b0-9cfe-0666a49b07f0/events.jsonl,/workspace/benchmarks/refactorbench/outputs/logs/base_single-agent_copilot_openrouter_free/requests_refactor_combine-from-key-to-key_1779827133707.response.txt,1,5,No repository changes detected from Copilot response.
2026-05-26T20:44:08.922267Z,refbench,benchmark_pipeline_20260526_134819,single-agent,requests_refactor,combine-internal-utils-utils,failed,0,1005.52,2026-05-26T20:44:08Z,,,,,,/workspace/benchmarks/refactorbench/outputs/logs/base_single-agent_copilot_openrouter_free/requests_refactor_combine-internal-utils-utils_1779827242884.terminal.txt,/workspace/outputs/platform/home/.copilot/session-state/bfd916b7-301a-4bd4-a203-4e672fdfede8/events.jsonl,/workspace/benchmarks/refactorbench/outputs/logs/base_single-agent_copilot_openrouter_free/requests_refactor_combine-internal-utils-utils_1779827242884.response.txt,5,7,"/workspace/benchmarks/refactorbench/outputs/workspaces/requests_refactor_combine-internal-utils-utils_1779827242884/repo/src/_refbench_ast_compat.py:2: DeprecationWarning: ast.Str is deprecated and will be removed in Python 3.14; use ast.Constant instead
  if not hasattr(ast, 'Str'): ast.Str = ast.Constant
/workspace/benchmarks/refactorbench/outputs/workspaces/requests_refactor_combine-internal-utils-utils_1779827242884/repo/src/_refbench_ast_compat.py:3: DeprecationWarning: ast.Bytes is deprecated and will be removed in Python 3.14; use ast.Constant instead
  if not hasattr(ast, 'Bytes'): ast.Bytes = ast.Constant
/workspace/benchmarks/refactorbench/outputs/workspaces/requests_refactor_combine-internal-utils-utils_1779827242884/repo/src/_refbench_ast_compat.py:4: DeprecationWarning: ast.Num is deprecated and will be removed in Python 3.14; use ast.Constant instead
  if not hasattr(ast, 'Num'): ast.Num = ast.Constant
/workspace/benchmarks/refactorbench/outputs/workspaces/requests_refactor_combine-internal-utils-utils_1779827242884/repo/src/_refbench_ast_compat.py:5: DeprecationWarning: ast.NameConstant is deprecated and will be removed in Python 3.14; use ast.Constant instead
  if not hasattr(ast, 'NameConstant'): ast.NameConstant = ast.Constant
..FF...
======================================================================
FAIL: test_internal_utils_py_not_a_file (__main__.TestCacheMigration.test_internal_utils_py_not_a_file)
----------------------------------------------------------------------
Traceback (most recent call last):
  File ""/workspace/benchmarks/refactorbench/tests/requests_refactor/internal-utils-utils.py"", line 15, in test_internal_utils_py_not_a_file
    self.assertFalse(os.path.isfile(file_path), f""{file_path} is still a file"")
AssertionError: True is not false : ../src/requests/_internal_utils.py is still a file

======================================================================
FAIL: test_internal_utils_py_removed (__main__.TestCacheMigration.t"
2026-05-26T20:47:16.068992Z,refbench,benchmark_pipeline_20260526_134819,single-agent,requests_refactor,move-hooks-sessions,timed_out,1,186.55,2026-05-26T20:47:16Z,,,,,,/workspace/benchmarks/refactorbench/outputs/logs/base_single-agent_copilot_openrouter_free/requests_refactor_move-hooks-sessions_1779828248954.terminal.txt,/workspace/outputs/platform/home/.copilot/session-state/b3340c8b-8529-46de-bf4f-68ceac3cc126/events.jsonl,/workspace/benchmarks/refactorbench/outputs/logs/base_single-agent_copilot_openrouter_free/requests_refactor_move-hooks-sessions_1779828248954.response.txt,1,7,No repository changes detected from Copilot response.
2026-05-26T20:50:16.391921Z,refbench,benchmark_pipeline_20260526_134819,single-agent,requests_refactor,new-cookie-utils-class,failed,0,179.73,2026-05-26T20:50:16Z,,,,,,/workspace/benchmarks/refactorbench/outputs/logs/base_single-agent_copilot_openrouter_free/requests_refactor_new-cookie-utils-class_1779828436089.terminal.txt,/workspace/outputs/platform/home/.copilot/session-state/b6da1c0c-fde9-4cbe-bdbc-48744ee2ad1a/events.jsonl,/workspace/benchmarks/refactorbench/outputs/logs/base_single-agent_copilot_openrouter_free/requests_refactor_new-cookie-utils-class_1779828436089.response.txt,,4,"/workspace/benchmarks/refactorbench/outputs/workspaces/requests_refactor_new-cookie-utils-class_1779828436089/repo/src/_refbench_ast_compat.py:2: DeprecationWarning: ast.Str is deprecated and will be removed in Python 3.14; use ast.Constant instead
  if not hasattr(ast, 'Str'): ast.Str = ast.Constant
/workspace/benchmarks/refactorbench/outputs/workspaces/requests_refactor_new-cookie-utils-class_1779828436089/repo/src/_refbench_ast_compat.py:3: DeprecationWarning: ast.Bytes is deprecated and will be removed in Python 3.14; use ast.Constant instead
  if not hasattr(ast, 'Bytes'): ast.Bytes = ast.Constant
/workspace/benchmarks/refactorbench/outputs/workspaces/requests_refactor_new-cookie-utils-class_1779828436089/repo/src/_refbench_ast_compat.py:4: DeprecationWarning: ast.Num is deprecated and will be removed in Python 3.14; use ast.Constant instead
  if not hasattr(ast, 'Num'): ast.Num = ast.Constant
/workspace/benchmarks/refactorbench/outputs/workspaces/requests_refactor_new-cookie-utils-class_1779828436089/repo/src/_refbench_ast_compat.py:5: DeprecationWarning: ast.NameConstant is deprecated and will be removed in Python 3.14; use ast.Constant instead
  if not hasattr(ast, 'NameConstant'): ast.NameConstant = ast.Constant
.FFFFFF.
======================================================================
FAIL: test_file_imports_cookie_utils (__main__.TestCookieUtilsMigration.test_file_imports_cookie_utils) (test_file_path='../src/requests/adapters.py')
----------------------------------------------------------------------
Traceback (most recent call last):
  File ""/workspace/benchmarks/refactorbench/tests/requests_refactor/cookie-utils.py"", line 89, in test_file_imports_cookie_utils
    self.assertTrue(import_found, f""Import 'from requests.cookies import CookieUtils' not found in {test_file_path}"")
AssertionError: False is not true : Import 'from requests.cookies import CookieUtils' not found in ../src/requests/adapters.py

==============================================="
2026-05-26T20:53:14.544796Z,refbench,benchmark_pipeline_20260526_134819,single-agent,requests_refactor,rename-lookup-dict-dict-lookup,failed,0,177.63,2026-05-26T20:53:14Z,,,,,,/workspace/benchmarks/refactorbench/outputs/logs/base_single-agent_copilot_openrouter_free/requests_refactor_rename-lookup-dict-dict-lookup_1779828616411.terminal.txt,/workspace/outputs/platform/home/.copilot/session-state/895cce42-ab77-4732-9e9a-7a64714b8609/events.jsonl,/workspace/benchmarks/refactorbench/outputs/logs/base_single-agent_copilot_openrouter_free/requests_refactor_rename-lookup-dict-dict-lookup_1779828616411.response.txt,4,7,"/workspace/benchmarks/refactorbench/outputs/workspaces/requests_refactor_rename-lookup-dict-dict-lookup_1779828616411/repo/src/_refbench_ast_compat.py:2: DeprecationWarning: ast.Str is deprecated and will be removed in Python 3.14; use ast.Constant instead
  if not hasattr(ast, 'Str'): ast.Str = ast.Constant
/workspace/benchmarks/refactorbench/outputs/workspaces/requests_refactor_rename-lookup-dict-dict-lookup_1779828616411/repo/src/_refbench_ast_compat.py:3: DeprecationWarning: ast.Bytes is deprecated and will be removed in Python 3.14; use ast.Constant instead
  if not hasattr(ast, 'Bytes'): ast.Bytes = ast.Constant
/workspace/benchmarks/refactorbench/outputs/workspaces/requests_refactor_rename-lookup-dict-dict-lookup_1779828616411/repo/src/_refbench_ast_compat.py:4: DeprecationWarning: ast.Num is deprecated and will be removed in Python 3.14; use ast.Constant instead
  if not hasattr(ast, 'Num'): ast.Num = ast.Constant
/workspace/benchmarks/refactorbench/outputs/workspaces/requests_refactor_rename-lookup-dict-dict-lookup_1779828616411/repo/src/_refbench_ast_compat.py:5: DeprecationWarning: ast.NameConstant is deprecated and will be removed in Python 3.14; use ast.Constant instead
  if not hasattr(ast, 'NameConstant'): ast.NameConstant = ast.Constant
.F...FF
======================================================================
FAIL: test_DictLookup_used_in_status_codes (__main__.TestClassRenaming.test_DictLookup_used_in_status_codes)
----------------------------------------------------------------------
Traceback (most recent call last):
  File ""/workspace/benchmarks/refactorbench/tests/requests_refactor/rename-lookup-dict-dict-lookup.py"", line 131, in test_DictLookup_used_in_status_codes
    self.assertTrue(dictlookup_used, ""'DictLookup' is not used in status_codes.py"")
AssertionError: False is not true : 'DictLookup' is not used in status_codes.py

======================================================================
FAIL: test_specific_import_in_test_structur"
2026-05-26T20:59:29.475655Z,refbench,benchmark_pipeline_20260526_134819,single-agent,requests_refactor,rename-super-len-complex-len,failed,0,374.38,2026-05-26T20:59:29Z,,,,,,/workspace/benchmarks/refactorbench/outputs/logs/base_single-agent_copilot_openrouter_free/requests_refactor_rename-super-len-complex-len_1779828794565.terminal.txt,/workspace/outputs/platform/home/.copilot/session-state/b56e2843-a344-4a70-8b25-b9c9335dc3eb/events.jsonl,/workspace/benchmarks/refactorbench/outputs/logs/base_single-agent_copilot_openrouter_free/requests_refactor_rename-super-len-complex-len_1779828794565.response.txt,2,3,"/workspace/benchmarks/refactorbench/outputs/workspaces/requests_refactor_rename-super-len-complex-len_1779828794565/repo/src/_refbench_ast_compat.py:2: DeprecationWarning: ast.Str is deprecated and will be removed in Python 3.14; use ast.Constant instead
  if not hasattr(ast, 'Str'): ast.Str = ast.Constant
/workspace/benchmarks/refactorbench/outputs/workspaces/requests_refactor_rename-super-len-complex-len_1779828794565/repo/src/_refbench_ast_compat.py:3: DeprecationWarning: ast.Bytes is deprecated and will be removed in Python 3.14; use ast.Constant instead
  if not hasattr(ast, 'Bytes'): ast.Bytes = ast.Constant
/workspace/benchmarks/refactorbench/outputs/workspaces/requests_refactor_rename-super-len-complex-len_1779828794565/repo/src/_refbench_ast_compat.py:4: DeprecationWarning: ast.Num is deprecated and will be removed in Python 3.14; use ast.Constant instead
  if not hasattr(ast, 'Num'): ast.Num = ast.Constant
/workspace/benchmarks/refactorbench/outputs/workspaces/requests_refactor_rename-super-len-complex-len_1779828794565/repo/src/_refbench_ast_compat.py:5: DeprecationWarning: ast.NameConstant is deprecated and will be removed in Python 3.14; use ast.Constant instead
  if not hasattr(ast, 'NameConstant'): ast.NameConstant = ast.Constant
..F
======================================================================
FAIL: test_super_len_renamed_to_complex_len (__main__.TestFunctionRenaming.test_super_len_renamed_to_complex_len)
----------------------------------------------------------------------
Traceback (most recent call last):
  File ""/workspace/benchmarks/refactorbench/tests/requests_refactor/super-to-complex-len.py"", line 30, in test_super_len_renamed_to_complex_len
    self.assertTrue(import_updated, f""Import of 'complex_len' not found in {file_path}, it might still be using 'super_len'"")
AssertionError: False is not true : Import of 'complex_len' not found in ../src/requests/models.py, it might still be using 'super_len'

---------------------------------"
2026-05-26T21:06:07.566893Z,refbench,benchmark_pipeline_20260526_134819,single-agent,requests_refactor,split-warnings-exceptions,failed,0,397.55,2026-05-26T21:06:07Z,,,,,,/workspace/benchmarks/refactorbench/outputs/logs/base_single-agent_copilot_openrouter_free/requests_refactor_split-warnings-exceptions_1779829169495.terminal.txt,/workspace/outputs/platform/home/.copilot/session-state/d4d3ae54-d21f-4ccb-b86c-ae60a49c326e/events.jsonl,/workspace/benchmarks/refactorbench/outputs/logs/base_single-agent_copilot_openrouter_free/requests_refactor_split-warnings-exceptions_1779829169495.response.txt,,9,"/workspace/benchmarks/refactorbench/outputs/workspaces/requests_refactor_split-warnings-exceptions_1779829169495/repo/src/_refbench_ast_compat.py:2: DeprecationWarning: ast.Str is deprecated and will be removed in Python 3.14; use ast.Constant instead
  if not hasattr(ast, 'Str'): ast.Str = ast.Constant
/workspace/benchmarks/refactorbench/outputs/workspaces/requests_refactor_split-warnings-exceptions_1779829169495/repo/src/_refbench_ast_compat.py:3: DeprecationWarning: ast.Bytes is deprecated and will be removed in Python 3.14; use ast.Constant instead
  if not hasattr(ast, 'Bytes'): ast.Bytes = ast.Constant
/workspace/benchmarks/refactorbench/outputs/workspaces/requests_refactor_split-warnings-exceptions_1779829169495/repo/src/_refbench_ast_compat.py:4: DeprecationWarning: ast.Num is deprecated and will be removed in Python 3.14; use ast.Constant instead
  if not hasattr(ast, 'Num'): ast.Num = ast.Constant
/workspace/benchmarks/refactorbench/outputs/workspaces/requests_refactor_split-warnings-exceptions_1779829169495/repo/src/_refbench_ast_compat.py:5: DeprecationWarning: ast.NameConstant is deprecated and will be removed in Python 3.14; use ast.Constant instead
  if not hasattr(ast, 'NameConstant'): ast.NameConstant = ast.Constant
FFFFFFFFF
======================================================================
FAIL: test_file_mode_warning_class_exists (__main__.TestWarningsFile.test_file_mode_warning_class_exists)
----------------------------------------------------------------------
Traceback (most recent call last):
  File ""/workspace/benchmarks/refactorbench/tests/requests_refactor/requests-warnings.py"", line 38, in test_file_mode_warning_class_exists
    self.assertTrue(os.path.exists(file_path), f""{file_path} does not exist"")
AssertionError: False is not true : ../src/requests/warnings.py does not exist

======================================================================
FAIL: test_file_mode_warning_class_not_in_exceptions (__main__.TestWarningsFile.test_f"
2026-05-26T21:13:39.486054Z,refbench,benchmark_pipeline_20260526_134819,single-agent,salt_refactor,add-log-parameter-delete-directory,timed_out,1,205.63,2026-05-26T21:13:39Z,,,,,,/workspace/benchmarks/refactorbench/outputs/logs/base_single-agent_copilot_openrouter_free/salt_refactor_add-log-parameter-delete-directory_1779829567587.terminal.txt,/workspace/outputs/platform/home/.copilot/session-state/25414b41-684f-4604-9ef2-15444c6fe788/events.jsonl,/workspace/benchmarks/refactorbench/outputs/logs/base_single-agent_copilot_openrouter_free/salt_refactor_add-log-parameter-delete-directory_1779829567587.response.txt,2,4,Copilot transport failed before explicit DONE.
2026-05-26T21:15:07.539145Z,refbench,benchmark_pipeline_20260526_134819,single-agent,salt_refactor,add-log-parameter-get-capability-definitions,timed_out,1,84.79,2026-05-26T21:15:07Z,,,,,,/workspace/benchmarks/refactorbench/outputs/logs/base_single-agent_copilot_openrouter_free/salt_refactor_add-log-parameter-get-capability-definitions_1779830019506.terminal.txt,/workspace/outputs/platform/home/.copilot/session-state/600df6d3-064f-468a-9153-745fdf5e0b39/events.jsonl,/workspace/benchmarks/refactorbench/outputs/logs/base_single-agent_copilot_openrouter_free/salt_refactor_add-log-parameter-get-capability-definitions_1779830019506.response.txt,1,3,No repository changes detected from Copilot response.
2026-05-26T21:23:25.615057Z,refbench,benchmark_pipeline_20260526_134819,single-agent,salt_refactor,add-log-parameter-recursive-diff,failed,0,494.77,2026-05-26T21:23:25Z,,,,,,/workspace/benchmarks/refactorbench/outputs/logs/base_single-agent_copilot_openrouter_free/salt_refactor_add-log-parameter-recursive-diff_1779830107558.terminal.txt,/workspace/outputs/platform/home/.copilot/session-state/d6858f34-e8e1-4291-a06c-add217a543c4/events.jsonl,/workspace/benchmarks/refactorbench/outputs/logs/base_single-agent_copilot_openrouter_free/salt_refactor_add-log-parameter-recursive-diff_1779830107558.response.txt,5,6,"/workspace/benchmarks/refactorbench/outputs/workspaces/salt_refactor_add-log-parameter-recursive-diff_1779830107558/repo/salt/_refbench_ast_compat.py:2: DeprecationWarning: ast.Str is deprecated and will be removed in Python 3.14; use ast.Constant instead
  if not hasattr(ast, 'Str'): ast.Str = ast.Constant
/workspace/benchmarks/refactorbench/outputs/workspaces/salt_refactor_add-log-parameter-recursive-diff_1779830107558/repo/salt/_refbench_ast_compat.py:3: DeprecationWarning: ast.Bytes is deprecated and will be removed in Python 3.14; use ast.Constant instead
  if not hasattr(ast, 'Bytes'): ast.Bytes = ast.Constant
/workspace/benchmarks/refactorbench/outputs/workspaces/salt_refactor_add-log-parameter-recursive-diff_1779830107558/repo/salt/_refbench_ast_compat.py:4: DeprecationWarning: ast.Num is deprecated and will be removed in Python 3.14; use ast.Constant instead
  if not hasattr(ast, 'Num'): ast.Num = ast.Constant
/workspace/benchmarks/refactorbench/outputs/workspaces/salt_refactor_add-log-parameter-recursive-diff_1779830107558/repo/salt/_refbench_ast_compat.py:5: DeprecationWarning: ast.NameConstant is deprecated and will be removed in Python 3.14; use ast.Constant instead
  if not hasattr(ast, 'NameConstant'): ast.NameConstant = ast.Constant
..F...
======================================================================
FAIL: test_recursive_diff_calls_have_log_argument (__main__.TestSaltUtilsData.test_recursive_diff_calls_have_log_argument)
----------------------------------------------------------------------
Traceback (most recent call last):
  File ""/workspace/benchmarks/refactorbench/tests/salt_refactor/add-log-parameter-recursive-diff-test.py"", line 42, in test_recursive_diff_calls_have_log_argument
    self.assertTrue(
AssertionError: False is not true : Call to 'recursive_diff' without 'log=log' found in ../salt/utils/data.py: Call(func=Name(id='recursive_diff', ctx=Load()), args=[Subscript(value=Name(id='old', ctx=Load()), slice=Name(id='key', ctx=Load("
2026-05-26T21:28:03.582702Z,refbench,benchmark_pipeline_20260526_134819,single-agent,salt_refactor,cant-create,timed_out,1,274.64,2026-05-26T21:28:03Z,,,,,,/workspace/benchmarks/refactorbench/outputs/logs/base_single-agent_copilot_openrouter_free/salt_refactor_cant-create_1779830605635.terminal.txt,/workspace/outputs/platform/home/.copilot/session-state/48977207-0468-409d-b254-b51e31453175/events.jsonl,/workspace/benchmarks/refactorbench/outputs/logs/base_single-agent_copilot_openrouter_free/salt_refactor_cant-create_1779830605635.response.txt,1,8,No repository changes detected from Copilot response.
2026-05-26T21:32:00.254833Z,refbench,benchmark_pipeline_20260526_134819,single-agent,salt_refactor,channel-to-transport,failed,0,233.36,2026-05-26T21:32:00Z,,,,,,/workspace/benchmarks/refactorbench/outputs/logs/base_single-agent_copilot_openrouter_free/salt_refactor_channel-to-transport_1779830883602.terminal.txt,/workspace/outputs/platform/home/.copilot/session-state/f65fb780-42d0-4dcb-b7ac-57528545bc1b/events.jsonl,/workspace/benchmarks/refactorbench/outputs/logs/base_single-agent_copilot_openrouter_free/salt_refactor_channel-to-transport_1779830883602.response.txt,2,6,"/workspace/benchmarks/refactorbench/outputs/workspaces/salt_refactor_channel-to-transport_1779830883602/repo/salt/_refbench_ast_compat.py:2: DeprecationWarning: ast.Str is deprecated and will be removed in Python 3.14; use ast.Constant instead
  if not hasattr(ast, 'Str'): ast.Str = ast.Constant
/workspace/benchmarks/refactorbench/outputs/workspaces/salt_refactor_channel-to-transport_1779830883602/repo/salt/_refbench_ast_compat.py:3: DeprecationWarning: ast.Bytes is deprecated and will be removed in Python 3.14; use ast.Constant instead
  if not hasattr(ast, 'Bytes'): ast.Bytes = ast.Constant
/workspace/benchmarks/refactorbench/outputs/workspaces/salt_refactor_channel-to-transport_1779830883602/repo/salt/_refbench_ast_compat.py:4: DeprecationWarning: ast.Num is deprecated and will be removed in Python 3.14; use ast.Constant instead
  if not hasattr(ast, 'Num'): ast.Num = ast.Constant
/workspace/benchmarks/refactorbench/outputs/workspaces/salt_refactor_channel-to-transport_1779830883602/repo/salt/_refbench_ast_compat.py:5: DeprecationWarning: ast.NameConstant is deprecated and will be removed in Python 3.14; use ast.Constant instead
  if not hasattr(ast, 'NameConstant'): ast.NameConstant = ast.Constant
FFF..F
======================================================================
FAIL: test_channel_py_does_not_exist (__main__.TestSaltUtilsAndMaster.test_channel_py_does_not_exist)
----------------------------------------------------------------------
Traceback (most recent call last):
  File ""/workspace/benchmarks/refactorbench/tests/salt_refactor/channel-to-transport-test.py"", line 9, in test_channel_py_does_not_exist
    self.assertFalse(os.path.exists(file_path), f""{file_path} should not exist"")
AssertionError: True is not false : ../salt/utils/channel.py should not exist

======================================================================
FAIL: test_imports_salt_utils_transport (__main__.TestSaltUtilsAndMaster.test_imports_salt_utils_transport)
-----------------"
2026-05-26T21:43:49.314869Z,refbench,benchmark_pipeline_20260526_134819,single-agent,salt_refactor,ex-pillar-fail,success,0,705.78,2026-05-26T21:43:49Z,,,,,,/workspace/benchmarks/refactorbench/outputs/logs/base_single-agent_copilot_openrouter_free/salt_refactor_ex-pillar-fail_1779831120275.terminal.txt,/workspace/outputs/platform/home/.copilot/session-state/bf857a75-ed2e-4b30-b428-df2feb2a8b4d/events.jsonl,/workspace/benchmarks/refactorbench/outputs/logs/base_single-agent_copilot_openrouter_free/salt_refactor_ex-pillar-fail_1779831120275.response.txt,5,5,"/workspace/benchmarks/refactorbench/outputs/workspaces/salt_refactor_ex-pillar-fail_1779831120275/repo/salt/_refbench_ast_compat.py:2: DeprecationWarning: ast.Str is deprecated and will be removed in Python 3.14; use ast.Constant instead
  if not hasattr(ast, 'Str'): ast.Str = ast.Constant
/workspace/benchmarks/refactorbench/outputs/workspaces/salt_refactor_ex-pillar-fail_1779831120275/repo/salt/_refbench_ast_compat.py:3: DeprecationWarning: ast.Bytes is deprecated and will be removed in Python 3.14; use ast.Constant instead
  if not hasattr(ast, 'Bytes'): ast.Bytes = ast.Constant
/workspace/benchmarks/refactorbench/outputs/workspaces/salt_refactor_ex-pillar-fail_1779831120275/repo/salt/_refbench_ast_compat.py:4: DeprecationWarning: ast.Num is deprecated and will be removed in Python 3.14; use ast.Constant instead
  if not hasattr(ast, 'Num'): ast.Num = ast.Constant
/workspace/benchmarks/refactorbench/outputs/workspaces/salt_refactor_ex-pillar-fail_1779831120275/repo/salt/_refbench_ast_compat.py:5: DeprecationWarning: ast.NameConstant is deprecated and will be removed in Python 3.14; use ast.Constant instead
  if not hasattr(ast, 'NameConstant'): ast.NameConstant = ast.Constant
.....
----------------------------------------------------------------------
Ran 5 tests in 0.052s

OK
"
2026-05-26T21:47:14.848526Z,refbench,benchmark_pipeline_20260526_134819,single-agent,salt_refactor,ex-state-fail,failed,0,201.87,2026-05-26T21:47:14Z,,,,,,/workspace/benchmarks/refactorbench/outputs/logs/base_single-agent_copilot_openrouter_free/salt_refactor_ex-state-fail_1779831829719.terminal.txt,/workspace/outputs/platform/home/.copilot/session-state/474c697f-93f3-41d7-814c-3820c015c552/events.jsonl,/workspace/benchmarks/refactorbench/outputs/logs/base_single-agent_copilot_openrouter_free/salt_refactor_ex-state-fail_1779831829719.response.txt,4,6,"/workspace/benchmarks/refactorbench/outputs/workspaces/salt_refactor_ex-state-fail_1779831829719/repo/salt/_refbench_ast_compat.py:2: DeprecationWarning: ast.Str is deprecated and will be removed in Python 3.14; use ast.Constant instead
  if not hasattr(ast, 'Str'): ast.Str = ast.Constant
/workspace/benchmarks/refactorbench/outputs/workspaces/salt_refactor_ex-state-fail_1779831829719/repo/salt/_refbench_ast_compat.py:3: DeprecationWarning: ast.Bytes is deprecated and will be removed in Python 3.14; use ast.Constant instead
  if not hasattr(ast, 'Bytes'): ast.Bytes = ast.Constant
/workspace/benchmarks/refactorbench/outputs/workspaces/salt_refactor_ex-state-fail_1779831829719/repo/salt/_refbench_ast_compat.py:4: DeprecationWarning: ast.Num is deprecated and will be removed in Python 3.14; use ast.Constant instead
  if not hasattr(ast, 'Num'): ast.Num = ast.Constant
/workspace/benchmarks/refactorbench/outputs/workspaces/salt_refactor_ex-state-fail_1779831829719/repo/salt/_refbench_ast_compat.py:5: DeprecationWarning: ast.NameConstant is deprecated and will be removed in Python 3.14; use ast.Constant instead
  if not hasattr(ast, 'NameConstant'): ast.NameConstant = ast.Constant
..F.F.
======================================================================
FAIL: test_ex_state_fail_is_used_in_test_salt_call (__main__.TestSaltUtilsStateFail.test_ex_state_fail_is_used_in_test_salt_call)
----------------------------------------------------------------------
Traceback (most recent call last):
  File ""/workspace/benchmarks/refactorbench/tests/salt_refactor/ex-state-fail-test.py"", line 131, in test_ex_state_fail_is_used_in_test_salt_call
    self.assertTrue(ex_state_fail_found, ""salt.defaults.exitcodes.EX_STATE_FAIL was not found in tests/pytests/integration/cli/test_salt_call.py"")
AssertionError: False is not true : salt.defaults.exitcodes.EX_STATE_FAIL was not found in tests/pytests/integration/cli/test_salt_call.py

============================================================"
2026-05-26T21:48:37.247312Z,refbench,benchmark_pipeline_20260526_134819,single-agent,salt_refactor,exactly-n-boto-mod,failed,0,78.77,2026-05-26T21:48:37Z,,,,,,/workspace/benchmarks/refactorbench/outputs/logs/base_single-agent_copilot_openrouter_free/salt_refactor_exactly-n-boto-mod_1779832035279.terminal.txt,/workspace/outputs/platform/home/.copilot/session-state/1e201514-168b-48aa-99c5-068bce84969f/events.jsonl,/workspace/benchmarks/refactorbench/outputs/logs/base_single-agent_copilot_openrouter_free/salt_refactor_exactly-n-boto-mod_1779832035279.response.txt,2,4,"/workspace/benchmarks/refactorbench/outputs/workspaces/salt_refactor_exactly-n-boto-mod_1779832035279/repo/salt/_refbench_ast_compat.py:2: DeprecationWarning: ast.Str is deprecated and will be removed in Python 3.14; use ast.Constant instead
  if not hasattr(ast, 'Str'): ast.Str = ast.Constant
/workspace/benchmarks/refactorbench/outputs/workspaces/salt_refactor_exactly-n-boto-mod_1779832035279/repo/salt/_refbench_ast_compat.py:3: DeprecationWarning: ast.Bytes is deprecated and will be removed in Python 3.14; use ast.Constant instead
  if not hasattr(ast, 'Bytes'): ast.Bytes = ast.Constant
/workspace/benchmarks/refactorbench/outputs/workspaces/salt_refactor_exactly-n-boto-mod_1779832035279/repo/salt/_refbench_ast_compat.py:4: DeprecationWarning: ast.Num is deprecated and will be removed in Python 3.14; use ast.Constant instead
  if not hasattr(ast, 'Num'): ast.Num = ast.Constant
/workspace/benchmarks/refactorbench/outputs/workspaces/salt_refactor_exactly-n-boto-mod_1779832035279/repo/salt/_refbench_ast_compat.py:5: DeprecationWarning: ast.NameConstant is deprecated and will be removed in Python 3.14; use ast.Constant instead
  if not hasattr(ast, 'NameConstant'): ast.NameConstant = ast.Constant
FF..
======================================================================
FAIL: test_exactly_n_definition_exists (__main__.TestBoto3ModDefinitions.test_exactly_n_definition_exists)
----------------------------------------------------------------------
Traceback (most recent call last):
  File ""/workspace/benchmarks/refactorbench/tests/salt_refactor/exactly-n-boto-mod-test.py"", line 57, in test_exactly_n_definition_exists
    self.assertIsNotNone(exactly_n_function, f""'exactly_n' function not found in {file_path}"")
AssertionError: unexpectedly None : 'exactly_n' function not found in ../salt/utils/boto3mod.py

======================================================================
FAIL: test_exactly_one_definition_exists (__main__.TestBoto3ModDefinitions.test_exactly_one_defin"
2026-05-26T21:51:42.563180Z,refbench,benchmark_pipeline_20260526_134819,single-agent,salt_refactor,get-unavail,success,0,181.46,2026-05-26T21:51:42Z,,,,,,/workspace/benchmarks/refactorbench/outputs/logs/base_single-agent_copilot_openrouter_free/salt_refactor_get-unavail_1779832117664.terminal.txt,/workspace/outputs/platform/home/.copilot/session-state/61e532a5-9cde-454c-9317-6e968719f00e/events.jsonl,/workspace/benchmarks/refactorbench/outputs/logs/base_single-agent_copilot_openrouter_free/salt_refactor_get-unavail_1779832117664.response.txt,10,10,"/workspace/benchmarks/refactorbench/outputs/workspaces/salt_refactor_get-unavail_1779832117664/repo/salt/_refbench_ast_compat.py:2: DeprecationWarning: ast.Str is deprecated and will be removed in Python 3.14; use ast.Constant instead
  if not hasattr(ast, 'Str'): ast.Str = ast.Constant
/workspace/benchmarks/refactorbench/outputs/workspaces/salt_refactor_get-unavail_1779832117664/repo/salt/_refbench_ast_compat.py:3: DeprecationWarning: ast.Bytes is deprecated and will be removed in Python 3.14; use ast.Constant instead
  if not hasattr(ast, 'Bytes'): ast.Bytes = ast.Constant
/workspace/benchmarks/refactorbench/outputs/workspaces/salt_refactor_get-unavail_1779832117664/repo/salt/_refbench_ast_compat.py:4: DeprecationWarning: ast.Num is deprecated and will be removed in Python 3.14; use ast.Constant instead
  if not hasattr(ast, 'Num'): ast.Num = ast.Constant
/workspace/benchmarks/refactorbench/outputs/workspaces/salt_refactor_get-unavail_1779832117664/repo/salt/_refbench_ast_compat.py:5: DeprecationWarning: ast.NameConstant is deprecated and will be removed in Python 3.14; use ast.Constant instead
  if not hasattr(ast, 'NameConstant'): ast.NameConstant = ast.Constant
..........
----------------------------------------------------------------------
Ran 10 tests in 0.110s

OK
"
2026-05-26T22:01:00.918644Z,refbench,benchmark_pipeline_20260526_134819,single-agent,salt_refactor,iam-to-aws,failed,0,314.67,2026-05-26T22:01:00Z,,,,,,/workspace/benchmarks/refactorbench/outputs/logs/base_single-agent_copilot_openrouter_free/salt_refactor_iam-to-aws_1779832302964.terminal.txt,/workspace/outputs/platform/home/.copilot/session-state/63f79829-b7ea-4f53-bdce-a2256d725df2/events.jsonl,/workspace/benchmarks/refactorbench/outputs/logs/base_single-agent_copilot_openrouter_free/salt_refactor_iam-to-aws_1779832302964.response.txt,3,5,"/workspace/benchmarks/refactorbench/outputs/workspaces/salt_refactor_iam-to-aws_1779832302964/repo/salt/_refbench_ast_compat.py:2: DeprecationWarning: ast.Str is deprecated and will be removed in Python 3.14; use ast.Constant instead
  if not hasattr(ast, 'Str'): ast.Str = ast.Constant
/workspace/benchmarks/refactorbench/outputs/workspaces/salt_refactor_iam-to-aws_1779832302964/repo/salt/_refbench_ast_compat.py:3: DeprecationWarning: ast.Bytes is deprecated and will be removed in Python 3.14; use ast.Constant instead
  if not hasattr(ast, 'Bytes'): ast.Bytes = ast.Constant
/workspace/benchmarks/refactorbench/outputs/workspaces/salt_refactor_iam-to-aws_1779832302964/repo/salt/_refbench_ast_compat.py:4: DeprecationWarning: ast.Num is deprecated and will be removed in Python 3.14; use ast.Constant instead
  if not hasattr(ast, 'Num'): ast.Num = ast.Constant
/workspace/benchmarks/refactorbench/outputs/workspaces/salt_refactor_iam-to-aws_1779832302964/repo/salt/_refbench_ast_compat.py:5: DeprecationWarning: ast.NameConstant is deprecated and will be removed in Python 3.14; use ast.Constant instead
  if not hasattr(ast, 'NameConstant'): ast.NameConstant = ast.Constant
..FF.
======================================================================
FAIL: test_convert_key_to_str_function_exists (__main__.TestSaltUtilsAWS.test_convert_key_to_str_function_exists)
----------------------------------------------------------------------
Traceback (most recent call last):
  File ""/workspace/benchmarks/refactorbench/tests/salt_refactor/iam-to-aws-test.py"", line 41, in test_convert_key_to_str_function_exists
    self.assertIsNotNone(convert_key_to_str_function, f""'_convert_key_to_str' function not found in {file_path}"")
AssertionError: unexpectedly None : '_convert_key_to_str' function not found in ../salt/utils/aws.py

======================================================================
FAIL: test_retry_get_url_function_exists (__main__.TestSaltUtilsAWS.test_retry_get_url_function_ex"
2026-05-26T22:05:36.023959Z,refbench,benchmark_pipeline_20260526_134819,single-agent,salt_refactor,mksls-to-specific,timed_out,1,31.43,2026-05-26T22:05:36Z,,,,,,/workspace/benchmarks/refactorbench/outputs/logs/base_single-agent_copilot_openrouter_free/salt_refactor_mksls-to-specific_1779832861326.terminal.txt,/workspace/outputs/platform/home/.copilot/session-state/d37ab36f-6023-4868-9fd7-fe0205b619a4/events.jsonl,/workspace/benchmarks/refactorbench/outputs/logs/base_single-agent_copilot_openrouter_free/salt_refactor_mksls-to-specific_1779832861326.response.txt,,6,Copilot transport failed before explicit DONE.
2026-05-26T22:10:05.706989Z,refbench,benchmark_pipeline_20260526_134819,single-agent,salt_refactor,namecheap-xmlutil,timed_out,1,25.94,2026-05-26T22:10:05Z,,,,,,/workspace/benchmarks/refactorbench/outputs/logs/base_single-agent_copilot_openrouter_free/salt_refactor_namecheap-xmlutil_1779833136438.terminal.txt,/workspace/outputs/platform/home/.copilot/session-state/5ab6830e-3790-4635-8d79-7a4699d3a423/events.jsonl,/workspace/benchmarks/refactorbench/outputs/logs/base_single-agent_copilot_openrouter_free/salt_refactor_namecheap-xmlutil_1779833136438.response.txt,,6,Copilot transport failed before explicit DONE.
2026-05-26T22:15:52.600794Z,refbench,benchmark_pipeline_20260526_134819,single-agent,salt_refactor,paged-call-boto-mod,timed_out,1,103.2,2026-05-26T22:15:52Z,,,,,,/workspace/benchmarks/refactorbench/outputs/logs/base_single-agent_copilot_openrouter_free/salt_refactor_paged-call-boto-mod_1779833406114.terminal.txt,/workspace/outputs/platform/home/.copilot/session-state/7cf8a658-fe15-499f-b799-88b7215dff6a/events.jsonl,/workspace/benchmarks/refactorbench/outputs/logs/base_single-agent_copilot_openrouter_free/salt_refactor_paged-call-boto-mod_1779833406114.response.txt,2,4,Copilot transport failed before explicit DONE.
2026-05-26T22:20:21.152450Z,refbench,benchmark_pipeline_20260526_134819,single-agent,salt_refactor,pem-fingerprint,timed_out,1,24.79,2026-05-26T22:20:21Z,,,,,,/workspace/benchmarks/refactorbench/outputs/logs/base_single-agent_copilot_openrouter_free/salt_refactor_pem-fingerprint_1779833753016.terminal.txt,/workspace/outputs/platform/home/.copilot/session-state/65fc0e7e-02f4-4298-9eab-3cc7a091b303/events.jsonl,/workspace/benchmarks/refactorbench/outputs/logs/base_single-agent_copilot_openrouter_free/salt_refactor_pem-fingerprint_1779833753016.response.txt,,10,Copilot transport failed before explicit DONE.
2026-05-26T22:24:50.815689Z,refbench,benchmark_pipeline_20260526_134819,single-agent,salt_refactor,perm-denied,timed_out,1,25.98,2026-05-26T22:24:50Z,,,,,,/workspace/benchmarks/refactorbench/outputs/logs/base_single-agent_copilot_openrouter_free/salt_refactor_perm-denied_1779834021562.terminal.txt,/workspace/outputs/platform/home/.copilot/session-state/9e751055-64a5-40a3-b74d-8ef7114ac884/events.jsonl,/workspace/benchmarks/refactorbench/outputs/logs/base_single-agent_copilot_openrouter_free/salt_refactor_perm-denied_1779834021562.response.txt,1,5,Copilot transport failed before explicit DONE.
2026-05-26T22:29:13.884254Z,refbench,benchmark_pipeline_20260526_134819,single-agent,scrapy_refactor,add-log-parameter-disconnect-all,timed_out,1,21.68,2026-05-26T22:29:13Z,,,,,,/workspace/benchmarks/refactorbench/outputs/logs/base_single-agent_copilot_openrouter_free/scrapy_refactor_add-log-parameter-disconnect-all_1779834291229.terminal.txt,/workspace/outputs/platform/home/.copilot/session-state/2f5c86f7-7ab8-45b1-b7fe-8d9c837a1a90/events.jsonl,/workspace/benchmarks/refactorbench/outputs/logs/base_single-agent_copilot_openrouter_free/scrapy_refactor_add-log-parameter-disconnect-all_1779834291229.response.txt,3,6,Copilot transport failed before explicit DONE.
2026-05-26T22:33:36.497086Z,refbench,benchmark_pipeline_20260526_134819,single-agent,scrapy_refactor,add-log-parameter-job-dir,timed_out,1,21.57,2026-05-26T22:33:36Z,,,,,,/workspace/benchmarks/refactorbench/outputs/logs/base_single-agent_copilot_openrouter_free/scrapy_refactor_add-log-parameter-job-dir_1779834554311.terminal.txt,/workspace/outputs/platform/home/.copilot/session-state/5806c872-4c9f-4534-b49a-fa022f6deda8/events.jsonl,/workspace/benchmarks/refactorbench/outputs/logs/base_single-agent_copilot_openrouter_free/scrapy_refactor_add-log-parameter-job-dir_1779834554311.response.txt,,5,Copilot transport failed before explicit DONE.
2026-05-26T22:37:59.186196Z,refbench,benchmark_pipeline_20260526_134819,single-agent,scrapy_refactor,add-log-parameter-xmliter,timed_out,1,21.64,2026-05-26T22:37:59Z,,,,,,/workspace/benchmarks/refactorbench/outputs/logs/base_single-agent_copilot_openrouter_free/scrapy_refactor_add-log-parameter-xmliter_1779834816921.terminal.txt,/workspace/outputs/platform/home/.copilot/session-state/8a841757-7200-4bfc-ae7c-310ae7392bc0/events.jsonl,/workspace/benchmarks/refactorbench/outputs/logs/base_single-agent_copilot_openrouter_free/scrapy_refactor_add-log-parameter-xmliter_1779834816921.response.txt,2,3,Copilot transport failed before explicit DONE.
2026-05-26T22:42:52.218764Z,refbench,benchmark_pipeline_20260526_134819,single-agent,scrapy_refactor,genspider-functions-to-utils-url,timed_out,1,51.98,2026-05-26T22:42:52Z,,,,,,/workspace/benchmarks/refactorbench/outputs/logs/base_single-agent_copilot_openrouter_free/scrapy_refactor_genspider-functions-to-utils-url_1779835079595.terminal.txt,/workspace/outputs/platform/home/.copilot/session-state/aed8d50d-ca3a-47c5-b5fd-ea311875b953/events.jsonl,/workspace/benchmarks/refactorbench/outputs/logs/base_single-agent_copilot_openrouter_free/scrapy_refactor_genspider-functions-to-utils-url_1779835079595.response.txt,,4,Copilot transport failed before explicit DONE.
2026-05-26T22:47:18.921210Z,refbench,benchmark_pipeline_20260526_134819,single-agent,scrapy_refactor,new-downloadermiddlewares-utils,timed_out,1,25.66,2026-05-26T22:47:18Z,,,,,,/workspace/benchmarks/refactorbench/outputs/logs/base_single-agent_copilot_openrouter_free/scrapy_refactor_new-downloadermiddlewares-utils_1779835372627.terminal.txt,/workspace/outputs/platform/home/.copilot/session-state/f5cd2633-b73b-41d5-af4b-d3f03d8cbe76/events.jsonl,/workspace/benchmarks/refactorbench/outputs/logs/base_single-agent_copilot_openrouter_free/scrapy_refactor_new-downloadermiddlewares-utils_1779835372627.response.txt,,5,Copilot transport failed before explicit DONE.
2026-05-26T22:48:26.093638Z,refbench,benchmark_pipeline_20260526_134819,single-agent,scrapy_refactor,new-spider-utils-in-spiders,timed_out,1,66.14,2026-05-26T22:48:26Z,,,,,,/workspace/benchmarks/refactorbench/outputs/logs/base_single-agent_copilot_openrouter_free/scrapy_refactor_new-spider-utils-in-spiders_1779835639339.terminal.txt,/workspace/outputs/platform/home/.copilot/session-state/11ed6031-e8f3-47b8-9e14-85c878b2c350/events.jsonl,/workspace/benchmarks/refactorbench/outputs/logs/base_single-agent_copilot_openrouter_free/scrapy_refactor_new-spider-utils-in-spiders_1779835639339.response.txt,,8,No repository changes detected from Copilot response.
2026-05-26T22:53:02.826270Z,refbench,benchmark_pipeline_20260526_134819,single-agent,scrapy_refactor,new-verify-reactor-class,timed_out,1,36.01,2026-05-26T22:53:02Z,,,,,,/workspace/benchmarks/refactorbench/outputs/logs/base_single-agent_copilot_openrouter_free/scrapy_refactor_new-verify-reactor-class_1779835706148.terminal.txt,/workspace/outputs/platform/home/.copilot/session-state/fc7672ae-2f49-4e80-ab9b-193067bf0eb6/events.jsonl,/workspace/benchmarks/refactorbench/outputs/logs/base_single-agent_copilot_openrouter_free/scrapy_refactor_new-verify-reactor-class_1779835706148.response.txt,3,11,Copilot transport failed before explicit DONE.
2026-05-26T22:57:31.393052Z,refbench,benchmark_pipeline_20260526_134819,single-agent,scrapy_refactor,not-supported-exception-to-unsupported,timed_out,1,27.86,2026-05-26T22:57:31Z,,,,,,/workspace/benchmarks/refactorbench/outputs/logs/base_single-agent_copilot_openrouter_free/scrapy_refactor_not-supported-exception-to-unsupported_1779835982882.terminal.txt,/workspace/outputs/platform/home/.copilot/session-state/e01a447d-6db7-46bd-8409-e00333cdeb00/events.jsonl,/workspace/benchmarks/refactorbench/outputs/logs/base_single-agent_copilot_openrouter_free/scrapy_refactor_not-supported-exception-to-unsupported_1779835982882.response.txt,,10,Copilot transport failed before explicit DONE.
2026-05-26T23:02:24.317131Z,refbench,benchmark_pipeline_20260526_134819,single-agent,scrapy_refactor,parameterize-gunzip,timed_out,1,52.19,2026-05-26T23:02:24Z,,,,,,/workspace/benchmarks/refactorbench/outputs/logs/base_single-agent_copilot_openrouter_free/scrapy_refactor_parameterize-gunzip_1779836251448.terminal.txt,/workspace/outputs/platform/home/.copilot/session-state/49669e66-8a8a-4829-9507-749978b40867/events.jsonl,/workspace/benchmarks/refactorbench/outputs/logs/base_single-agent_copilot_openrouter_free/scrapy_refactor_parameterize-gunzip_1779836251448.response.txt,1,9,Copilot transport failed before explicit DONE.
2026-05-26T23:07:07.003294Z,refbench,benchmark_pipeline_20260526_134819,single-agent,scrapy_refactor,rename-description-commands,timed_out,1,41.98,2026-05-26T23:07:06Z,,,,,,/workspace/benchmarks/refactorbench/outputs/logs/base_single-agent_copilot_openrouter_free/scrapy_refactor_rename-description-commands_1779836544373.terminal.txt,/workspace/outputs/platform/home/.copilot/session-state/454bb753-66b4-4912-9d24-809b791dae13/events.jsonl,/workspace/benchmarks/refactorbench/outputs/logs/base_single-agent_copilot_openrouter_free/scrapy_refactor_rename-description-commands_1779836544373.response.txt,,7,Copilot transport failed before explicit DONE.
2026-05-26T23:11:37.562474Z,refbench,benchmark_pipeline_20260526_134819,single-agent,scrapy_refactor,rename-engine-status,timed_out,1,29.87,2026-05-26T23:11:37Z,,,,,,/workspace/benchmarks/refactorbench/outputs/logs/base_single-agent_copilot_openrouter_free/scrapy_refactor_rename-engine-status_1779836827055.terminal.txt,/workspace/outputs/platform/home/.copilot/session-state/0e3d2b4f-ddf8-4a38-b1f2-e1a08fc98958/events.jsonl,/workspace/benchmarks/refactorbench/outputs/logs/base_single-agent_copilot_openrouter_free/scrapy_refactor_rename-engine-status_1779836827055.response.txt,,8,Copilot transport failed before explicit DONE.
2026-05-26T23:15:59.818677Z,refbench,benchmark_pipeline_20260526_134819,single-agent,scrapy_refactor,rename-processtest-testproc,timed_out,1,21.57,2026-05-26T23:15:59Z,,,,,,/workspace/benchmarks/refactorbench/outputs/logs/base_single-agent_copilot_openrouter_free/scrapy_refactor_rename-processtest-testproc_1779837097616.terminal.txt,/workspace/outputs/platform/home/.copilot/session-state/905d8977-ac3a-4e18-bf80-0abd6415b1f3/events.jsonl,/workspace/benchmarks/refactorbench/outputs/logs/base_single-agent_copilot_openrouter_free/scrapy_refactor_rename-processtest-testproc_1779837097616.response.txt,,6,Copilot transport failed before explicit DONE.
2026-05-26T23:20:24.012770Z,refbench,benchmark_pipeline_20260526_134819,single-agent,scrapy_refactor,sitemap-url-to-url,timed_out,1,23.52,2026-05-26T23:20:23Z,,,,,,/workspace/benchmarks/refactorbench/outputs/logs/base_single-agent_copilot_openrouter_free/scrapy_refactor_sitemap-url-to-url_1779837359874.terminal.txt,/workspace/outputs/platform/home/.copilot/session-state/ed2e3f3e-0c86-437a-a13a-31e06e62b9cf/events.jsonl,/workspace/benchmarks/refactorbench/outputs/logs/base_single-agent_copilot_openrouter_free/scrapy_refactor_sitemap-url-to-url_1779837359874.response.txt,,3,Copilot transport failed before explicit DONE.
2026-05-26T23:26:52.487653Z,refbench,benchmark_pipeline_20260526_134819,single-agent,tornado_refactor,global-objects,failed,0,147.67,2026-05-26T23:26:52Z,,,,,,/workspace/benchmarks/refactorbench/outputs/logs/base_single-agent_copilot_openrouter_free/tornado_refactor_global-objects_1779837624075.terminal.txt,/workspace/outputs/platform/home/.copilot/session-state/a1fbe841-0b3d-4d7b-9d87-73793fe38f2f/events.jsonl,/workspace/benchmarks/refactorbench/outputs/logs/base_single-agent_copilot_openrouter_free/tornado_refactor_global-objects_1779837624075.response.txt,,,"/workspace/benchmarks/refactorbench/outputs/workspaces/tornado_refactor_global-objects_1779837624075/repo/tornado/_refbench_ast_compat.py:2: DeprecationWarning: ast.Str is deprecated and will be removed in Python 3.14; use ast.Constant instead
  if not hasattr(ast, 'Str'): ast.Str = ast.Constant
/workspace/benchmarks/refactorbench/outputs/workspaces/tornado_refactor_global-objects_1779837624075/repo/tornado/_refbench_ast_compat.py:3: DeprecationWarning: ast.Bytes is deprecated and will be removed in Python 3.14; use ast.Constant instead
  if not hasattr(ast, 'Bytes'): ast.Bytes = ast.Constant
/workspace/benchmarks/refactorbench/outputs/workspaces/tornado_refactor_global-objects_1779837624075/repo/tornado/_refbench_ast_compat.py:4: DeprecationWarning: ast.Num is deprecated and will be removed in Python 3.14; use ast.Constant instead
  if not hasattr(ast, 'Num'): ast.Num = ast.Constant
/workspace/benchmarks/refactorbench/outputs/workspaces/tornado_refactor_global-objects_1779837624075/repo/tornado/_refbench_ast_compat.py:5: DeprecationWarning: ast.NameConstant is deprecated and will be removed in Python 3.14; use ast.Constant instead
  if not hasattr(ast, 'NameConstant'): ast.NameConstant = ast.Constant
Traceback (most recent call last):
  File ""/workspace/benchmarks/refactorbench/outputs/workspaces/tornado_refactor_global-objects_1779837624075/repo/tornado/_refbench_ast_compat.py"", line 7, in <module>
    import runpy; runpy.run_path('/workspace/benchmarks/refactorbench/tests/tornado_refactor/global-objects.py', run_name=""__main__"")
                  ^^^^^^^^^^^^^^^^^^^^^^^^^^^^^^^^^^^^^^^^^^^^^^^^^^^^^^^^^^^^^^^^^^^^^^^^^^^^^^^^^^^^^^^^^^^^^^^^^^^^^^^^^^^^^^^^^^^
  File ""<frozen runpy>"", line 287, in run_path
  File ""<frozen runpy>"", line 98, in _run_module_code
  File ""<frozen runpy>"", line 88, in _run_code
  File ""/workspace/benchmarks/refactorbench/tests/tornado_refactor/global-objects.py"", line 112, in <module>
    unittest.main()
  File ""/usr/local/lib/python3."
2026-05-26T23:31:17.502095Z,refbench,benchmark_pipeline_20260526_134819,single-agent,tornado_refactor,log-utils,timed_out,1,24.44,2026-05-26T23:31:17Z,,,,,,/workspace/benchmarks/refactorbench/outputs/logs/base_single-agent_copilot_openrouter_free/tornado_refactor_log-utils_1779838012543.terminal.txt,/workspace/outputs/platform/home/.copilot/session-state/853cda05-698b-41da-9afd-496a8014424b/events.jsonl,/workspace/benchmarks/refactorbench/outputs/logs/base_single-agent_copilot_openrouter_free/tornado_refactor_log-utils_1779838012543.response.txt,,,Copilot transport failed before explicit DONE.
2026-05-26T23:36:24.256759Z,refbench,benchmark_pipeline_20260526_134819,single-agent,tornado_refactor,option-parser-with-pretty-print,timed_out,1,66.16,2026-05-26T23:36:24Z,,,,,,/workspace/benchmarks/refactorbench/outputs/logs/base_single-agent_copilot_openrouter_free/tornado_refactor_option-parser-with-pretty-print_1779838277556.terminal.txt,/workspace/outputs/platform/home/.copilot/session-state/3e8ae726-b95a-4a8c-966d-013c86e6a58d/events.jsonl,/workspace/benchmarks/refactorbench/outputs/logs/base_single-agent_copilot_openrouter_free/tornado_refactor_option-parser-with-pretty-print_1779838277556.response.txt,,,Copilot transport failed before explicit DONE.
2026-05-26T23:41:12.021814Z,refbench,benchmark_pipeline_20260526_134819,single-agent,tornado_refactor,options-utils,timed_out,1,47.18,2026-05-26T23:41:11Z,,,,,,/workspace/benchmarks/refactorbench/outputs/logs/base_single-agent_copilot_openrouter_free/tornado_refactor_options-utils_1779838584312.terminal.txt,/workspace/outputs/platform/home/.copilot/session-state/e7e1dd31-da33-4118-bbf4-d100b2826634/events.jsonl,/workspace/benchmarks/refactorbench/outputs/logs/base_single-agent_copilot_openrouter_free/tornado_refactor_options-utils_1779838584312.response.txt,,,Copilot transport failed before explicit DONE.
2026-05-26T23:45:34.159366Z,refbench,benchmark_pipeline_20260526_134819,single-agent,tornado_refactor,remove-locale-data,timed_out,1,21.51,2026-05-26T23:45:34Z,,,,,,/workspace/benchmarks/refactorbench/outputs/logs/base_single-agent_copilot_openrouter_free/tornado_refactor_remove-locale-data_1779838872078.terminal.txt,/workspace/outputs/platform/home/.copilot/session-state/c4b00f8f-232f-441f-b3da-de0aa16d8c79/events.jsonl,/workspace/benchmarks/refactorbench/outputs/logs/base_single-agent_copilot_openrouter_free/tornado_refactor_remove-locale-data_1779838872078.response.txt,,,Copilot transport failed before explicit DONE.
2026-05-26T23:49:56.359467Z,refbench,benchmark_pipeline_20260526_134819,single-agent,tornado_refactor,rename-http1connection,timed_out,1,21.63,2026-05-26T23:49:56Z,,,,,,/workspace/benchmarks/refactorbench/outputs/logs/base_single-agent_copilot_openrouter_free/tornado_refactor_rename-http1connection_1779839134214.terminal.txt,/workspace/outputs/platform/home/.copilot/session-state/20aa5667-6833-4593-bbf8-a628803f28dd/events.jsonl,/workspace/benchmarks/refactorbench/outputs/logs/base_single-agent_copilot_openrouter_free/tornado_refactor_rename-http1connection_1779839134214.response.txt,,,Copilot transport failed before explicit DONE.
2026-05-26T23:54:30.781996Z,refbench,benchmark_pipeline_20260526_134819,single-agent,tornado_refactor,rename-to-camel-case,timed_out,1,33.87,2026-05-26T23:54:30Z,,,,,,/workspace/benchmarks/refactorbench/outputs/logs/base_single-agent_copilot_openrouter_free/tornado_refactor_rename-to-camel-case_1779839396396.terminal.txt,/workspace/outputs/platform/home/.copilot/session-state/387783fd-f284-49fe-baac-776537ed36c9/events.jsonl,/workspace/benchmarks/refactorbench/outputs/logs/base_single-agent_copilot_openrouter_free/tornado_refactor_rename-to-camel-case_1779839396396.response.txt,,,Copilot transport failed before explicit DONE.
2026-05-26T23:58:52.968974Z,refbench,benchmark_pipeline_20260526_134819,single-agent,tornado_refactor,resolvers-as-separate,timed_out,1,21.64,2026-05-26T23:58:52Z,,,,,,/workspace/benchmarks/refactorbench/outputs/logs/base_single-agent_copilot_openrouter_free/tornado_refactor_resolvers-as-separate_1779839670815.terminal.txt,/workspace/outputs/platform/home/.copilot/session-state/bf4954ad-b4f4-4f6e-9565-b39e106a4358/events.jsonl,/workspace/benchmarks/refactorbench/outputs/logs/base_single-agent_copilot_openrouter_free/tornado_refactor_resolvers-as-separate_1779839670815.response.txt,,,Copilot transport failed before explicit DONE.
2026-05-27T00:03:17.125919Z,refbench,benchmark_pipeline_20260526_134819,single-agent,tornado_refactor,tcpclient-connect-params,timed_out,1,23.61,2026-05-27T00:03:17Z,,,,,,/workspace/benchmarks/refactorbench/outputs/logs/base_single-agent_copilot_openrouter_free/tornado_refactor_tcpclient-connect-params_1779839933005.terminal.txt,/workspace/outputs/platform/home/.copilot/session-state/406365e0-f144-4fce-8288-f80d036edd9e/events.jsonl,/workspace/benchmarks/refactorbench/outputs/logs/base_single-agent_copilot_openrouter_free/tornado_refactor_tcpclient-connect-params_1779839933005.response.txt,,,Copilot transport failed before explicit DONE.
2026-05-27T00:07:13.274399Z,refbench,benchmark_pipeline_20260526_134819,single-agent,ansible_refactor,add-log-parameter-get-group-vars,failed,0,145.38,2026-05-27T00:07:13Z,,,,,,/workspace/benchmarks/refactorbench/outputs/logs/lazy_single-agent_copilot_openrouter_free/ansible_refactor_add-log-parameter-get-group-vars_1779840281995.terminal.txt,/workspace/outputs/platform/home/.copilot/session-state/433f9daf-b152-4671-87bb-f5bc87982e99/events.jsonl,/workspace/benchmarks/refactorbench/outputs/logs/lazy_single-agent_copilot_openrouter_free/ansible_refactor_add-log-parameter-get-group-vars_1779840281995.response.txt,3,5,No repository changes detected from Copilot response.
2026-05-27T00:10:57.260092Z,refbench,benchmark_pipeline_20260526_134819,single-agent,ansible_refactor,add-log-parameter-is-systemd-managed,failed,0,221.04,2026-05-27T00:10:57Z,,,,,,/workspace/benchmarks/refactorbench/outputs/logs/lazy_single-agent_copilot_openrouter_free/ansible_refactor_add-log-parameter-is-systemd-managed_1779840433310.terminal.txt,/workspace/outputs/platform/home/.copilot/session-state/5db73bef-e9c2-470c-b5c0-7d2ef7cf0f4f/events.jsonl,/workspace/benchmarks/refactorbench/outputs/logs/lazy_single-agent_copilot_openrouter_free/ansible_refactor_add-log-parameter-is-systemd-managed_1779840433310.response.txt,3,5,"/workspace/benchmarks/refactorbench/outputs/workspaces/ansible_refactor_add-log-parameter-is-systemd-managed_1779840433310/repo/lib/_refbench_ast_compat.py:2: DeprecationWarning: ast.Str is deprecated and will be removed in Python 3.14; use ast.Constant instead
  if not hasattr(ast, 'Str'): ast.Str = ast.Constant
/workspace/benchmarks/refactorbench/outputs/workspaces/ansible_refactor_add-log-parameter-is-systemd-managed_1779840433310/repo/lib/_refbench_ast_compat.py:3: DeprecationWarning: ast.Bytes is deprecated and will be removed in Python 3.14; use ast.Constant instead
  if not hasattr(ast, 'Bytes'): ast.Bytes = ast.Constant
/workspace/benchmarks/refactorbench/outputs/workspaces/ansible_refactor_add-log-parameter-is-systemd-managed_1779840433310/repo/lib/_refbench_ast_compat.py:4: DeprecationWarning: ast.Num is deprecated and will be removed in Python 3.14; use ast.Constant instead
  if not hasattr(ast, 'Num'): ast.Num = ast.Constant
/workspace/benchmarks/refactorbench/outputs/workspaces/ansible_refactor_add-log-parameter-is-systemd-managed_1779840433310/repo/lib/_refbench_ast_compat.py:5: DeprecationWarning: ast.NameConstant is deprecated and will be removed in Python 3.14; use ast.Constant instead
  if not hasattr(ast, 'NameConstant'): ast.NameConstant = ast.Constant
FF...
======================================================================
FAIL: test_is_systemd_managed_called_with_log_true_in_service (__main__.TestAnsibleImports.test_is_systemd_managed_called_with_log_true_in_service)
----------------------------------------------------------------------
Traceback (most recent call last):
  File ""/workspace/benchmarks/refactorbench/tests/ansible_refactor/add-log-parameter-is-systemd-managed-test.py"", line 50, in test_is_systemd_managed_called_with_log_true_in_service
    self.assertTrue(log_true_passed_in_is_systemd_managed, ""Parameter 'log=True' not passed to 'is_systemd_managed' in service.py"")
AssertionError: False is not true : Parameter 'log=True' not p"
2026-05-27T00:12:53.628080Z,refbench,benchmark_pipeline_20260526_134819,single-agent,ansible_refactor,combine-namespace-compat,timed_out,1,113.43,2026-05-27T00:12:53Z,,,,,,/workspace/benchmarks/refactorbench/outputs/logs/lazy_single-agent_copilot_openrouter_free/ansible_refactor_combine-namespace-compat_1779840657294.terminal.txt,/workspace/outputs/platform/home/.copilot/session-state/a208d3b3-9e0a-4ec8-9adc-85524d2d9e32/events.jsonl,/workspace/benchmarks/refactorbench/outputs/logs/lazy_single-agent_copilot_openrouter_free/ansible_refactor_combine-namespace-compat_1779840657294.response.txt,,7,No repository changes detected from Copilot response.
2026-05-27T00:17:08.062335Z,refbench,benchmark_pipeline_20260526_134819,single-agent,ansible_refactor,data-to-inventory-data,timed_out,1,251.59,2026-05-27T00:17:08Z,,,,,,/workspace/benchmarks/refactorbench/outputs/logs/lazy_single-agent_copilot_openrouter_free/ansible_refactor_data-to-inventory-data_1779840773663.terminal.txt,/workspace/outputs/platform/home/.copilot/session-state/2d051f15-9c35-4a64-bade-b3caf5d54429/events.jsonl,/workspace/benchmarks/refactorbench/outputs/logs/lazy_single-agent_copilot_openrouter_free/ansible_refactor_data-to-inventory-data_1779840773663.response.txt,,5,No repository changes detected from Copilot response.
2026-05-27T00:21:42.803031Z,refbench,benchmark_pipeline_20260526_134819,single-agent,ansible_refactor,move-quoting-splitter,failed,0,271.88,2026-05-27T00:21:42Z,,,,,,/workspace/benchmarks/refactorbench/outputs/logs/lazy_single-agent_copilot_openrouter_free/ansible_refactor_move-quoting-splitter_1779841028106.terminal.txt,/workspace/outputs/platform/home/.copilot/session-state/d7181751-057f-4ef9-bfdc-843dc7a85720/events.jsonl,/workspace/benchmarks/refactorbench/outputs/logs/lazy_single-agent_copilot_openrouter_free/ansible_refactor_move-quoting-splitter_1779841028106.response.txt,,6,"/workspace/benchmarks/refactorbench/outputs/workspaces/ansible_refactor_move-quoting-splitter_1779841028106/repo/lib/_refbench_ast_compat.py:2: DeprecationWarning: ast.Str is deprecated and will be removed in Python 3.14; use ast.Constant instead
  if not hasattr(ast, 'Str'): ast.Str = ast.Constant
/workspace/benchmarks/refactorbench/outputs/workspaces/ansible_refactor_move-quoting-splitter_1779841028106/repo/lib/_refbench_ast_compat.py:3: DeprecationWarning: ast.Bytes is deprecated and will be removed in Python 3.14; use ast.Constant instead
  if not hasattr(ast, 'Bytes'): ast.Bytes = ast.Constant
/workspace/benchmarks/refactorbench/outputs/workspaces/ansible_refactor_move-quoting-splitter_1779841028106/repo/lib/_refbench_ast_compat.py:4: DeprecationWarning: ast.Num is deprecated and will be removed in Python 3.14; use ast.Constant instead
  if not hasattr(ast, 'Num'): ast.Num = ast.Constant
/workspace/benchmarks/refactorbench/outputs/workspaces/ansible_refactor_move-quoting-splitter_1779841028106/repo/lib/_refbench_ast_compat.py:5: DeprecationWarning: ast.NameConstant is deprecated and will be removed in Python 3.14; use ast.Constant instead
  if not hasattr(ast, 'NameConstant'): ast.NameConstant = ast.Constant
FFFFEF
======================================================================
ERROR: test_splitter_contains_unquote_and_is_quoted (__main__.TestAnsibleImports.test_splitter_contains_unquote_and_is_quoted)
----------------------------------------------------------------------
Traceback (most recent call last):
  File ""/workspace/benchmarks/refactorbench/tests/ansible_refactor/move-quoting-splitter-test.py"", line 58, in test_splitter_contains_unquote_and_is_quoted
    tree = ast.parse(file.read())
           ^^^^^^^^^^^^^^^^^^^^^^
  File ""/usr/local/lib/python3.12/ast.py"", line 52, in parse
    return compile(source, filename, mode, flags,
           ^^^^^^^^^^^^^^^^^^^^^^^^^^^^^^^^^^^^^^
  File ""<unknown>"", line 32
    _HEXCHAR = '[a-fA-F0-9]'
    ^^^^^^^^
I"
2026-05-27T00:22:44.399590Z,refbench,benchmark_pipeline_20260526_134819,single-agent,ansible_refactor,new-inventory-patterns,failed,0,58.78,2026-05-27T00:22:44Z,,,,,,/workspace/benchmarks/refactorbench/outputs/logs/lazy_single-agent_copilot_openrouter_free/ansible_refactor_new-inventory-patterns_1779841302841.terminal.txt,/workspace/outputs/platform/home/.copilot/session-state/77f75377-f759-493d-a566-bb31161ade86/events.jsonl,/workspace/benchmarks/refactorbench/outputs/logs/lazy_single-agent_copilot_openrouter_free/ansible_refactor_new-inventory-patterns_1779841302841.response.txt,1,9,No repository changes detected from Copilot response.
2026-05-27T00:24:51.331091Z,refbench,benchmark_pipeline_20260526_134819,single-agent,ansible_refactor,new-utils-class-connection,failed,0,123.56,2026-05-27T00:24:51Z,,,,,,/workspace/benchmarks/refactorbench/outputs/logs/lazy_single-agent_copilot_openrouter_free/ansible_refactor_new-utils-class-connection_1779841364929.terminal.txt,/workspace/outputs/platform/home/.copilot/session-state/a89189ed-07a6-49d8-bda3-e69cb760d580/events.jsonl,/workspace/benchmarks/refactorbench/outputs/logs/lazy_single-agent_copilot_openrouter_free/ansible_refactor_new-utils-class-connection_1779841364929.response.txt,,7,"/workspace/benchmarks/refactorbench/outputs/workspaces/ansible_refactor_new-utils-class-connection_1779841364929/repo/lib/_refbench_ast_compat.py:2: DeprecationWarning: ast.Str is deprecated and will be removed in Python 3.14; use ast.Constant instead
  if not hasattr(ast, 'Str'): ast.Str = ast.Constant
/workspace/benchmarks/refactorbench/outputs/workspaces/ansible_refactor_new-utils-class-connection_1779841364929/repo/lib/_refbench_ast_compat.py:3: DeprecationWarning: ast.Bytes is deprecated and will be removed in Python 3.14; use ast.Constant instead
  if not hasattr(ast, 'Bytes'): ast.Bytes = ast.Constant
/workspace/benchmarks/refactorbench/outputs/workspaces/ansible_refactor_new-utils-class-connection_1779841364929/repo/lib/_refbench_ast_compat.py:4: DeprecationWarning: ast.Num is deprecated and will be removed in Python 3.14; use ast.Constant instead
  if not hasattr(ast, 'Num'): ast.Num = ast.Constant
/workspace/benchmarks/refactorbench/outputs/workspaces/ansible_refactor_new-utils-class-connection_1779841364929/repo/lib/_refbench_ast_compat.py:5: DeprecationWarning: ast.NameConstant is deprecated and will be removed in Python 3.14; use ast.Constant instead
  if not hasattr(ast, 'NameConstant'): ast.NameConstant = ast.Constant
FFFFFFF
======================================================================
FAIL: test_ansible_connection_cli_stub_imports (__main__.TestAnsibleConnectionUtils.test_ansible_connection_cli_stub_imports)
----------------------------------------------------------------------
Traceback (most recent call last):
  File ""/workspace/benchmarks/refactorbench/tests/ansible_refactor/new-utils-class-connection-test.py"", line 163, in test_ansible_connection_cli_stub_imports
    self.assertEqual(expected_imports, found_imports, ""Not all expected imports found in ansible_connection_cli_stub.py"")
AssertionError: Items in the first set but not the second:
'ConnectionUtils' : Not all expected imports found in ansible_connection_cli_stub.py

==========="
2026-05-27T00:30:43.404838Z,refbench,benchmark_pipeline_20260526_134819,single-agent,ansible_refactor,new-utils-from-basic,failed,0,348.72,2026-05-27T00:30:43Z,,,,,,/workspace/benchmarks/refactorbench/outputs/logs/lazy_single-agent_copilot_openrouter_free/ansible_refactor_new-utils-from-basic_1779841491857.terminal.txt,/workspace/outputs/platform/home/.copilot/session-state/3e630359-c404-4192-b314-5bec9b21d185/events.jsonl,/workspace/benchmarks/refactorbench/outputs/logs/lazy_single-agent_copilot_openrouter_free/ansible_refactor_new-utils-from-basic_1779841491857.response.txt,,12,No repository changes detected from Copilot response.
2026-05-27T00:38:54.655995Z,refbench,benchmark_pipeline_20260526_134819,single-agent,ansible_refactor,parse_key_value,failed,0,487.79,2026-05-27T00:38:54Z,,,,,,/workspace/benchmarks/refactorbench/outputs/logs/lazy_single-agent_copilot_openrouter_free/ansible_refactor_parse_key_value_1779841843956.terminal.txt,/workspace/outputs/platform/home/.copilot/session-state/3feaf55c-fef8-49a8-8c8d-b04308f78444/events.jsonl,/workspace/benchmarks/refactorbench/outputs/logs/lazy_single-agent_copilot_openrouter_free/ansible_refactor_parse_key_value_1779841843956.response.txt,2,21,"/workspace/benchmarks/refactorbench/outputs/workspaces/ansible_refactor_parse_key_value_1779841843956/repo/lib/_refbench_ast_compat.py:2: DeprecationWarning: ast.Str is deprecated and will be removed in Python 3.14; use ast.Constant instead
  if not hasattr(ast, 'Str'): ast.Str = ast.Constant
/workspace/benchmarks/refactorbench/outputs/workspaces/ansible_refactor_parse_key_value_1779841843956/repo/lib/_refbench_ast_compat.py:3: DeprecationWarning: ast.Bytes is deprecated and will be removed in Python 3.14; use ast.Constant instead
  if not hasattr(ast, 'Bytes'): ast.Bytes = ast.Constant
/workspace/benchmarks/refactorbench/outputs/workspaces/ansible_refactor_parse_key_value_1779841843956/repo/lib/_refbench_ast_compat.py:4: DeprecationWarning: ast.Num is deprecated and will be removed in Python 3.14; use ast.Constant instead
  if not hasattr(ast, 'Num'): ast.Num = ast.Constant
/workspace/benchmarks/refactorbench/outputs/workspaces/ansible_refactor_parse_key_value_1779841843956/repo/lib/_refbench_ast_compat.py:5: DeprecationWarning: ast.NameConstant is deprecated and will be removed in Python 3.14; use ast.Constant instead
  if not hasattr(ast, 'NameConstant'): ast.NameConstant = ast.Constant
FFFF.FFFFFFFFF.FFFFFF
======================================================================
FAIL: test_import_in_hacking_test_module_py (__main__.TestAnsibleImports.test_import_in_hacking_test_module_py)
----------------------------------------------------------------------
Traceback (most recent call last):
  File ""/workspace/benchmarks/refactorbench/tests/ansible_refactor/parse_key_value-test.py"", line 45, in test_import_in_hacking_test_module_py
    self.assertTrue(import_found, f""Import '{import_name}' from '{module_name}' not found in {file_path}"")
AssertionError: False is not true : Import 'parse_key_value' from 'ansible.parsing.splitter' not found in ../hacking/test-module.py

======================================================================
FAIL: test_import_in_lib_a"
2026-05-27T00:40:50.679235Z,refbench,benchmark_pipeline_20260526_134819,single-agent,ansible_refactor,rename-lenient-lowercase,failed,0,112.56,2026-05-27T00:40:50Z,,,,,,/workspace/benchmarks/refactorbench/outputs/logs/lazy_single-agent_copilot_openrouter_free/ansible_refactor_rename-lenient-lowercase_1779842335182.terminal.txt,/workspace/outputs/platform/home/.copilot/session-state/c220f11c-ef5d-4238-a004-7cb4416c556b/events.jsonl,/workspace/benchmarks/refactorbench/outputs/logs/lazy_single-agent_copilot_openrouter_free/ansible_refactor_rename-lenient-lowercase_1779842335182.response.txt,,4,No repository changes detected from Copilot response.
2026-05-27T00:42:15.178720Z,refbench,benchmark_pipeline_20260526_134819,single-agent,ansible_refactor,sort-groups-to-group-sort,failed,0,81.08,2026-05-27T00:42:15Z,,,,,,/workspace/benchmarks/refactorbench/outputs/logs/lazy_single-agent_copilot_openrouter_free/ansible_refactor_sort-groups-to-group-sort_1779842451203.terminal.txt,/workspace/outputs/platform/home/.copilot/session-state/6085299d-5c2f-44ef-89eb-58551600ffb3/events.jsonl,/workspace/benchmarks/refactorbench/outputs/logs/lazy_single-agent_copilot_openrouter_free/ansible_refactor_sort-groups-to-group-sort_1779842451203.response.txt,2,4,"/workspace/benchmarks/refactorbench/outputs/workspaces/ansible_refactor_sort-groups-to-group-sort_1779842451203/repo/lib/_refbench_ast_compat.py:2: DeprecationWarning: ast.Str is deprecated and will be removed in Python 3.14; use ast.Constant instead
  if not hasattr(ast, 'Str'): ast.Str = ast.Constant
/workspace/benchmarks/refactorbench/outputs/workspaces/ansible_refactor_sort-groups-to-group-sort_1779842451203/repo/lib/_refbench_ast_compat.py:3: DeprecationWarning: ast.Bytes is deprecated and will be removed in Python 3.14; use ast.Constant instead
  if not hasattr(ast, 'Bytes'): ast.Bytes = ast.Constant
/workspace/benchmarks/refactorbench/outputs/workspaces/ansible_refactor_sort-groups-to-group-sort_1779842451203/repo/lib/_refbench_ast_compat.py:4: DeprecationWarning: ast.Num is deprecated and will be removed in Python 3.14; use ast.Constant instead
  if not hasattr(ast, 'Num'): ast.Num = ast.Constant
/workspace/benchmarks/refactorbench/outputs/workspaces/ansible_refactor_sort-groups-to-group-sort_1779842451203/repo/lib/_refbench_ast_compat.py:5: DeprecationWarning: ast.NameConstant is deprecated and will be removed in Python 3.14; use ast.Constant instead
  if not hasattr(ast, 'NameConstant'): ast.NameConstant = ast.Constant
.F.F
======================================================================
FAIL: test_group_sort_called_in_variable_manager_get_vars (__main__.TestAnsibleImports.test_group_sort_called_in_variable_manager_get_vars)
----------------------------------------------------------------------
Traceback (most recent call last):
  File ""/workspace/benchmarks/refactorbench/tests/ansible_refactor/sort-groups-to-group-sort-test.py"", line 117, in test_group_sort_called_in_variable_manager_get_vars
    self.assertTrue(group_sort_call_found, ""Call to 'group_sort(groups)' not found in 'get_vars' method of VariableManager class in manager.py"")
AssertionError: False is not true : Call to 'group_sort(groups)' not found in 'get_vars' method of VariableManager c"
2026-05-27T00:45:10.879356Z,refbench,benchmark_pipeline_20260526_134819,single-agent,celery_refactor,add-log-parameter-get-digest-algorithm,failed,0,173.99,2026-05-27T00:45:10Z,,,,,,/workspace/benchmarks/refactorbench/outputs/logs/lazy_single-agent_copilot_openrouter_free/celery_refactor_add-log-parameter-get-digest-algorithm_1779842535719.terminal.txt,/workspace/outputs/platform/home/.copilot/session-state/2af801f5-864e-41cd-a89f-79d3cafccefc/events.jsonl,/workspace/benchmarks/refactorbench/outputs/logs/lazy_single-agent_copilot_openrouter_free/celery_refactor_add-log-parameter-get-digest-algorithm_1779842535719.response.txt,2,5,"/workspace/benchmarks/refactorbench/outputs/workspaces/celery_refactor_add-log-parameter-get-digest-algorithm_1779842535719/repo/celery/_refbench_ast_compat.py:2: DeprecationWarning: ast.Str is deprecated and will be removed in Python 3.14; use ast.Constant instead
  if not hasattr(ast, 'Str'): ast.Str = ast.Constant
/workspace/benchmarks/refactorbench/outputs/workspaces/celery_refactor_add-log-parameter-get-digest-algorithm_1779842535719/repo/celery/_refbench_ast_compat.py:3: DeprecationWarning: ast.Bytes is deprecated and will be removed in Python 3.14; use ast.Constant instead
  if not hasattr(ast, 'Bytes'): ast.Bytes = ast.Constant
/workspace/benchmarks/refactorbench/outputs/workspaces/celery_refactor_add-log-parameter-get-digest-algorithm_1779842535719/repo/celery/_refbench_ast_compat.py:4: DeprecationWarning: ast.Num is deprecated and will be removed in Python 3.14; use ast.Constant instead
  if not hasattr(ast, 'Num'): ast.Num = ast.Constant
/workspace/benchmarks/refactorbench/outputs/workspaces/celery_refactor_add-log-parameter-get-digest-algorithm_1779842535719/repo/celery/_refbench_ast_compat.py:5: DeprecationWarning: ast.NameConstant is deprecated and will be removed in Python 3.14; use ast.Constant instead
  if not hasattr(ast, 'NameConstant'): ast.NameConstant = ast.Constant
..EEE
======================================================================
ERROR: test_get_digest_algorithm_function_exists (__main__.TestCelerySecurityUtils.test_get_digest_algorithm_function_exists)
----------------------------------------------------------------------
Traceback (most recent call last):
  File ""/workspace/benchmarks/refactorbench/tests/celery_refactor/add-log-parameter-get-digest-algorithm-test.py"", line 16, in test_get_digest_algorithm_function_exists
    tree = ast.parse(file.read())
           ^^^^^^^^^^^^^^^^^^^^^^
  File ""/usr/local/lib/python3.12/ast.py"", line 52, in parse
    return compile(source, filename, mode, flags,
           ^^^^^^^^^^^^^^^^^^^^^^^"
2026-05-27T01:05:02.062938Z,refbench,benchmark_pipeline_20260526_134819,single-agent,celery_refactor,add-log-parameter-node-format,failed,0,1189.9,2026-05-27T01:05:02Z,,,,,,/workspace/benchmarks/refactorbench/outputs/logs/lazy_single-agent_copilot_openrouter_free/celery_refactor_add-log-parameter-node-format_1779842711406.terminal.txt,/workspace/outputs/platform/home/.copilot/session-state/85d4a9bd-35e3-4557-a889-aec60145032c/events.jsonl,/workspace/benchmarks/refactorbench/outputs/logs/lazy_single-agent_copilot_openrouter_free/celery_refactor_add-log-parameter-node-format_1779842711406.response.txt,,3,"/workspace/benchmarks/refactorbench/outputs/workspaces/celery_refactor_add-log-parameter-node-format_1779842711406/repo/celery/_refbench_ast_compat.py:2: DeprecationWarning: ast.Str is deprecated and will be removed in Python 3.14; use ast.Constant instead
  if not hasattr(ast, 'Str'): ast.Str = ast.Constant
/workspace/benchmarks/refactorbench/outputs/workspaces/celery_refactor_add-log-parameter-node-format_1779842711406/repo/celery/_refbench_ast_compat.py:3: DeprecationWarning: ast.Bytes is deprecated and will be removed in Python 3.14; use ast.Constant instead
  if not hasattr(ast, 'Bytes'): ast.Bytes = ast.Constant
/workspace/benchmarks/refactorbench/outputs/workspaces/celery_refactor_add-log-parameter-node-format_1779842711406/repo/celery/_refbench_ast_compat.py:4: DeprecationWarning: ast.Num is deprecated and will be removed in Python 3.14; use ast.Constant instead
  if not hasattr(ast, 'Num'): ast.Num = ast.Constant
/workspace/benchmarks/refactorbench/outputs/workspaces/celery_refactor_add-log-parameter-node-format_1779842711406/repo/celery/_refbench_ast_compat.py:5: DeprecationWarning: ast.NameConstant is deprecated and will be removed in Python 3.14; use ast.Constant instead
  if not hasattr(ast, 'NameConstant'): ast.NameConstant = ast.Constant
FFF
======================================================================
FAIL: test_node_format_calls_in_log_have_log_true (__main__.TestCeleryUtils.test_node_format_calls_in_log_have_log_true)
----------------------------------------------------------------------
Traceback (most recent call last):
  File ""/workspace/benchmarks/refactorbench/tests/celery_refactor/add-log-parameter-node-format-test.py"", line 92, in test_node_format_calls_in_log_have_log_true
    self.assertTrue(node_format_calls_with_log_true, ""Not all 'node_format' calls in log.py have 'log=True'"")
AssertionError: False is not true : Not all 'node_format' calls in log.py have 'log=True'

=============================================================="
2026-05-27T01:10:18.784984Z,refbench,benchmark_pipeline_20260526_134819,single-agent,celery_refactor,annotation-utils,failed,0,315.46,2026-05-27T01:10:18Z,,,,,,/workspace/benchmarks/refactorbench/outputs/logs/lazy_single-agent_copilot_openrouter_free/celery_refactor_annotation-utils_1779843902612.terminal.txt,/workspace/outputs/platform/home/.copilot/session-state/b2e81e93-797d-4bba-9b2d-79e2fe4bfda8/events.jsonl,/workspace/benchmarks/refactorbench/outputs/logs/lazy_single-agent_copilot_openrouter_free/celery_refactor_annotation-utils_1779843902612.response.txt,6,8,"/workspace/benchmarks/refactorbench/outputs/workspaces/celery_refactor_annotation-utils_1779843902612/repo/celery/_refbench_ast_compat.py:2: DeprecationWarning: ast.Str is deprecated and will be removed in Python 3.14; use ast.Constant instead
  if not hasattr(ast, 'Str'): ast.Str = ast.Constant
/workspace/benchmarks/refactorbench/outputs/workspaces/celery_refactor_annotation-utils_1779843902612/repo/celery/_refbench_ast_compat.py:3: DeprecationWarning: ast.Bytes is deprecated and will be removed in Python 3.14; use ast.Constant instead
  if not hasattr(ast, 'Bytes'): ast.Bytes = ast.Constant
/workspace/benchmarks/refactorbench/outputs/workspaces/celery_refactor_annotation-utils_1779843902612/repo/celery/_refbench_ast_compat.py:4: DeprecationWarning: ast.Num is deprecated and will be removed in Python 3.14; use ast.Constant instead
  if not hasattr(ast, 'Num'): ast.Num = ast.Constant
/workspace/benchmarks/refactorbench/outputs/workspaces/celery_refactor_annotation-utils_1779843902612/repo/celery/_refbench_ast_compat.py:5: DeprecationWarning: ast.NameConstant is deprecated and will be removed in Python 3.14; use ast.Constant instead
  if not hasattr(ast, 'NameConstant'): ast.NameConstant = ast.Constant
/workspace/benchmarks/refactorbench/tests/celery_refactor/annotation-utils-test.py:93: DeprecationWarning: ast.Str is deprecated and will be removed in Python 3.14; use ast.Constant instead
  elements = {element.s for element in node.value.elts if isinstance(element, ast.Str)}
/workspace/benchmarks/refactorbench/tests/celery_refactor/annotation-utils-test.py:93: DeprecationWarning: Attribute s is deprecated and will be removed in Python 3.14; use value instead
  elements = {element.s for element in node.value.elts if isinstance(element, ast.Str)}
../workspace/benchmarks/refactorbench/tests/celery_refactor/annotation-utils-test.py:163: DeprecationWarning: ast.Str is deprecated and will be removed in Python 3.14; use ast.Constant instead
  isinstance(node.value.args[0], "
2026-05-27T01:12:08.999936Z,refbench,benchmark_pipeline_20260526_134819,single-agent,celery_refactor,autoretry-to-retry,timed_out,1,108.87,2026-05-27T01:12:08Z,,,,,,/workspace/benchmarks/refactorbench/outputs/logs/lazy_single-agent_copilot_openrouter_free/celery_refactor_autoretry-to-retry_1779844219322.terminal.txt,/workspace/outputs/platform/home/.copilot/session-state/923b9e7b-bd87-4609-9a2b-50458ee93341/events.jsonl,/workspace/benchmarks/refactorbench/outputs/logs/lazy_single-agent_copilot_openrouter_free/celery_refactor_autoretry-to-retry_1779844219322.response.txt,,7,No repository changes detected from Copilot response.
2026-05-27T01:19:31.802565Z,refbench,benchmark_pipeline_20260526_134819,single-agent,celery_refactor,combine-unpickle-task,failed,0,441.57,2026-05-27T01:19:31Z,,,,,,/workspace/benchmarks/refactorbench/outputs/logs/lazy_single-agent_copilot_openrouter_free/celery_refactor_combine-unpickle-task_1779844329533.terminal.txt,/workspace/outputs/platform/home/.copilot/session-state/66f4e4f3-28e4-4618-affb-26f76c4feb93/events.jsonl,/workspace/benchmarks/refactorbench/outputs/logs/lazy_single-agent_copilot_openrouter_free/celery_refactor_combine-unpickle-task_1779844329533.response.txt,5,6,"/workspace/benchmarks/refactorbench/outputs/workspaces/celery_refactor_combine-unpickle-task_1779844329533/repo/celery/_refbench_ast_compat.py:2: DeprecationWarning: ast.Str is deprecated and will be removed in Python 3.14; use ast.Constant instead
  if not hasattr(ast, 'Str'): ast.Str = ast.Constant
/workspace/benchmarks/refactorbench/outputs/workspaces/celery_refactor_combine-unpickle-task_1779844329533/repo/celery/_refbench_ast_compat.py:3: DeprecationWarning: ast.Bytes is deprecated and will be removed in Python 3.14; use ast.Constant instead
  if not hasattr(ast, 'Bytes'): ast.Bytes = ast.Constant
/workspace/benchmarks/refactorbench/outputs/workspaces/celery_refactor_combine-unpickle-task_1779844329533/repo/celery/_refbench_ast_compat.py:4: DeprecationWarning: ast.Num is deprecated and will be removed in Python 3.14; use ast.Constant instead
  if not hasattr(ast, 'Num'): ast.Num = ast.Constant
/workspace/benchmarks/refactorbench/outputs/workspaces/celery_refactor_combine-unpickle-task_1779844329533/repo/celery/_refbench_ast_compat.py:5: DeprecationWarning: ast.NameConstant is deprecated and will be removed in Python 3.14; use ast.Constant instead
  if not hasattr(ast, 'NameConstant'): ast.NameConstant = ast.Constant
.F....
======================================================================
FAIL: test_function_test_unpickle_exists_in_test_unpickle_test (__main__.TestCeleryRegistry.test_function_test_unpickle_exists_in_test_unpickle_test)
----------------------------------------------------------------------
Traceback (most recent call last):
  File ""/workspace/benchmarks/refactorbench/tests/celery_refactor/combine-unpickle-task-test.py"", line 134, in test_function_test_unpickle_exists_in_test_unpickle_test
    self.assertTrue(test_unpickle_function_found, ""Function 'test_unpickle' not found in class 'TestUnpickleTest' in test_registry.py"")
AssertionError: False is not true : Function 'test_unpickle' not found in class 'TestUnpickleTest' in test_registry.py

-"
2026-05-27T01:24:09.176341Z,refbench,benchmark_pipeline_20260526_134819,single-agent,celery_refactor,dump-message-to-serialization,success,0,276.15,2026-05-27T01:24:09Z,,,,,,/workspace/benchmarks/refactorbench/outputs/logs/lazy_single-agent_copilot_openrouter_free/celery_refactor_dump-message-to-serialization_1779844772320.terminal.txt,/workspace/outputs/platform/home/.copilot/session-state/73965173-9368-4fb3-9770-42464a1532ce/events.jsonl,/workspace/benchmarks/refactorbench/outputs/logs/lazy_single-agent_copilot_openrouter_free/celery_refactor_dump-message-to-serialization_1779844772320.response.txt,3,3,"/workspace/benchmarks/refactorbench/outputs/workspaces/celery_refactor_dump-message-to-serialization_1779844772320/repo/celery/_refbench_ast_compat.py:2: DeprecationWarning: ast.Str is deprecated and will be removed in Python 3.14; use ast.Constant instead
  if not hasattr(ast, 'Str'): ast.Str = ast.Constant
/workspace/benchmarks/refactorbench/outputs/workspaces/celery_refactor_dump-message-to-serialization_1779844772320/repo/celery/_refbench_ast_compat.py:3: DeprecationWarning: ast.Bytes is deprecated and will be removed in Python 3.14; use ast.Constant instead
  if not hasattr(ast, 'Bytes'): ast.Bytes = ast.Constant
/workspace/benchmarks/refactorbench/outputs/workspaces/celery_refactor_dump-message-to-serialization_1779844772320/repo/celery/_refbench_ast_compat.py:4: DeprecationWarning: ast.Num is deprecated and will be removed in Python 3.14; use ast.Constant instead
  if not hasattr(ast, 'Num'): ast.Num = ast.Constant
/workspace/benchmarks/refactorbench/outputs/workspaces/celery_refactor_dump-message-to-serialization_1779844772320/repo/celery/_refbench_ast_compat.py:5: DeprecationWarning: ast.NameConstant is deprecated and will be removed in Python 3.14; use ast.Constant instead
  if not hasattr(ast, 'NameConstant'): ast.NameConstant = ast.Constant
...
----------------------------------------------------------------------
Ran 3 tests in 0.007s

OK
"
2026-05-27T01:31:25.595800Z,refbench,benchmark_pipeline_20260526_134819,single-agent,celery_refactor,ensure_serialize,failed,0,435.59,2026-05-27T01:31:25Z,,,,,,/workspace/benchmarks/refactorbench/outputs/logs/lazy_single-agent_copilot_openrouter_free/celery_refactor_ensure_serialize_1779845049250.terminal.txt,/workspace/outputs/platform/home/.copilot/session-state/cc6e8e1e-455a-45b4-af28-455a2c52f82a/events.jsonl,/workspace/benchmarks/refactorbench/outputs/logs/lazy_single-agent_copilot_openrouter_free/celery_refactor_ensure_serialize_1779845049250.response.txt,1,9,"/workspace/benchmarks/refactorbench/outputs/workspaces/celery_refactor_ensure_serialize_1779845049250/repo/celery/_refbench_ast_compat.py:2: DeprecationWarning: ast.Str is deprecated and will be removed in Python 3.14; use ast.Constant instead
  if not hasattr(ast, 'Str'): ast.Str = ast.Constant
/workspace/benchmarks/refactorbench/outputs/workspaces/celery_refactor_ensure_serialize_1779845049250/repo/celery/_refbench_ast_compat.py:3: DeprecationWarning: ast.Bytes is deprecated and will be removed in Python 3.14; use ast.Constant instead
  if not hasattr(ast, 'Bytes'): ast.Bytes = ast.Constant
/workspace/benchmarks/refactorbench/outputs/workspaces/celery_refactor_ensure_serialize_1779845049250/repo/celery/_refbench_ast_compat.py:4: DeprecationWarning: ast.Num is deprecated and will be removed in Python 3.14; use ast.Constant instead
  if not hasattr(ast, 'Num'): ast.Num = ast.Constant
/workspace/benchmarks/refactorbench/outputs/workspaces/celery_refactor_ensure_serialize_1779845049250/repo/celery/_refbench_ast_compat.py:5: DeprecationWarning: ast.NameConstant is deprecated and will be removed in Python 3.14; use ast.Constant instead
  if not hasattr(ast, 'NameConstant'): ast.NameConstant = ast.Constant
F.FFFFFFF
======================================================================
FAIL: test_class_test_ensure_serialize_exists (__main__.TestCeleryUtils.test_class_test_ensure_serialize_exists)
----------------------------------------------------------------------
Traceback (most recent call last):
  File ""/workspace/benchmarks/refactorbench/tests/celery_refactor/ensure_serialize-test.py"", line 111, in test_class_test_ensure_serialize_exists
    self.assertTrue(class_found, ""Class 'test_ensure_serialize' not found in test_serialization.py"")
AssertionError: False is not true : Class 'test_ensure_serialize' not found in test_serialization.py

======================================================================
FAIL: test_ensure_serialize_function_exists (__main__.TestC"
2026-05-27T01:35:40.399496Z,refbench,benchmark_pipeline_20260526_134819,single-agent,celery_refactor,evaluate-promises-to-serialization,timed_out,1,254.01,2026-05-27T01:35:40Z,,,,,,/workspace/benchmarks/refactorbench/outputs/logs/lazy_single-agent_copilot_openrouter_free/celery_refactor_evaluate-promises-to-serialization_1779845485669.terminal.txt,/workspace/outputs/platform/home/.copilot/session-state/f361a208-1881-423d-9853-71410f966530/events.jsonl,/workspace/benchmarks/refactorbench/outputs/logs/lazy_single-agent_copilot_openrouter_free/celery_refactor_evaluate-promises-to-serialization_1779845485669.response.txt,1,4,No repository changes detected from Copilot response.
2026-05-27T01:41:19.190276Z,refbench,benchmark_pipeline_20260526_134819,single-agent,celery_refactor,expand-router-string-to-utils,failed,0,338.01,2026-05-27T01:41:19Z,,,,,,/workspace/benchmarks/refactorbench/outputs/logs/lazy_single-agent_copilot_openrouter_free/celery_refactor_expand-router-string-to-utils_1779845740474.terminal.txt,/workspace/outputs/platform/home/.copilot/session-state/aaf79dd3-7673-4d01-a091-66248c9e1db9/events.jsonl,/workspace/benchmarks/refactorbench/outputs/logs/lazy_single-agent_copilot_openrouter_free/celery_refactor_expand-router-string-to-utils_1779845740474.response.txt,1,4,"/workspace/benchmarks/refactorbench/outputs/workspaces/celery_refactor_expand-router-string-to-utils_1779845740474/repo/celery/_refbench_ast_compat.py:2: DeprecationWarning: ast.Str is deprecated and will be removed in Python 3.14; use ast.Constant instead
  if not hasattr(ast, 'Str'): ast.Str = ast.Constant
/workspace/benchmarks/refactorbench/outputs/workspaces/celery_refactor_expand-router-string-to-utils_1779845740474/repo/celery/_refbench_ast_compat.py:3: DeprecationWarning: ast.Bytes is deprecated and will be removed in Python 3.14; use ast.Constant instead
  if not hasattr(ast, 'Bytes'): ast.Bytes = ast.Constant
/workspace/benchmarks/refactorbench/outputs/workspaces/celery_refactor_expand-router-string-to-utils_1779845740474/repo/celery/_refbench_ast_compat.py:4: DeprecationWarning: ast.Num is deprecated and will be removed in Python 3.14; use ast.Constant instead
  if not hasattr(ast, 'Num'): ast.Num = ast.Constant
/workspace/benchmarks/refactorbench/outputs/workspaces/celery_refactor_expand-router-string-to-utils_1779845740474/repo/celery/_refbench_ast_compat.py:5: DeprecationWarning: ast.NameConstant is deprecated and will be removed in Python 3.14; use ast.Constant instead
  if not hasattr(ast, 'NameConstant'): ast.NameConstant = ast.Constant
F/workspace/benchmarks/refactorbench/tests/celery_refactor/expand-router-string-to-utils-test.py:62: DeprecationWarning: ast.Str is deprecated and will be removed in Python 3.14; use ast.Constant instead
  all_elements = {elt.s for elt in all_declaration.value.elts if isinstance(elt, ast.Str)}
/workspace/benchmarks/refactorbench/tests/celery_refactor/expand-router-string-to-utils-test.py:62: DeprecationWarning: Attribute s is deprecated and will be removed in Python 3.14; use value instead
  all_elements = {elt.s for elt in all_declaration.value.elts if isinstance(elt, ast.Str)}
FF.
======================================================================
FAIL: test_expand_router_string_function_exists (__main__.TestCele"
2026-05-27T01:51:42.738614Z,refbench,benchmark_pipeline_20260526_134819,single-agent,celery_refactor,object-mro-lookup,success,0,622.73,2026-05-27T01:51:42Z,,,,,,/workspace/benchmarks/refactorbench/outputs/logs/lazy_single-agent_copilot_openrouter_free/celery_refactor_object-mro-lookup_1779846079268.terminal.txt,/workspace/outputs/platform/home/.copilot/session-state/94760c66-d088-46b8-b347-0b3b49bb564a/events.jsonl,/workspace/benchmarks/refactorbench/outputs/logs/lazy_single-agent_copilot_openrouter_free/celery_refactor_object-mro-lookup_1779846079268.response.txt,3,3,"/workspace/benchmarks/refactorbench/outputs/workspaces/celery_refactor_object-mro-lookup_1779846079268/repo/celery/_refbench_ast_compat.py:2: DeprecationWarning: ast.Str is deprecated and will be removed in Python 3.14; use ast.Constant instead
  if not hasattr(ast, 'Str'): ast.Str = ast.Constant
/workspace/benchmarks/refactorbench/outputs/workspaces/celery_refactor_object-mro-lookup_1779846079268/repo/celery/_refbench_ast_compat.py:3: DeprecationWarning: ast.Bytes is deprecated and will be removed in Python 3.14; use ast.Constant instead
  if not hasattr(ast, 'Bytes'): ast.Bytes = ast.Constant
/workspace/benchmarks/refactorbench/outputs/workspaces/celery_refactor_object-mro-lookup_1779846079268/repo/celery/_refbench_ast_compat.py:4: DeprecationWarning: ast.Num is deprecated and will be removed in Python 3.14; use ast.Constant instead
  if not hasattr(ast, 'Num'): ast.Num = ast.Constant
/workspace/benchmarks/refactorbench/outputs/workspaces/celery_refactor_object-mro-lookup_1779846079268/repo/celery/_refbench_ast_compat.py:5: DeprecationWarning: ast.NameConstant is deprecated and will be removed in Python 3.14; use ast.Constant instead
  if not hasattr(ast, 'NameConstant'): ast.NameConstant = ast.Constant
...
----------------------------------------------------------------------
Ran 3 tests in 0.036s

OK
"
2026-05-27T01:54:25.916495Z,refbench,benchmark_pipeline_20260526_134819,single-agent,celery_refactor,rename-host-format,failed,0,162.38,2026-05-27T01:54:25Z,,,,,,/workspace/benchmarks/refactorbench/outputs/logs/lazy_single-agent_copilot_openrouter_free/celery_refactor_rename-host-format_1779846702817.terminal.txt,/workspace/outputs/platform/home/.copilot/session-state/152cd966-52a0-45c6-b097-ca6135ff1f85/events.jsonl,/workspace/benchmarks/refactorbench/outputs/logs/lazy_single-agent_copilot_openrouter_free/celery_refactor_rename-host-format_1779846702817.response.txt,3,7,"/workspace/benchmarks/refactorbench/outputs/workspaces/celery_refactor_rename-host-format_1779846702817/repo/celery/_refbench_ast_compat.py:2: DeprecationWarning: ast.Str is deprecated and will be removed in Python 3.14; use ast.Constant instead
  if not hasattr(ast, 'Str'): ast.Str = ast.Constant
/workspace/benchmarks/refactorbench/outputs/workspaces/celery_refactor_rename-host-format_1779846702817/repo/celery/_refbench_ast_compat.py:3: DeprecationWarning: ast.Bytes is deprecated and will be removed in Python 3.14; use ast.Constant instead
  if not hasattr(ast, 'Bytes'): ast.Bytes = ast.Constant
/workspace/benchmarks/refactorbench/outputs/workspaces/celery_refactor_rename-host-format_1779846702817/repo/celery/_refbench_ast_compat.py:4: DeprecationWarning: ast.Num is deprecated and will be removed in Python 3.14; use ast.Constant instead
  if not hasattr(ast, 'Num'): ast.Num = ast.Constant
/workspace/benchmarks/refactorbench/outputs/workspaces/celery_refactor_rename-host-format_1779846702817/repo/celery/_refbench_ast_compat.py:5: DeprecationWarning: ast.NameConstant is deprecated and will be removed in Python 3.14; use ast.Constant instead
  if not hasattr(ast, 'NameConstant'): ast.NameConstant = ast.Constant
./workspace/benchmarks/refactorbench/tests/celery_refactor/rename-host-format-test.py:57: DeprecationWarning: ast.Str is deprecated and will be removed in Python 3.14; use ast.Constant instead
  elements = {element.s for element in all_declaration.elts if isinstance(element, ast.Str)}
/workspace/benchmarks/refactorbench/tests/celery_refactor/rename-host-format-test.py:57: DeprecationWarning: Attribute s is deprecated and will be removed in Python 3.14; use value instead
  elements = {element.s for element in all_declaration.elts if isinstance(element, ast.Str)}
.FFF.F
======================================================================
FAIL: test_format_host_not_called_in_multi (__main__.TestCeleryUtilsNodenames.test_format_host_not_called_in_multi)
---------"
2026-05-27T01:57:44.852862Z,refbench,benchmark_pipeline_20260526_134819,single-agent,celery_refactor,truncate-text,failed,0,198.12,2026-05-27T01:57:44Z,,,,,,/workspace/benchmarks/refactorbench/outputs/logs/lazy_single-agent_copilot_openrouter_free/celery_refactor_truncate-text_1779846865991.terminal.txt,/workspace/outputs/platform/home/.copilot/session-state/327f659f-efe8-40d1-b453-cf0989667aab/events.jsonl,/workspace/benchmarks/refactorbench/outputs/logs/lazy_single-agent_copilot_openrouter_free/celery_refactor_truncate-text_1779846865991.response.txt,,9,"/workspace/benchmarks/refactorbench/outputs/workspaces/celery_refactor_truncate-text_1779846865991/repo/celery/_refbench_ast_compat.py:2: DeprecationWarning: ast.Str is deprecated and will be removed in Python 3.14; use ast.Constant instead
  if not hasattr(ast, 'Str'): ast.Str = ast.Constant
/workspace/benchmarks/refactorbench/outputs/workspaces/celery_refactor_truncate-text_1779846865991/repo/celery/_refbench_ast_compat.py:3: DeprecationWarning: ast.Bytes is deprecated and will be removed in Python 3.14; use ast.Constant instead
  if not hasattr(ast, 'Bytes'): ast.Bytes = ast.Constant
/workspace/benchmarks/refactorbench/outputs/workspaces/celery_refactor_truncate-text_1779846865991/repo/celery/_refbench_ast_compat.py:4: DeprecationWarning: ast.Num is deprecated and will be removed in Python 3.14; use ast.Constant instead
  if not hasattr(ast, 'Num'): ast.Num = ast.Constant
/workspace/benchmarks/refactorbench/outputs/workspaces/celery_refactor_truncate-text_1779846865991/repo/celery/_refbench_ast_compat.py:5: DeprecationWarning: ast.NameConstant is deprecated and will be removed in Python 3.14; use ast.Constant instead
  if not hasattr(ast, 'NameConstant'): ast.NameConstant = ast.Constant
FFFFFFFF/workspace/benchmarks/refactorbench/tests/celery_refactor/truncate-text-test.py:48: DeprecationWarning: ast.Str is deprecated and will be removed in Python 3.14; use ast.Constant instead
  if isinstance(element, ast.Str) and element.s == 'truncate_text':
/workspace/benchmarks/refactorbench/tests/celery_refactor/truncate-text-test.py:48: DeprecationWarning: Attribute s is deprecated and will be removed in Python 3.14; use value instead
  if isinstance(element, ast.Str) and element.s == 'truncate_text':
F
======================================================================
FAIL: test_import_abbr_abbrtask_ensure_newlines_indent_pretty_truncate_text_in_test_text (__main__.TestCeleryUtils.test_import_abbr_abbrtask_ensure_newlines_indent_pretty_truncate_text_in_test_text)
----"
2026-05-27T02:01:38.072559Z,refbench,benchmark_pipeline_20260526_134819,single-agent,django_refactor,add-log-parameter-constant-time-compare,failed,0,228.94,2026-05-27T02:01:38Z,,,,,,/workspace/benchmarks/refactorbench/outputs/logs/lazy_single-agent_copilot_openrouter_free/django_refactor_add-log-parameter-constant-time-compare_1779847064929.terminal.txt,/workspace/outputs/platform/home/.copilot/session-state/3086c9ca-8813-4d01-9a79-b00290606edf/events.jsonl,/workspace/benchmarks/refactorbench/outputs/logs/lazy_single-agent_copilot_openrouter_free/django_refactor_add-log-parameter-constant-time-compare_1779847064929.response.txt,,3,"/workspace/benchmarks/refactorbench/outputs/workspaces/django_refactor_add-log-parameter-constant-time-compare_1779847064929/repo/django/_refbench_ast_compat.py:2: DeprecationWarning: ast.Str is deprecated and will be removed in Python 3.14; use ast.Constant instead
  if not hasattr(ast, 'Str'): ast.Str = ast.Constant
/workspace/benchmarks/refactorbench/outputs/workspaces/django_refactor_add-log-parameter-constant-time-compare_1779847064929/repo/django/_refbench_ast_compat.py:3: DeprecationWarning: ast.Bytes is deprecated and will be removed in Python 3.14; use ast.Constant instead
  if not hasattr(ast, 'Bytes'): ast.Bytes = ast.Constant
/workspace/benchmarks/refactorbench/outputs/workspaces/django_refactor_add-log-parameter-constant-time-compare_1779847064929/repo/django/_refbench_ast_compat.py:4: DeprecationWarning: ast.Num is deprecated and will be removed in Python 3.14; use ast.Constant instead
  if not hasattr(ast, 'Num'): ast.Num = ast.Constant
/workspace/benchmarks/refactorbench/outputs/workspaces/django_refactor_add-log-parameter-constant-time-compare_1779847064929/repo/django/_refbench_ast_compat.py:5: DeprecationWarning: ast.NameConstant is deprecated and will be removed in Python 3.14; use ast.Constant instead
  if not hasattr(ast, 'NameConstant'): ast.NameConstant = ast.Constant
FFF
======================================================================
FAIL: test_function_definition (__main__.TestConstantTimeCompareLogging.test_function_definition)
----------------------------------------------------------------------
Traceback (most recent call last):
  File ""/workspace/benchmarks/refactorbench/tests/django_refactor/constant-time-compare.py"", line 18, in test_function_definition
    self.assertIn('log', args, ""Missing 'log' parameter"")
AssertionError: 'log' not found in ['val1', 'val2'] : Missing 'log' parameter

======================================================================
FAIL: test_usages_have_boolean_true (__main__.TestConstantTimeCompareL"
2026-05-27T02:06:35.561612Z,refbench,benchmark_pipeline_20260526_134819,single-agent,django_refactor,add-log-parameter-get-resolver,failed,0,293.25,2026-05-27T02:06:35Z,,,,,,/workspace/benchmarks/refactorbench/outputs/logs/lazy_single-agent_copilot_openrouter_free/django_refactor_add-log-parameter-get-resolver_1779847298146.terminal.txt,/workspace/outputs/platform/home/.copilot/session-state/fa70f448-940d-4c04-8e0d-b00abffdb7c5/events.jsonl,/workspace/benchmarks/refactorbench/outputs/logs/lazy_single-agent_copilot_openrouter_free/django_refactor_add-log-parameter-get-resolver_1779847298146.response.txt,,3,"/workspace/benchmarks/refactorbench/outputs/workspaces/django_refactor_add-log-parameter-get-resolver_1779847298146/repo/django/_refbench_ast_compat.py:2: DeprecationWarning: ast.Str is deprecated and will be removed in Python 3.14; use ast.Constant instead
  if not hasattr(ast, 'Str'): ast.Str = ast.Constant
/workspace/benchmarks/refactorbench/outputs/workspaces/django_refactor_add-log-parameter-get-resolver_1779847298146/repo/django/_refbench_ast_compat.py:3: DeprecationWarning: ast.Bytes is deprecated and will be removed in Python 3.14; use ast.Constant instead
  if not hasattr(ast, 'Bytes'): ast.Bytes = ast.Constant
/workspace/benchmarks/refactorbench/outputs/workspaces/django_refactor_add-log-parameter-get-resolver_1779847298146/repo/django/_refbench_ast_compat.py:4: DeprecationWarning: ast.Num is deprecated and will be removed in Python 3.14; use ast.Constant instead
  if not hasattr(ast, 'Num'): ast.Num = ast.Constant
/workspace/benchmarks/refactorbench/outputs/workspaces/django_refactor_add-log-parameter-get-resolver_1779847298146/repo/django/_refbench_ast_compat.py:5: DeprecationWarning: ast.NameConstant is deprecated and will be removed in Python 3.14; use ast.Constant instead
  if not hasattr(ast, 'NameConstant'): ast.NameConstant = ast.Constant
/workspace/benchmarks/refactorbench/tests/django_refactor/get_resolver.py:22: DeprecationWarning: ast.NameConstant is deprecated and will be removed in Python 3.14; use ast.Constant instead
  (kw for kw in node.args.defaults if isinstance(kw, ast.NameConstant) and kw.value is False),
FFF
======================================================================
FAIL: test_function_definition (__main__.TestGetResolverLogging.test_function_definition)
----------------------------------------------------------------------
Traceback (most recent call last):
  File ""/workspace/benchmarks/refactorbench/tests/django_refactor/get_resolver.py"", line 25, in test_function_definition
    self.assertIsNotNone(boolean_param, ""Boole"
2026-05-27T02:09:08.972992Z,refbench,benchmark_pipeline_20260526_134819,single-agent,django_refactor,add-log-parameter-resolve-error-handler,failed,0,149.17,2026-05-27T02:09:08Z,,,,,,/workspace/benchmarks/refactorbench/outputs/logs/lazy_single-agent_copilot_openrouter_free/django_refactor_add-log-parameter-resolve-error-handler_1779847595637.terminal.txt,/workspace/outputs/platform/home/.copilot/session-state/16afee13-a41e-4f40-8acb-e904a8688feb/events.jsonl,/workspace/benchmarks/refactorbench/outputs/logs/lazy_single-agent_copilot_openrouter_free/django_refactor_add-log-parameter-resolve-error-handler_1779847595637.response.txt,,2,No repository changes detected from Copilot response.
2026-05-27T02:12:29.090247Z,refbench,benchmark_pipeline_20260526_134819,single-agent,django_refactor,add-none-handling-duration-string,failed,0,195.92,2026-05-27T02:12:29Z,,,,,,/workspace/benchmarks/refactorbench/outputs/logs/lazy_single-agent_copilot_openrouter_free/django_refactor_add-none-handling-duration-string_1779847749047.terminal.txt,/workspace/outputs/platform/home/.copilot/session-state/6b5e54ce-3c6f-420f-bf72-313f7416fe91/events.jsonl,/workspace/benchmarks/refactorbench/outputs/logs/lazy_single-agent_copilot_openrouter_free/django_refactor_add-none-handling-duration-string_1779847749047.response.txt,2,3,"/workspace/benchmarks/refactorbench/outputs/workspaces/django_refactor_add-none-handling-duration-string_1779847749047/repo/django/_refbench_ast_compat.py:2: DeprecationWarning: ast.Str is deprecated and will be removed in Python 3.14; use ast.Constant instead
  if not hasattr(ast, 'Str'): ast.Str = ast.Constant
/workspace/benchmarks/refactorbench/outputs/workspaces/django_refactor_add-none-handling-duration-string_1779847749047/repo/django/_refbench_ast_compat.py:3: DeprecationWarning: ast.Bytes is deprecated and will be removed in Python 3.14; use ast.Constant instead
  if not hasattr(ast, 'Bytes'): ast.Bytes = ast.Constant
/workspace/benchmarks/refactorbench/outputs/workspaces/django_refactor_add-none-handling-duration-string_1779847749047/repo/django/_refbench_ast_compat.py:4: DeprecationWarning: ast.Num is deprecated and will be removed in Python 3.14; use ast.Constant instead
  if not hasattr(ast, 'Num'): ast.Num = ast.Constant
/workspace/benchmarks/refactorbench/outputs/workspaces/django_refactor_add-none-handling-duration-string_1779847749047/repo/django/_refbench_ast_compat.py:5: DeprecationWarning: ast.NameConstant is deprecated and will be removed in Python 3.14; use ast.Constant instead
  if not hasattr(ast, 'NameConstant'): ast.NameConstant = ast.Constant
..F
======================================================================
FAIL: test_value_to_string_none_check_removed (__main__.TestDurationStringHandling.test_value_to_string_none_check_removed)
----------------------------------------------------------------------
Traceback (most recent call last):
  File ""/workspace/benchmarks/refactorbench/tests/django_refactor/duration-string.py"", line 69, in test_value_to_string_none_check_removed
    self.assertTrue(none_check_removed and direct_return,
AssertionError: False is not true : The function value_to_string in DurationField no longer handles None and directly returns duration_string(val).

------------------------------------------------------------"
2026-05-27T02:22:22.606696Z,refbench,benchmark_pipeline_20260526_134819,single-agent,django_refactor,combine-utils-dates-dateformat,failed,0,589.31,2026-05-27T02:22:22Z,,,,,,/workspace/benchmarks/refactorbench/outputs/logs/lazy_single-agent_copilot_openrouter_free/django_refactor_combine-utils-dates-dateformat_1779847949164.terminal.txt,/workspace/outputs/platform/home/.copilot/session-state/bc6986e8-db73-4679-8089-f53c57eb83bf/events.jsonl,/workspace/benchmarks/refactorbench/outputs/logs/lazy_single-agent_copilot_openrouter_free/django_refactor_combine-utils-dates-dateformat_1779847949164.response.txt,1,4,"/workspace/benchmarks/refactorbench/outputs/workspaces/django_refactor_combine-utils-dates-dateformat_1779847949164/repo/django/_refbench_ast_compat.py:2: DeprecationWarning: ast.Str is deprecated and will be removed in Python 3.14; use ast.Constant instead
  if not hasattr(ast, 'Str'): ast.Str = ast.Constant
/workspace/benchmarks/refactorbench/outputs/workspaces/django_refactor_combine-utils-dates-dateformat_1779847949164/repo/django/_refbench_ast_compat.py:3: DeprecationWarning: ast.Bytes is deprecated and will be removed in Python 3.14; use ast.Constant instead
  if not hasattr(ast, 'Bytes'): ast.Bytes = ast.Constant
/workspace/benchmarks/refactorbench/outputs/workspaces/django_refactor_combine-utils-dates-dateformat_1779847949164/repo/django/_refbench_ast_compat.py:4: DeprecationWarning: ast.Num is deprecated and will be removed in Python 3.14; use ast.Constant instead
  if not hasattr(ast, 'Num'): ast.Num = ast.Constant
/workspace/benchmarks/refactorbench/outputs/workspaces/django_refactor_combine-utils-dates-dateformat_1779847949164/repo/django/_refbench_ast_compat.py:5: DeprecationWarning: ast.NameConstant is deprecated and will be removed in Python 3.14; use ast.Constant instead
  if not hasattr(ast, 'NameConstant'): ast.NameConstant = ast.Constant
.FFF
======================================================================
FAIL: test_dates_file_deleted (__main__.TestDatesMigration.test_dates_file_deleted)
----------------------------------------------------------------------
Traceback (most recent call last):
  File ""/workspace/benchmarks/refactorbench/tests/django_refactor/dates-dateformat.py"", line 16, in test_dates_file_deleted
    self.assertFalse(os.path.exists(self.dates_file_path), ""dates.py should be deleted"")
AssertionError: True is not false : dates.py should be deleted

======================================================================
FAIL: test_import_in_widget_tests (__main__.TestDatesMigration.test_import_in_widget_tests)
-----------------"
2026-05-27T02:28:07.617175Z,refbench,benchmark_pipeline_20260526_134819,single-agent,django_refactor,combine-utils-hashable-itercompat,failed,0,340.68,2026-05-27T02:28:07Z,,,,,,/workspace/benchmarks/refactorbench/outputs/logs/lazy_single-agent_copilot_openrouter_free/django_refactor_combine-utils-hashable-itercompat_1779848542679.terminal.txt,/workspace/outputs/platform/home/.copilot/session-state/f082c3fe-e14c-4dc6-bc74-cdb53f8cc00a/events.jsonl,/workspace/benchmarks/refactorbench/outputs/logs/lazy_single-agent_copilot_openrouter_free/django_refactor_combine-utils-hashable-itercompat_1779848542679.response.txt,,4,"/workspace/benchmarks/refactorbench/outputs/workspaces/django_refactor_combine-utils-hashable-itercompat_1779848542679/repo/django/_refbench_ast_compat.py:2: DeprecationWarning: ast.Str is deprecated and will be removed in Python 3.14; use ast.Constant instead
  if not hasattr(ast, 'Str'): ast.Str = ast.Constant
/workspace/benchmarks/refactorbench/outputs/workspaces/django_refactor_combine-utils-hashable-itercompat_1779848542679/repo/django/_refbench_ast_compat.py:3: DeprecationWarning: ast.Bytes is deprecated and will be removed in Python 3.14; use ast.Constant instead
  if not hasattr(ast, 'Bytes'): ast.Bytes = ast.Constant
/workspace/benchmarks/refactorbench/outputs/workspaces/django_refactor_combine-utils-hashable-itercompat_1779848542679/repo/django/_refbench_ast_compat.py:4: DeprecationWarning: ast.Num is deprecated and will be removed in Python 3.14; use ast.Constant instead
  if not hasattr(ast, 'Num'): ast.Num = ast.Constant
/workspace/benchmarks/refactorbench/outputs/workspaces/django_refactor_combine-utils-hashable-itercompat_1779848542679/repo/django/_refbench_ast_compat.py:5: DeprecationWarning: ast.NameConstant is deprecated and will be removed in Python 3.14; use ast.Constant instead
  if not hasattr(ast, 'NameConstant'): ast.NameConstant = ast.Constant
.EFFFFFFFFFFF
======================================================================
ERROR: test_is_iterable_imports_updated (__main__.TestUtilsMigration.test_is_iterable_imports_updated)
----------------------------------------------------------------------
Traceback (most recent call last):
  File ""/workspace/benchmarks/refactorbench/tests/django_refactor/hashable-itercompat.py"", line 75, in test_is_iterable_imports_updated
    with open(self.combined_test_file_path, 'r') as file:
         ^^^^^^^^^^^^^^^^^^^^^^^^^^^^^^^^^^^^^^^
FileNotFoundError: [Errno 2] No such file or directory: '../tests/utils_tests/test_able.py'

======================================================================
FAIL: test"
2026-05-27T02:44:09.157926Z,refbench,benchmark_pipeline_20260526_134819,single-agent,django_refactor,new-converter-to-python-class,failed,0,957.0,2026-05-27T02:44:09Z,,,,,,/workspace/benchmarks/refactorbench/outputs/logs/lazy_single-agent_copilot_openrouter_free/django_refactor_new-converter-to-python-class_1779848887992.terminal.txt,/workspace/outputs/platform/home/.copilot/session-state/cd37e543-aef5-4ec8-b54a-26547fbecd3d/events.jsonl,/workspace/benchmarks/refactorbench/outputs/logs/lazy_single-agent_copilot_openrouter_free/django_refactor_new-converter-to-python-class_1779848887992.response.txt,,3,"/workspace/benchmarks/refactorbench/outputs/workspaces/django_refactor_new-converter-to-python-class_1779848887992/repo/django/_refbench_ast_compat.py:2: DeprecationWarning: ast.Str is deprecated and will be removed in Python 3.14; use ast.Constant instead
  if not hasattr(ast, 'Str'): ast.Str = ast.Constant
/workspace/benchmarks/refactorbench/outputs/workspaces/django_refactor_new-converter-to-python-class_1779848887992/repo/django/_refbench_ast_compat.py:3: DeprecationWarning: ast.Bytes is deprecated and will be removed in Python 3.14; use ast.Constant instead
  if not hasattr(ast, 'Bytes'): ast.Bytes = ast.Constant
/workspace/benchmarks/refactorbench/outputs/workspaces/django_refactor_new-converter-to-python-class_1779848887992/repo/django/_refbench_ast_compat.py:4: DeprecationWarning: ast.Num is deprecated and will be removed in Python 3.14; use ast.Constant instead
  if not hasattr(ast, 'Num'): ast.Num = ast.Constant
/workspace/benchmarks/refactorbench/outputs/workspaces/django_refactor_new-converter-to-python-class_1779848887992/repo/django/_refbench_ast_compat.py:5: DeprecationWarning: ast.NameConstant is deprecated and will be removed in Python 3.14; use ast.Constant instead
  if not hasattr(ast, 'NameConstant'): ast.NameConstant = ast.Constant
FFF
======================================================================
FAIL: test_converter_to_python_class_exists (__main__.TestBackendsUtils.test_converter_to_python_class_exists)
----------------------------------------------------------------------
Traceback (most recent call last):
  File ""/workspace/benchmarks/refactorbench/tests/django_refactor/converter-to-python.py"", line 24, in test_converter_to_python_class_exists
    self.assertTrue(class_found, ""Class 'ConverterToPython' not found in backends/utils.py"")
AssertionError: False is not true : Class 'ConverterToPython' not found in backends/utils.py

======================================================================
FAIL: test_converter_to_python_funct"
2026-05-27T02:53:43.137032Z,refbench,benchmark_pipeline_20260526_134819,single-agent,django_refactor,new-path-traversal-exception,failed,0,569.44,2026-05-27T02:53:43Z,,,,,,/workspace/benchmarks/refactorbench/outputs/logs/lazy_single-agent_copilot_openrouter_free/django_refactor_new-path-traversal-exception_1779849849525.terminal.txt,/workspace/outputs/platform/home/.copilot/session-state/96ae1d9a-f65f-4812-93ed-1495ebfdef3d/events.jsonl,/workspace/benchmarks/refactorbench/outputs/logs/lazy_single-agent_copilot_openrouter_free/django_refactor_new-path-traversal-exception_1779849849525.response.txt,2,9,"/workspace/benchmarks/refactorbench/outputs/workspaces/django_refactor_new-path-traversal-exception_1779849849525/repo/django/_refbench_ast_compat.py:2: DeprecationWarning: ast.Str is deprecated and will be removed in Python 3.14; use ast.Constant instead
  if not hasattr(ast, 'Str'): ast.Str = ast.Constant
/workspace/benchmarks/refactorbench/outputs/workspaces/django_refactor_new-path-traversal-exception_1779849849525/repo/django/_refbench_ast_compat.py:3: DeprecationWarning: ast.Bytes is deprecated and will be removed in Python 3.14; use ast.Constant instead
  if not hasattr(ast, 'Bytes'): ast.Bytes = ast.Constant
/workspace/benchmarks/refactorbench/outputs/workspaces/django_refactor_new-path-traversal-exception_1779849849525/repo/django/_refbench_ast_compat.py:4: DeprecationWarning: ast.Num is deprecated and will be removed in Python 3.14; use ast.Constant instead
  if not hasattr(ast, 'Num'): ast.Num = ast.Constant
/workspace/benchmarks/refactorbench/outputs/workspaces/django_refactor_new-path-traversal-exception_1779849849525/repo/django/_refbench_ast_compat.py:5: DeprecationWarning: ast.NameConstant is deprecated and will be removed in Python 3.14; use ast.Constant instead
  if not hasattr(ast, 'NameConstant'): ast.NameConstant = ast.Constant
FFFFFFF..
======================================================================
FAIL: test_generate_filename_raises_pathtraversal (__main__.TestPathTraversalException.test_generate_filename_raises_pathtraversal)
----------------------------------------------------------------------
Traceback (most recent call last):
  File ""/workspace/benchmarks/refactorbench/tests/django_refactor/path-traversal.py"", line 87, in test_generate_filename_raises_pathtraversal
    self.assertTrue(raise_check, ""PathTraversal exception is not raised in generate_filename"")
AssertionError: False is not true : PathTraversal exception is not raised in generate_filename

======================================================================
FAIL: te"
2026-05-27T02:57:55.485561Z,refbench,benchmark_pipeline_20260526_134819,single-agent,django_refactor,new-reference-context-field-class,timed_out,1,247.73,2026-05-27T02:57:55Z,,,,,,/workspace/benchmarks/refactorbench/outputs/logs/lazy_single-agent_copilot_openrouter_free/django_refactor_new-reference-context-field-class_1779850423508.terminal.txt,/workspace/outputs/platform/home/.copilot/session-state/9c11ccac-4da9-43d8-bdb9-af3a6099b2e7/events.jsonl,/workspace/benchmarks/refactorbench/outputs/logs/lazy_single-agent_copilot_openrouter_free/django_refactor_new-reference-context-field-class_1779850423508.response.txt,,4,No repository changes detected from Copilot response.
2026-05-27T03:02:55.544663Z,refbench,benchmark_pipeline_20260526_134819,single-agent,django_refactor,new-reference-context-graph-class,failed,0,295.35,2026-05-27T03:02:55Z,,,,,,/workspace/benchmarks/refactorbench/outputs/logs/lazy_single-agent_copilot_openrouter_free/django_refactor_new-reference-context-graph-class_1779850675855.terminal.txt,/workspace/outputs/platform/home/.copilot/session-state/173fb912-04c5-4427-8b5c-574d02f02c2c/events.jsonl,/workspace/benchmarks/refactorbench/outputs/logs/lazy_single-agent_copilot_openrouter_free/django_refactor_new-reference-context-graph-class_1779850675855.response.txt,5,9,"/workspace/benchmarks/refactorbench/outputs/workspaces/django_refactor_new-reference-context-graph-class_1779850675855/repo/django/_refbench_ast_compat.py:2: DeprecationWarning: ast.Str is deprecated and will be removed in Python 3.14; use ast.Constant instead
  if not hasattr(ast, 'Str'): ast.Str = ast.Constant
/workspace/benchmarks/refactorbench/outputs/workspaces/django_refactor_new-reference-context-graph-class_1779850675855/repo/django/_refbench_ast_compat.py:3: DeprecationWarning: ast.Bytes is deprecated and will be removed in Python 3.14; use ast.Constant instead
  if not hasattr(ast, 'Bytes'): ast.Bytes = ast.Constant
/workspace/benchmarks/refactorbench/outputs/workspaces/django_refactor_new-reference-context-graph-class_1779850675855/repo/django/_refbench_ast_compat.py:4: DeprecationWarning: ast.Num is deprecated and will be removed in Python 3.14; use ast.Constant instead
  if not hasattr(ast, 'Num'): ast.Num = ast.Constant
/workspace/benchmarks/refactorbench/outputs/workspaces/django_refactor_new-reference-context-graph-class_1779850675855/repo/django/_refbench_ast_compat.py:5: DeprecationWarning: ast.NameConstant is deprecated and will be removed in Python 3.14; use ast.Constant instead
  if not hasattr(ast, 'NameConstant'): ast.NameConstant = ast.Constant
....FFFF.
======================================================================
FAIL: test_reference_context_import_in_autodetector (__main__.TestReferenceContextInAddDependency.test_reference_context_import_in_autodetector)
----------------------------------------------------------------------
Traceback (most recent call last):
  File ""/workspace/benchmarks/refactorbench/tests/django_refactor/reference-context-graph.py"", line 60, in test_reference_context_import_in_autodetector
    self.assertTrue(import_found, f""ReferenceContext not imported in {file_path}"")
AssertionError: False is not true : ReferenceContext not imported in ../tests/migrations/test_autodetector.py

================================"
2026-05-27T03:25:55.669172Z,refbench,benchmark_pipeline_20260526_134819,single-agent,django_refactor,new-timezone-class,failed,0,1375.47,2026-05-27T03:25:55Z,,,,,,/workspace/benchmarks/refactorbench/outputs/logs/lazy_single-agent_copilot_openrouter_free/django_refactor_new-timezone-class_1779850975914.terminal.txt,/workspace/outputs/platform/home/.copilot/session-state/39c9f2e7-d4f6-4fec-8b04-6e5d3e27f3a6/events.jsonl,/workspace/benchmarks/refactorbench/outputs/logs/lazy_single-agent_copilot_openrouter_free/django_refactor_new-timezone-class_1779850975914.response.txt,,4,"/workspace/benchmarks/refactorbench/outputs/workspaces/django_refactor_new-timezone-class_1779850975914/repo/django/_refbench_ast_compat.py:2: DeprecationWarning: ast.Str is deprecated and will be removed in Python 3.14; use ast.Constant instead
  if not hasattr(ast, 'Str'): ast.Str = ast.Constant
/workspace/benchmarks/refactorbench/outputs/workspaces/django_refactor_new-timezone-class_1779850975914/repo/django/_refbench_ast_compat.py:3: DeprecationWarning: ast.Bytes is deprecated and will be removed in Python 3.14; use ast.Constant instead
  if not hasattr(ast, 'Bytes'): ast.Bytes = ast.Constant
/workspace/benchmarks/refactorbench/outputs/workspaces/django_refactor_new-timezone-class_1779850975914/repo/django/_refbench_ast_compat.py:4: DeprecationWarning: ast.Num is deprecated and will be removed in Python 3.14; use ast.Constant instead
  if not hasattr(ast, 'Num'): ast.Num = ast.Constant
/workspace/benchmarks/refactorbench/outputs/workspaces/django_refactor_new-timezone-class_1779850975914/repo/django/_refbench_ast_compat.py:5: DeprecationWarning: ast.NameConstant is deprecated and will be removed in Python 3.14; use ast.Constant instead
  if not hasattr(ast, 'NameConstant'): ast.NameConstant = ast.Constant
FFFF
======================================================================
FAIL: test_class_imported_in_other_files (__main__.TestTimeZoneFunctionsInClass.test_class_imported_in_other_files)
----------------------------------------------------------------------
Traceback (most recent call last):
  File ""/workspace/benchmarks/refactorbench/tests/django_refactor/timezone.py"", line 62, in test_class_imported_in_other_files
    self.assertTrue(class_imported, f""None of the classes '{', '.join(class_names)}' imported in {file_path}"")
AssertionError: False is not true : None of the classes 'RenderableMixin, RenderableFieldMixin, RenderableFormMixin, RenderableErrorMixin, ErrorDict, ErrorList' imported in ../django/forms/fields.py

==================================="
2026-05-27T03:31:24.874155Z,refbench,benchmark_pipeline_20260526_134819,single-agent,django_refactor,new-utils-adapt-method-mode,failed,0,324.62,2026-05-27T03:31:24Z,,,,,,/workspace/benchmarks/refactorbench/outputs/logs/lazy_single-agent_copilot_openrouter_free/django_refactor_new-utils-adapt-method-mode_1779852356042.terminal.txt,/workspace/outputs/platform/home/.copilot/session-state/d68fa0db-9654-45d9-a289-32beb9ca7c4b/events.jsonl,/workspace/benchmarks/refactorbench/outputs/logs/lazy_single-agent_copilot_openrouter_free/django_refactor_new-utils-adapt-method-mode_1779852356042.response.txt,2,3,"/workspace/benchmarks/refactorbench/outputs/workspaces/django_refactor_new-utils-adapt-method-mode_1779852356042/repo/django/_refbench_ast_compat.py:2: DeprecationWarning: ast.Str is deprecated and will be removed in Python 3.14; use ast.Constant instead
  if not hasattr(ast, 'Str'): ast.Str = ast.Constant
/workspace/benchmarks/refactorbench/outputs/workspaces/django_refactor_new-utils-adapt-method-mode_1779852356042/repo/django/_refbench_ast_compat.py:3: DeprecationWarning: ast.Bytes is deprecated and will be removed in Python 3.14; use ast.Constant instead
  if not hasattr(ast, 'Bytes'): ast.Bytes = ast.Constant
/workspace/benchmarks/refactorbench/outputs/workspaces/django_refactor_new-utils-adapt-method-mode_1779852356042/repo/django/_refbench_ast_compat.py:4: DeprecationWarning: ast.Num is deprecated and will be removed in Python 3.14; use ast.Constant instead
  if not hasattr(ast, 'Num'): ast.Num = ast.Constant
/workspace/benchmarks/refactorbench/outputs/workspaces/django_refactor_new-utils-adapt-method-mode_1779852356042/repo/django/_refbench_ast_compat.py:5: DeprecationWarning: ast.NameConstant is deprecated and will be removed in Python 3.14; use ast.Constant instead
  if not hasattr(ast, 'NameConstant'): ast.NameConstant = ast.Constant
..F
======================================================================
FAIL: test_import_in_base_handler (__main__.TestAdaptMethodMode.test_import_in_base_handler)
----------------------------------------------------------------------
Traceback (most recent call last):
  File ""/workspace/benchmarks/refactorbench/tests/django_refactor/adapt_method_mode.py"", line 45, in test_import_in_base_handler
    self.assertTrue(import_found, ""adapt_method_mode not imported from utils in base.py"")
AssertionError: False is not true : adapt_method_mode not imported from utils in base.py

----------------------------------------------------------------------
Ran 3 tests in 0.005s

FAILED (failures=1)
"
2026-05-27T03:45:49.193852Z,refbench,benchmark_pipeline_20260526_134819,single-agent,django_refactor,new-utils-check-response,failed,0,859.76,2026-05-27T03:45:49Z,,,,,,/workspace/benchmarks/refactorbench/outputs/logs/lazy_single-agent_copilot_openrouter_free/django_refactor_new-utils-check-response_1779852685229.terminal.txt,/workspace/outputs/platform/home/.copilot/session-state/dd96f950-ba1b-44c8-8675-d0707050ea8b/events.jsonl,/workspace/benchmarks/refactorbench/outputs/logs/lazy_single-agent_copilot_openrouter_free/django_refactor_new-utils-check-response_1779852685229.response.txt,1,2,"/workspace/benchmarks/refactorbench/outputs/workspaces/django_refactor_new-utils-check-response_1779852685229/repo/django/_refbench_ast_compat.py:2: DeprecationWarning: ast.Str is deprecated and will be removed in Python 3.14; use ast.Constant instead
  if not hasattr(ast, 'Str'): ast.Str = ast.Constant
/workspace/benchmarks/refactorbench/outputs/workspaces/django_refactor_new-utils-check-response_1779852685229/repo/django/_refbench_ast_compat.py:3: DeprecationWarning: ast.Bytes is deprecated and will be removed in Python 3.14; use ast.Constant instead
  if not hasattr(ast, 'Bytes'): ast.Bytes = ast.Constant
/workspace/benchmarks/refactorbench/outputs/workspaces/django_refactor_new-utils-check-response_1779852685229/repo/django/_refbench_ast_compat.py:4: DeprecationWarning: ast.Num is deprecated and will be removed in Python 3.14; use ast.Constant instead
  if not hasattr(ast, 'Num'): ast.Num = ast.Constant
/workspace/benchmarks/refactorbench/outputs/workspaces/django_refactor_new-utils-check-response_1779852685229/repo/django/_refbench_ast_compat.py:5: DeprecationWarning: ast.NameConstant is deprecated and will be removed in Python 3.14; use ast.Constant instead
  if not hasattr(ast, 'NameConstant'): ast.NameConstant = ast.Constant
E.
======================================================================
ERROR: test_check_response_function_definition (__main__.TestHandlerUtils.test_check_response_function_definition)
----------------------------------------------------------------------
Traceback (most recent call last):
  File ""/workspace/benchmarks/refactorbench/tests/django_refactor/check-response.py"", line 11, in test_check_response_function_definition
    with open(file_path, 'r') as file:
         ^^^^^^^^^^^^^^^^^^^^
FileNotFoundError: [Errno 2] No such file or directory: '../django/core/handlers/handler_utils.py'

----------------------------------------------------------------------
Ran 2 tests in 0.003s

FAILED (errors=1)
"
2026-05-27T04:04:05.123162Z,refbench,benchmark_pipeline_20260526_134819,single-agent,django_refactor,new-utils-path-from-module,failed,0,1091.44,2026-05-27T04:04:05Z,,,,,,/workspace/benchmarks/refactorbench/outputs/logs/lazy_single-agent_copilot_openrouter_free/django_refactor_new-utils-path-from-module_1779853549565.terminal.txt,/workspace/outputs/platform/home/.copilot/session-state/9c893439-59f7-449a-8516-7e432b4368d6/events.jsonl,/workspace/benchmarks/refactorbench/outputs/logs/lazy_single-agent_copilot_openrouter_free/django_refactor_new-utils-path-from-module_1779853549565.response.txt,,2,"/workspace/benchmarks/refactorbench/outputs/workspaces/django_refactor_new-utils-path-from-module_1779853549565/repo/django/_refbench_ast_compat.py:2: DeprecationWarning: ast.Str is deprecated and will be removed in Python 3.14; use ast.Constant instead
  if not hasattr(ast, 'Str'): ast.Str = ast.Constant
/workspace/benchmarks/refactorbench/outputs/workspaces/django_refactor_new-utils-path-from-module_1779853549565/repo/django/_refbench_ast_compat.py:3: DeprecationWarning: ast.Bytes is deprecated and will be removed in Python 3.14; use ast.Constant instead
  if not hasattr(ast, 'Bytes'): ast.Bytes = ast.Constant
/workspace/benchmarks/refactorbench/outputs/workspaces/django_refactor_new-utils-path-from-module_1779853549565/repo/django/_refbench_ast_compat.py:4: DeprecationWarning: ast.Num is deprecated and will be removed in Python 3.14; use ast.Constant instead
  if not hasattr(ast, 'Num'): ast.Num = ast.Constant
/workspace/benchmarks/refactorbench/outputs/workspaces/django_refactor_new-utils-path-from-module_1779853549565/repo/django/_refbench_ast_compat.py:5: DeprecationWarning: ast.NameConstant is deprecated and will be removed in Python 3.14; use ast.Constant instead
  if not hasattr(ast, 'NameConstant'): ast.NameConstant = ast.Constant
EF
======================================================================
ERROR: test_path_from_module_function_definition (__main__.TestAppsUtils.test_path_from_module_function_definition)
----------------------------------------------------------------------
Traceback (most recent call last):
  File ""/workspace/benchmarks/refactorbench/tests/django_refactor/path-from-module.py"", line 11, in test_path_from_module_function_definition
    with open(file_path, 'r') as file:
         ^^^^^^^^^^^^^^^^^^^^
FileNotFoundError: [Errno 2] No such file or directory: '../django/apps/apps_utils.py'

======================================================================
FAIL: test_path_from_module_import_in_app_config (__main__.TestAppsUtils."
2026-05-27T04:06:35.712217Z,refbench,benchmark_pipeline_20260526_134819,single-agent,django_refactor,remove-core-cache-utils,timed_out,1,146.02,2026-05-27T04:06:35Z,,,,,,/workspace/benchmarks/refactorbench/outputs/logs/lazy_single-agent_copilot_openrouter_free/django_refactor_remove-core-cache-utils_1779854645485.terminal.txt,/workspace/outputs/platform/home/.copilot/session-state/b1bb452e-8973-42ad-ae95-8ec9f5846614/events.jsonl,/workspace/benchmarks/refactorbench/outputs/logs/lazy_single-agent_copilot_openrouter_free/django_refactor_remove-core-cache-utils_1779854645485.response.txt,,5,No repository changes detected from Copilot response.
2026-05-27T04:12:55.042548Z,refbench,benchmark_pipeline_20260526_134819,single-agent,django_refactor,remove-db-models-constants,failed,0,374.53,2026-05-27T04:12:55Z,,,,,,/workspace/benchmarks/refactorbench/outputs/logs/lazy_single-agent_copilot_openrouter_free/django_refactor_remove-db-models-constants_1779854796085.terminal.txt,/workspace/outputs/platform/home/.copilot/session-state/c4974dbb-e673-4068-8a0e-3dbac54229d0/events.jsonl,/workspace/benchmarks/refactorbench/outputs/logs/lazy_single-agent_copilot_openrouter_free/django_refactor_remove-db-models-constants_1779854796085.response.txt,,19,"/workspace/benchmarks/refactorbench/outputs/workspaces/django_refactor_remove-db-models-constants_1779854796085/repo/django/_refbench_ast_compat.py:2: DeprecationWarning: ast.Str is deprecated and will be removed in Python 3.14; use ast.Constant instead
  if not hasattr(ast, 'Str'): ast.Str = ast.Constant
/workspace/benchmarks/refactorbench/outputs/workspaces/django_refactor_remove-db-models-constants_1779854796085/repo/django/_refbench_ast_compat.py:3: DeprecationWarning: ast.Bytes is deprecated and will be removed in Python 3.14; use ast.Constant instead
  if not hasattr(ast, 'Bytes'): ast.Bytes = ast.Constant
/workspace/benchmarks/refactorbench/outputs/workspaces/django_refactor_remove-db-models-constants_1779854796085/repo/django/_refbench_ast_compat.py:4: DeprecationWarning: ast.Num is deprecated and will be removed in Python 3.14; use ast.Constant instead
  if not hasattr(ast, 'Num'): ast.Num = ast.Constant
/workspace/benchmarks/refactorbench/outputs/workspaces/django_refactor_remove-db-models-constants_1779854796085/repo/django/_refbench_ast_compat.py:5: DeprecationWarning: ast.NameConstant is deprecated and will be removed in Python 3.14; use ast.Constant instead
  if not hasattr(ast, 'NameConstant'): ast.NameConstant = ast.Constant
FFFFFFFFFFFFFFFFFFF
======================================================================
FAIL: test_admin_checks_import (__main__.TestORMConstantsMigration.test_admin_checks_import)
----------------------------------------------------------------------
Traceback (most recent call last):
  File ""/workspace/benchmarks/refactorbench/tests/django_refactor/db-models-constants.py"", line 20, in test_admin_checks_import
    self.assertTrue(imports_updated, f""Imports of 'LOOKUP_SEP' or 'OnConflict' not updated to 'base' in {file_path}"")
AssertionError: False is not true : Imports of 'LOOKUP_SEP' or 'OnConflict' not updated to 'base' in ../django/contrib/admin/checks.py

==================================================================="
2026-05-27T04:20:15.617024Z,refbench,benchmark_pipeline_20260526_134819,single-agent,django_refactor,rename-file-move-safe,failed,0,435.98,2026-05-27T04:20:15Z,,,,,,/workspace/benchmarks/refactorbench/outputs/logs/lazy_single-agent_copilot_openrouter_free/django_refactor_rename-file-move-safe_1779855175414.terminal.txt,/workspace/outputs/platform/home/.copilot/session-state/96a5fa0d-ef71-4e7a-9514-13247ea6b4c7/events.jsonl,/workspace/benchmarks/refactorbench/outputs/logs/lazy_single-agent_copilot_openrouter_free/django_refactor_rename-file-move-safe_1779855175414.response.txt,3,6,"/workspace/benchmarks/refactorbench/outputs/workspaces/django_refactor_rename-file-move-safe_1779855175414/repo/django/_refbench_ast_compat.py:2: DeprecationWarning: ast.Str is deprecated and will be removed in Python 3.14; use ast.Constant instead
  if not hasattr(ast, 'Str'): ast.Str = ast.Constant
/workspace/benchmarks/refactorbench/outputs/workspaces/django_refactor_rename-file-move-safe_1779855175414/repo/django/_refbench_ast_compat.py:3: DeprecationWarning: ast.Bytes is deprecated and will be removed in Python 3.14; use ast.Constant instead
  if not hasattr(ast, 'Bytes'): ast.Bytes = ast.Constant
/workspace/benchmarks/refactorbench/outputs/workspaces/django_refactor_rename-file-move-safe_1779855175414/repo/django/_refbench_ast_compat.py:4: DeprecationWarning: ast.Num is deprecated and will be removed in Python 3.14; use ast.Constant instead
  if not hasattr(ast, 'Num'): ast.Num = ast.Constant
/workspace/benchmarks/refactorbench/outputs/workspaces/django_refactor_rename-file-move-safe_1779855175414/repo/django/_refbench_ast_compat.py:5: DeprecationWarning: ast.NameConstant is deprecated and will be removed in Python 3.14; use ast.Constant instead
  if not hasattr(ast, 'NameConstant'): ast.NameConstant = ast.Constant
/workspace/benchmarks/refactorbench/tests/django_refactor/safe-file-move.py:119: DeprecationWarning: Attribute s is deprecated and will be removed in Python 3.14; use value instead
  all_values = [elt.s for elt in all_node.value.elts if isinstance(elt, ast.Constant)]
..FF.F
======================================================================
FAIL: test_documentation_updated (__main__.TestFileMoveSafeRenamed.test_documentation_updated)
----------------------------------------------------------------------
Traceback (most recent call last):
  File ""/workspace/benchmarks/refactorbench/tests/django_refactor/safe-file-move.py"", line 94, in test_documentation_updated
    self.assertIn(""safe_file_move"", content, f""'safe_file_move' not mentioned in {docs_"
2026-05-27T04:23:25.355910Z,refbench,benchmark_pipeline_20260526_134819,single-agent,django_refactor,split-parse-apps-and-model-labels,failed,0,185.17,2026-05-27T04:23:25Z,,,,,,/workspace/benchmarks/refactorbench/outputs/logs/lazy_single-agent_copilot_openrouter_free/django_refactor_split-parse-apps-and-model-labels_1779855615985.terminal.txt,/workspace/outputs/platform/home/.copilot/session-state/c59091a2-06af-4f92-87cb-5d66392f61d5/events.jsonl,/workspace/benchmarks/refactorbench/outputs/logs/lazy_single-agent_copilot_openrouter_free/django_refactor_split-parse-apps-and-model-labels_1779855615985.response.txt,1,5,No repository changes detected from Copilot response.
2026-05-27T04:28:19.039265Z,refbench,benchmark_pipeline_20260526_134819,single-agent,fastapi_refactor,add-log-parameter-generate-option-id-for-path,timed_out,1,291.55,2026-05-27T04:28:19Z,,,,,,/workspace/benchmarks/refactorbench/outputs/logs/lazy_single-agent_copilot_openrouter_free/fastapi_refactor_add-log-parameter-generate-option-id-for-path_1779855805733.terminal.txt,/workspace/outputs/platform/home/.copilot/session-state/5cd97a68-337f-4087-a7dc-c1563292e604/events.jsonl,/workspace/benchmarks/refactorbench/outputs/logs/lazy_single-agent_copilot_openrouter_free/fastapi_refactor_add-log-parameter-generate-option-id-for-path_1779855805733.response.txt,3,5,No repository changes detected from Copilot response.
2026-05-27T04:33:46.986089Z,refbench,benchmark_pipeline_20260526_134819,single-agent,fastapi_refactor,exception-handlers-to-handlers,failed,0,325.84,2026-05-27T04:33:46Z,,,,,,/workspace/benchmarks/refactorbench/outputs/logs/lazy_single-agent_copilot_openrouter_free/fastapi_refactor_exception-handlers-to-handlers_1779856099405.terminal.txt,/workspace/outputs/platform/home/.copilot/session-state/c7979594-a85c-4a97-b0bd-c3ba7d7a744d/events.jsonl,/workspace/benchmarks/refactorbench/outputs/logs/lazy_single-agent_copilot_openrouter_free/fastapi_refactor_exception-handlers-to-handlers_1779856099405.response.txt,9,12,No repository changes detected from Copilot response.
2026-05-27T04:49:32.514226Z,refbench,benchmark_pipeline_20260526_134819,single-agent,fastapi_refactor,get-auth-scheme-param,success,0,943.34,2026-05-27T04:49:32Z,,,,,,/workspace/benchmarks/refactorbench/outputs/logs/lazy_single-agent_copilot_openrouter_free/fastapi_refactor_get-auth-scheme-param_1779856427355.terminal.txt,/workspace/outputs/platform/home/.copilot/session-state/5bf76bd9-89ae-4467-82fc-c9bfcd013f01/events.jsonl,/workspace/benchmarks/refactorbench/outputs/logs/lazy_single-agent_copilot_openrouter_free/fastapi_refactor_get-auth-scheme-param_1779856427355.response.txt,6,6,"/workspace/benchmarks/refactorbench/outputs/workspaces/fastapi_refactor_get-auth-scheme-param_1779856427355/repo/fastapi/_refbench_ast_compat.py:2: DeprecationWarning: ast.Str is deprecated and will be removed in Python 3.14; use ast.Constant instead
  if not hasattr(ast, 'Str'): ast.Str = ast.Constant
/workspace/benchmarks/refactorbench/outputs/workspaces/fastapi_refactor_get-auth-scheme-param_1779856427355/repo/fastapi/_refbench_ast_compat.py:3: DeprecationWarning: ast.Bytes is deprecated and will be removed in Python 3.14; use ast.Constant instead
  if not hasattr(ast, 'Bytes'): ast.Bytes = ast.Constant
/workspace/benchmarks/refactorbench/outputs/workspaces/fastapi_refactor_get-auth-scheme-param_1779856427355/repo/fastapi/_refbench_ast_compat.py:4: DeprecationWarning: ast.Num is deprecated and will be removed in Python 3.14; use ast.Constant instead
  if not hasattr(ast, 'Num'): ast.Num = ast.Constant
/workspace/benchmarks/refactorbench/outputs/workspaces/fastapi_refactor_get-auth-scheme-param_1779856427355/repo/fastapi/_refbench_ast_compat.py:5: DeprecationWarning: ast.NameConstant is deprecated and will be removed in Python 3.14; use ast.Constant instead
  if not hasattr(ast, 'NameConstant'): ast.NameConstant = ast.Constant
......
----------------------------------------------------------------------
Ran 6 tests in 0.002s

OK
"
2026-05-27T05:02:11.510632Z,refbench,benchmark_pipeline_20260526_134819,single-agent,fastapi_refactor,openapi-get-utils,failed,0,756.71,2026-05-27T05:02:11Z,,,,,,/workspace/benchmarks/refactorbench/outputs/logs/lazy_single-agent_copilot_openrouter_free/fastapi_refactor_openapi-get-utils_1779857372881.terminal.txt,/workspace/outputs/platform/home/.copilot/session-state/ef948e23-b817-4173-9708-169e9414b748/events.jsonl,/workspace/benchmarks/refactorbench/outputs/logs/lazy_single-agent_copilot_openrouter_free/fastapi_refactor_openapi-get-utils_1779857372881.response.txt,,9,No repository changes detected from Copilot response.
2026-05-27T05:14:44.537473Z,refbench,benchmark_pipeline_20260526_134819,single-agent,fastapi_refactor,params-to-param,failed,0,750.81,2026-05-27T05:14:44Z,,,,,,/workspace/benchmarks/refactorbench/outputs/logs/lazy_single-agent_copilot_openrouter_free/fastapi_refactor_params-to-param_1779858131882.terminal.txt,/workspace/outputs/platform/home/.copilot/session-state/5e67fc70-de07-4296-9d6b-4e19229a091c/events.jsonl,/workspace/benchmarks/refactorbench/outputs/logs/lazy_single-agent_copilot_openrouter_free/fastapi_refactor_params-to-param_1779858131882.response.txt,8,22,No repository changes detected from Copilot response.
2026-05-27T05:29:21.550402Z,refbench,benchmark_pipeline_20260526_134819,single-agent,fastapi_refactor,value-is-a-sequence,failed,0,874.8,2026-05-27T05:29:21Z,,,,,,/workspace/benchmarks/refactorbench/outputs/logs/lazy_single-agent_copilot_openrouter_free/fastapi_refactor_value-is-a-sequence_1779858884915.terminal.txt,/workspace/outputs/platform/home/.copilot/session-state/0dbecc30-df26-4683-a890-5f1266d676dc/events.jsonl,/workspace/benchmarks/refactorbench/outputs/logs/lazy_single-agent_copilot_openrouter_free/fastapi_refactor_value-is-a-sequence_1779858884915.response.txt,2,5,"/workspace/benchmarks/refactorbench/outputs/workspaces/fastapi_refactor_value-is-a-sequence_1779858884915/repo/fastapi/_refbench_ast_compat.py:2: DeprecationWarning: ast.Str is deprecated and will be removed in Python 3.14; use ast.Constant instead
  if not hasattr(ast, 'Str'): ast.Str = ast.Constant
/workspace/benchmarks/refactorbench/outputs/workspaces/fastapi_refactor_value-is-a-sequence_1779858884915/repo/fastapi/_refbench_ast_compat.py:3: DeprecationWarning: ast.Bytes is deprecated and will be removed in Python 3.14; use ast.Constant instead
  if not hasattr(ast, 'Bytes'): ast.Bytes = ast.Constant
/workspace/benchmarks/refactorbench/outputs/workspaces/fastapi_refactor_value-is-a-sequence_1779858884915/repo/fastapi/_refbench_ast_compat.py:4: DeprecationWarning: ast.Num is deprecated and will be removed in Python 3.14; use ast.Constant instead
  if not hasattr(ast, 'Num'): ast.Num = ast.Constant
/workspace/benchmarks/refactorbench/outputs/workspaces/fastapi_refactor_value-is-a-sequence_1779858884915/repo/fastapi/_refbench_ast_compat.py:5: DeprecationWarning: ast.NameConstant is deprecated and will be removed in Python 3.14; use ast.Constant instead
  if not hasattr(ast, 'NameConstant'): ast.NameConstant = ast.Constant
.FFF.
======================================================================
FAIL: test_import_value_is_a_sequence_in_utils (__main__.TestFastAPICompatUtils.test_import_value_is_a_sequence_in_utils)
----------------------------------------------------------------------
Traceback (most recent call last):
  File ""/workspace/benchmarks/refactorbench/tests/fastapi_refactor/value-is-a-sequence-test.py"", line 75, in test_import_value_is_a_sequence_in_utils
    self.assertTrue(import_found, ""'value_is_a_sequence' not imported from 'fastapi._compat' in dependencies/utils.py"")
AssertionError: False is not true : 'value_is_a_sequence' not imported from 'fastapi._compat' in dependencies/utils.py

================================================================"
2026-05-27T05:34:14.545414Z,refbench,benchmark_pipeline_20260526_134819,single-agent,flask_refactor,add-log-parameter-get-debug-flag,failed,0,292.26,2026-05-27T05:34:14Z,,,,,,/workspace/benchmarks/refactorbench/outputs/logs/lazy_single-agent_copilot_openrouter_free/flask_refactor_add-log-parameter-get-debug-flag_1779859761763.terminal.txt,/workspace/outputs/platform/home/.copilot/session-state/860501c9-8cc3-4720-8860-773c7d7fb652/events.jsonl,/workspace/benchmarks/refactorbench/outputs/logs/lazy_single-agent_copilot_openrouter_free/flask_refactor_add-log-parameter-get-debug-flag_1779859761763.response.txt,1,7,No repository changes detected from Copilot response.
2026-05-27T05:56:16.859947Z,refbench,benchmark_pipeline_20260526_134819,single-agent,flask_refactor,add-log-parameter-get-flashed-messages,failed,0,1321.61,2026-05-27T05:56:16Z,,,,,,/workspace/benchmarks/refactorbench/outputs/logs/lazy_single-agent_copilot_openrouter_free/flask_refactor_add-log-parameter-get-flashed-messages_1779860054757.terminal.txt,/workspace/outputs/platform/home/.copilot/session-state/34acad0a-dbb0-4941-b3b8-712ccf950df0/events.jsonl,/workspace/benchmarks/refactorbench/outputs/logs/lazy_single-agent_copilot_openrouter_free/flask_refactor_add-log-parameter-get-flashed-messages_1779860054757.response.txt,2,3,"/workspace/benchmarks/refactorbench/outputs/workspaces/flask_refactor_add-log-parameter-get-flashed-messages_1779860054757/repo/src/_refbench_ast_compat.py:2: DeprecationWarning: ast.Str is deprecated and will be removed in Python 3.14; use ast.Constant instead
  if not hasattr(ast, 'Str'): ast.Str = ast.Constant
/workspace/benchmarks/refactorbench/outputs/workspaces/flask_refactor_add-log-parameter-get-flashed-messages_1779860054757/repo/src/_refbench_ast_compat.py:3: DeprecationWarning: ast.Bytes is deprecated and will be removed in Python 3.14; use ast.Constant instead
  if not hasattr(ast, 'Bytes'): ast.Bytes = ast.Constant
/workspace/benchmarks/refactorbench/outputs/workspaces/flask_refactor_add-log-parameter-get-flashed-messages_1779860054757/repo/src/_refbench_ast_compat.py:4: DeprecationWarning: ast.Num is deprecated and will be removed in Python 3.14; use ast.Constant instead
  if not hasattr(ast, 'Num'): ast.Num = ast.Constant
/workspace/benchmarks/refactorbench/outputs/workspaces/flask_refactor_add-log-parameter-get-flashed-messages_1779860054757/repo/src/_refbench_ast_compat.py:5: DeprecationWarning: ast.NameConstant is deprecated and will be removed in Python 3.14; use ast.Constant instead
  if not hasattr(ast, 'NameConstant'): ast.NameConstant = ast.Constant
F..
======================================================================
FAIL: test_get_flashed_messages_calls_in_test_basic (__main__.TestHelpersFunctions.test_get_flashed_messages_calls_in_test_basic)
----------------------------------------------------------------------
Traceback (most recent call last):
  File ""/workspace/benchmarks/refactorbench/tests/flask_refactor/add-log-parameter-get-flashed-messages-test.py"", line 73, in test_get_flashed_messages_calls_in_test_basic
    self.assertTrue(call_log_true_found, ""Not all calls to 'flask.get_flashed_messages' have 'log=True' in test_basic.py"")
AssertionError: False is not true : Not all calls to 'flask.get_flashed_messages' have 'log=True' in "
2026-05-27T05:56:33.764194Z,refbench,benchmark_pipeline_20260526_134819,single-agent,flask_refactor,debughelpers-to-helpers.py,timed_out,1,16.16,2026-05-27T05:56:33Z,,,,,,/workspace/benchmarks/refactorbench/outputs/logs/lazy_single-agent_copilot_openrouter_free/flask_refactor_debughelpers-to-helpers.py_1779861377081.terminal.txt,/workspace/outputs/platform/home/.copilot/session-state/34acad0a-dbb0-4941-b3b8-712ccf950df0/events.jsonl,/workspace/benchmarks/refactorbench/outputs/logs/lazy_single-agent_copilot_openrouter_free/flask_refactor_debughelpers-to-helpers.py_1779861377081.response.txt,,5,No repository changes detected from Copilot response.
2026-05-27T06:10:05.486119Z,refbench,benchmark_pipeline_20260526_134819,single-agent,flask_refactor,rename-send-from-directory,failed,0,810.85,2026-05-27T06:10:05Z,,,,,,/workspace/benchmarks/refactorbench/outputs/logs/lazy_single-agent_copilot_openrouter_free/flask_refactor_rename-send-from-directory_1779861394073.terminal.txt,/workspace/outputs/platform/home/.copilot/session-state/0f87aeeb-65ef-4b54-98b9-8e3b9cd4b0d6/events.jsonl,/workspace/benchmarks/refactorbench/outputs/logs/lazy_single-agent_copilot_openrouter_free/flask_refactor_rename-send-from-directory_1779861394073.response.txt,1,4,"/workspace/benchmarks/refactorbench/outputs/workspaces/flask_refactor_rename-send-from-directory_1779861394073/repo/src/_refbench_ast_compat.py:2: DeprecationWarning: ast.Str is deprecated and will be removed in Python 3.14; use ast.Constant instead
  if not hasattr(ast, 'Str'): ast.Str = ast.Constant
/workspace/benchmarks/refactorbench/outputs/workspaces/flask_refactor_rename-send-from-directory_1779861394073/repo/src/_refbench_ast_compat.py:3: DeprecationWarning: ast.Bytes is deprecated and will be removed in Python 3.14; use ast.Constant instead
  if not hasattr(ast, 'Bytes'): ast.Bytes = ast.Constant
/workspace/benchmarks/refactorbench/outputs/workspaces/flask_refactor_rename-send-from-directory_1779861394073/repo/src/_refbench_ast_compat.py:4: DeprecationWarning: ast.Num is deprecated and will be removed in Python 3.14; use ast.Constant instead
  if not hasattr(ast, 'Num'): ast.Num = ast.Constant
/workspace/benchmarks/refactorbench/outputs/workspaces/flask_refactor_rename-send-from-directory_1779861394073/repo/src/_refbench_ast_compat.py:5: DeprecationWarning: ast.NameConstant is deprecated and will be removed in Python 3.14; use ast.Constant instead
  if not hasattr(ast, 'NameConstant'): ast.NameConstant = ast.Constant
.FFF
======================================================================
FAIL: test_send_from_directory_helper_import_in_app (__main__.TestHelpersFunctions.test_send_from_directory_helper_import_in_app)
----------------------------------------------------------------------
Traceback (most recent call last):
  File ""/workspace/benchmarks/refactorbench/tests/flask_refactor/rename-send-from-directory-test.py"", line 59, in test_send_from_directory_helper_import_in_app
    self.assertTrue(import_found, ""Import 'send_from_directory_helper' not found in app.py"")
AssertionError: False is not true : Import 'send_from_directory_helper' not found in app.py

======================================================================
FAIL: test_send_from_direc"
2026-05-27T06:13:49.339581Z,refbench,benchmark_pipeline_20260526_134819,single-agent,flask_refactor,render-template-str,failed,0,223.15,2026-05-27T06:13:49Z,,,,,,/workspace/benchmarks/refactorbench/outputs/logs/lazy_single-agent_copilot_openrouter_free/flask_refactor_render-template-str_1779862205701.terminal.txt,/workspace/outputs/platform/home/.copilot/session-state/c9ae297e-a9cc-46bc-a72c-c0c7e4fa728b/events.jsonl,/workspace/benchmarks/refactorbench/outputs/logs/lazy_single-agent_copilot_openrouter_free/flask_refactor_render-template-str_1779862205701.response.txt,2,10,"/workspace/benchmarks/refactorbench/outputs/workspaces/flask_refactor_render-template-str_1779862205701/repo/src/_refbench_ast_compat.py:2: DeprecationWarning: ast.Str is deprecated and will be removed in Python 3.14; use ast.Constant instead
  if not hasattr(ast, 'Str'): ast.Str = ast.Constant
/workspace/benchmarks/refactorbench/outputs/workspaces/flask_refactor_render-template-str_1779862205701/repo/src/_refbench_ast_compat.py:3: DeprecationWarning: ast.Bytes is deprecated and will be removed in Python 3.14; use ast.Constant instead
  if not hasattr(ast, 'Bytes'): ast.Bytes = ast.Constant
/workspace/benchmarks/refactorbench/outputs/workspaces/flask_refactor_render-template-str_1779862205701/repo/src/_refbench_ast_compat.py:4: DeprecationWarning: ast.Num is deprecated and will be removed in Python 3.14; use ast.Constant instead
  if not hasattr(ast, 'Num'): ast.Num = ast.Constant
/workspace/benchmarks/refactorbench/outputs/workspaces/flask_refactor_render-template-str_1779862205701/repo/src/_refbench_ast_compat.py:5: DeprecationWarning: ast.NameConstant is deprecated and will be removed in Python 3.14; use ast.Constant instead
  if not hasattr(ast, 'NameConstant'): ast.NameConstant = ast.Constant
.FFFF.FFFF
======================================================================
FAIL: test_render_template_str_call_in_test_templating (__main__.TestHelpersFunctions.test_render_template_str_call_in_test_templating)
----------------------------------------------------------------------
Traceback (most recent call last):
  File ""/workspace/benchmarks/refactorbench/tests/flask_refactor/render-template-str-test.py"", line 74, in test_render_template_str_call_in_test_templating
    self.assertTrue(correct_call_found, ""Call to 'flask.render_template_string' not found in test_templating.py"")
AssertionError: False is not true : Call to 'flask.render_template_string' not found in test_templating.py

======================================================================
FAIL: test"
2026-05-27T06:25:47.346020Z,refbench,benchmark_pipeline_20260526_134819,single-agent,flask_refactor,stream-template-str,failed,0,717.32,2026-05-27T06:25:47Z,,,,,,/workspace/benchmarks/refactorbench/outputs/logs/lazy_single-agent_copilot_openrouter_free/flask_refactor_stream-template-str_1779862429555.terminal.txt,/workspace/outputs/platform/home/.copilot/session-state/4460312c-212f-47ff-ae2a-1157a666293e/events.jsonl,/workspace/benchmarks/refactorbench/outputs/logs/lazy_single-agent_copilot_openrouter_free/flask_refactor_stream-template-str_1779862429555.response.txt,1,4,"/workspace/benchmarks/refactorbench/outputs/workspaces/flask_refactor_stream-template-str_1779862429555/repo/src/_refbench_ast_compat.py:2: DeprecationWarning: ast.Str is deprecated and will be removed in Python 3.14; use ast.Constant instead
  if not hasattr(ast, 'Str'): ast.Str = ast.Constant
/workspace/benchmarks/refactorbench/outputs/workspaces/flask_refactor_stream-template-str_1779862429555/repo/src/_refbench_ast_compat.py:3: DeprecationWarning: ast.Bytes is deprecated and will be removed in Python 3.14; use ast.Constant instead
  if not hasattr(ast, 'Bytes'): ast.Bytes = ast.Constant
/workspace/benchmarks/refactorbench/outputs/workspaces/flask_refactor_stream-template-str_1779862429555/repo/src/_refbench_ast_compat.py:4: DeprecationWarning: ast.Num is deprecated and will be removed in Python 3.14; use ast.Constant instead
  if not hasattr(ast, 'Num'): ast.Num = ast.Constant
/workspace/benchmarks/refactorbench/outputs/workspaces/flask_refactor_stream-template-str_1779862429555/repo/src/_refbench_ast_compat.py:5: DeprecationWarning: ast.NameConstant is deprecated and will be removed in Python 3.14; use ast.Constant instead
  if not hasattr(ast, 'NameConstant'): ast.NameConstant = ast.Constant
.FFF
======================================================================
FAIL: test_import_in_init (__main__.TestHelpersFunctions.test_import_in_init)
----------------------------------------------------------------------
Traceback (most recent call last):
  File ""/workspace/benchmarks/refactorbench/tests/flask_refactor/stream-template-str-test.py"", line 52, in test_import_in_init
    self.assertTrue(import_found, ""Import 'from .templating import stream_template_str as stream_template_string' not found in __init__.py"")
AssertionError: False is not true : Import 'from .templating import stream_template_str as stream_template_string' not found in __init__.py

======================================================================
FAIL: test_stream_template_str_exists_in_te"
2026-05-27T06:30:27.805049Z,refbench,benchmark_pipeline_20260526_134819,single-agent,requests_refactor,add-log-parameter-get-encoding-from-headers,failed,0,279.89,2026-05-27T06:30:27Z,,,,,,/workspace/benchmarks/refactorbench/outputs/logs/lazy_single-agent_copilot_openrouter_free/requests_refactor_add-log-parameter-get-encoding-from-headers_1779863147376.terminal.txt,/workspace/outputs/platform/home/.copilot/session-state/d8af0e07-d95c-41a7-86ee-959ea6bf6d97/events.jsonl,/workspace/benchmarks/refactorbench/outputs/logs/lazy_single-agent_copilot_openrouter_free/requests_refactor_add-log-parameter-get-encoding-from-headers_1779863147376.response.txt,,3,"/workspace/benchmarks/refactorbench/outputs/workspaces/requests_refactor_add-log-parameter-get-encoding-from-headers_1779863147376/repo/src/_refbench_ast_compat.py:2: DeprecationWarning: ast.Str is deprecated and will be removed in Python 3.14; use ast.Constant instead
  if not hasattr(ast, 'Str'): ast.Str = ast.Constant
/workspace/benchmarks/refactorbench/outputs/workspaces/requests_refactor_add-log-parameter-get-encoding-from-headers_1779863147376/repo/src/_refbench_ast_compat.py:3: DeprecationWarning: ast.Bytes is deprecated and will be removed in Python 3.14; use ast.Constant instead
  if not hasattr(ast, 'Bytes'): ast.Bytes = ast.Constant
/workspace/benchmarks/refactorbench/outputs/workspaces/requests_refactor_add-log-parameter-get-encoding-from-headers_1779863147376/repo/src/_refbench_ast_compat.py:4: DeprecationWarning: ast.Num is deprecated and will be removed in Python 3.14; use ast.Constant instead
  if not hasattr(ast, 'Num'): ast.Num = ast.Constant
/workspace/benchmarks/refactorbench/outputs/workspaces/requests_refactor_add-log-parameter-get-encoding-from-headers_1779863147376/repo/src/_refbench_ast_compat.py:5: DeprecationWarning: ast.NameConstant is deprecated and will be removed in Python 3.14; use ast.Constant instead
  if not hasattr(ast, 'NameConstant'): ast.NameConstant = ast.Constant
FFF
======================================================================
FAIL: test_get_encoding_from_headers_log_param (__main__.TestFunctionParameter.test_get_encoding_from_headers_log_param)
----------------------------------------------------------------------
Traceback (most recent call last):
  File ""/workspace/benchmarks/refactorbench/tests/requests_refactor/get-encoding-from-headers.py"", line 32, in test_get_encoding_from_headers_log_param
    self.assertTrue(param_is_boolean, ""Function 'get_encoding_from_headers' does not have a 'log' parameter or it is not a boolean"")
AssertionError: False is not true : Function 'get_encoding_from_headers' does not have a"
2026-05-27T06:39:51.268647Z,refbench,benchmark_pipeline_20260526_134819,single-agent,requests_refactor,add-log-parameter-resolve-proxies,success,0,562.91,2026-05-27T06:39:51Z,,,,,,/workspace/benchmarks/refactorbench/outputs/logs/lazy_single-agent_copilot_openrouter_free/requests_refactor_add-log-parameter-resolve-proxies_1779863427836.terminal.txt,/workspace/outputs/platform/home/.copilot/session-state/85f5993a-c2e7-492c-9904-89fb0ab220c6/events.jsonl,/workspace/benchmarks/refactorbench/outputs/logs/lazy_single-agent_copilot_openrouter_free/requests_refactor_add-log-parameter-resolve-proxies_1779863427836.response.txt,2,2,"/workspace/benchmarks/refactorbench/outputs/workspaces/requests_refactor_add-log-parameter-resolve-proxies_1779863427836/repo/src/_refbench_ast_compat.py:2: DeprecationWarning: ast.Str is deprecated and will be removed in Python 3.14; use ast.Constant instead
  if not hasattr(ast, 'Str'): ast.Str = ast.Constant
/workspace/benchmarks/refactorbench/outputs/workspaces/requests_refactor_add-log-parameter-resolve-proxies_1779863427836/repo/src/_refbench_ast_compat.py:3: DeprecationWarning: ast.Bytes is deprecated and will be removed in Python 3.14; use ast.Constant instead
  if not hasattr(ast, 'Bytes'): ast.Bytes = ast.Constant
/workspace/benchmarks/refactorbench/outputs/workspaces/requests_refactor_add-log-parameter-resolve-proxies_1779863427836/repo/src/_refbench_ast_compat.py:4: DeprecationWarning: ast.Num is deprecated and will be removed in Python 3.14; use ast.Constant instead
  if not hasattr(ast, 'Num'): ast.Num = ast.Constant
/workspace/benchmarks/refactorbench/outputs/workspaces/requests_refactor_add-log-parameter-resolve-proxies_1779863427836/repo/src/_refbench_ast_compat.py:5: DeprecationWarning: ast.NameConstant is deprecated and will be removed in Python 3.14; use ast.Constant instead
  if not hasattr(ast, 'NameConstant'): ast.NameConstant = ast.Constant
..
----------------------------------------------------------------------
Ran 2 tests in 0.010s

OK
"
2026-05-27T06:45:12.195073Z,refbench,benchmark_pipeline_20260526_134819,single-agent,requests_refactor,add-log-parameter-select-proxy,failed,0,320.35,2026-05-27T06:45:12Z,,,,,,/workspace/benchmarks/refactorbench/outputs/logs/lazy_single-agent_copilot_openrouter_free/requests_refactor_add-log-parameter-select-proxy_1779863991301.terminal.txt,/workspace/outputs/platform/home/.copilot/session-state/f700b07f-a0dc-4c7c-a9eb-febf64694de7/events.jsonl,/workspace/benchmarks/refactorbench/outputs/logs/lazy_single-agent_copilot_openrouter_free/requests_refactor_add-log-parameter-select-proxy_1779863991301.response.txt,,2,"/workspace/benchmarks/refactorbench/outputs/workspaces/requests_refactor_add-log-parameter-select-proxy_1779863991301/repo/src/_refbench_ast_compat.py:2: DeprecationWarning: ast.Str is deprecated and will be removed in Python 3.14; use ast.Constant instead
  if not hasattr(ast, 'Str'): ast.Str = ast.Constant
/workspace/benchmarks/refactorbench/outputs/workspaces/requests_refactor_add-log-parameter-select-proxy_1779863991301/repo/src/_refbench_ast_compat.py:3: DeprecationWarning: ast.Bytes is deprecated and will be removed in Python 3.14; use ast.Constant instead
  if not hasattr(ast, 'Bytes'): ast.Bytes = ast.Constant
/workspace/benchmarks/refactorbench/outputs/workspaces/requests_refactor_add-log-parameter-select-proxy_1779863991301/repo/src/_refbench_ast_compat.py:4: DeprecationWarning: ast.Num is deprecated and will be removed in Python 3.14; use ast.Constant instead
  if not hasattr(ast, 'Num'): ast.Num = ast.Constant
/workspace/benchmarks/refactorbench/outputs/workspaces/requests_refactor_add-log-parameter-select-proxy_1779863991301/repo/src/_refbench_ast_compat.py:5: DeprecationWarning: ast.NameConstant is deprecated and will be removed in Python 3.14; use ast.Constant instead
  if not hasattr(ast, 'NameConstant'): ast.NameConstant = ast.Constant
FF
======================================================================
FAIL: test_log_param_in_select_proxy_call (__main__.TestFunctionParameter.test_log_param_in_select_proxy_call)
----------------------------------------------------------------------
Traceback (most recent call last):
  File ""/workspace/benchmarks/refactorbench/tests/requests_refactor/select-proxy.py"", line 57, in test_log_param_in_select_proxy_call
    self.assertTrue(log_param_set_to_true, ""Function 'select_proxy' is called without 'log=True' in the function call"")
AssertionError: False is not true : Function 'select_proxy' is called without 'log=True' in the function call

======================================================================
"
2026-05-27T06:53:27.664108Z,refbench,benchmark_pipeline_20260526_134819,single-agent,requests_refactor,combine-from-key-to-key,failed,0,494.86,2026-05-27T06:53:27Z,,,,,,/workspace/benchmarks/refactorbench/outputs/logs/lazy_single-agent_copilot_openrouter_free/requests_refactor_combine-from-key-to-key_1779864312230.terminal.txt,/workspace/outputs/platform/home/.copilot/session-state/4b1a6ea3-c8a7-46dd-afe0-b19d1dc5e651/events.jsonl,/workspace/benchmarks/refactorbench/outputs/logs/lazy_single-agent_copilot_openrouter_free/requests_refactor_combine-from-key-to-key_1779864312230.response.txt,1,5,"/workspace/benchmarks/refactorbench/outputs/workspaces/requests_refactor_combine-from-key-to-key_1779864312230/repo/src/_refbench_ast_compat.py:2: DeprecationWarning: ast.Str is deprecated and will be removed in Python 3.14; use ast.Constant instead
  if not hasattr(ast, 'Str'): ast.Str = ast.Constant
/workspace/benchmarks/refactorbench/outputs/workspaces/requests_refactor_combine-from-key-to-key_1779864312230/repo/src/_refbench_ast_compat.py:3: DeprecationWarning: ast.Bytes is deprecated and will be removed in Python 3.14; use ast.Constant instead
  if not hasattr(ast, 'Bytes'): ast.Bytes = ast.Constant
/workspace/benchmarks/refactorbench/outputs/workspaces/requests_refactor_combine-from-key-to-key_1779864312230/repo/src/_refbench_ast_compat.py:4: DeprecationWarning: ast.Num is deprecated and will be removed in Python 3.14; use ast.Constant instead
  if not hasattr(ast, 'Num'): ast.Num = ast.Constant
/workspace/benchmarks/refactorbench/outputs/workspaces/requests_refactor_combine-from-key-to-key_1779864312230/repo/src/_refbench_ast_compat.py:5: DeprecationWarning: ast.NameConstant is deprecated and will be removed in Python 3.14; use ast.Constant instead
  if not hasattr(ast, 'NameConstant'): ast.NameConstant = ast.Constant
.FFFF
======================================================================
FAIL: test_model_imports (__main__.TestFunctionRefactoring.test_model_imports)
----------------------------------------------------------------------
Traceback (most recent call last):
  File ""/workspace/benchmarks/refactorbench/tests/requests_refactor/combine-from-key-to-key.py"", line 107, in test_model_imports
    self.assertTrue(expected_imports.issubset(actual_imports),
AssertionError: False is not true : Not all expected imports are present in 'models.py'. Missing: {'key_val_convert'}

======================================================================
FAIL: test_new_function_exists (__main__.TestFunctionRefactoring.test_new_function_exists)
--------------------"
2026-05-27T06:54:55.482716Z,refbench,benchmark_pipeline_20260526_134819,single-agent,requests_refactor,combine-internal-utils-utils,timed_out,1,87.21,2026-05-27T06:54:55Z,,,,,,/workspace/benchmarks/refactorbench/outputs/logs/lazy_single-agent_copilot_openrouter_free/requests_refactor_combine-internal-utils-utils_1779864807694.terminal.txt,/workspace/outputs/platform/home/.copilot/session-state/c82a669d-82cd-4f41-b7b3-fc56b805442e/events.jsonl,/workspace/benchmarks/refactorbench/outputs/logs/lazy_single-agent_copilot_openrouter_free/requests_refactor_combine-internal-utils-utils_1779864807694.response.txt,1,7,No repository changes detected from Copilot response.
2026-05-27T07:55:17.544851Z,refbench,benchmark_pipeline_20260526_134819,single-agent,requests_refactor,move-hooks-sessions,failed,0,3621.46,2026-05-27T07:55:17Z,,,,,,/workspace/benchmarks/refactorbench/outputs/logs/lazy_single-agent_copilot_openrouter_free/requests_refactor_move-hooks-sessions_1779864895513.terminal.txt,/workspace/outputs/platform/home/.copilot/session-state/3a6b36b3-f872-48f1-96ac-7fbd0f366736/events.jsonl,/workspace/benchmarks/refactorbench/outputs/logs/lazy_single-agent_copilot_openrouter_free/requests_refactor_move-hooks-sessions_1779864895513.response.txt,3,7,"/workspace/benchmarks/refactorbench/outputs/workspaces/requests_refactor_move-hooks-sessions_1779864895513/repo/src/_refbench_ast_compat.py:2: DeprecationWarning: ast.Str is deprecated and will be removed in Python 3.14; use ast.Constant instead
  if not hasattr(ast, 'Str'): ast.Str = ast.Constant
/workspace/benchmarks/refactorbench/outputs/workspaces/requests_refactor_move-hooks-sessions_1779864895513/repo/src/_refbench_ast_compat.py:3: DeprecationWarning: ast.Bytes is deprecated and will be removed in Python 3.14; use ast.Constant instead
  if not hasattr(ast, 'Bytes'): ast.Bytes = ast.Constant
/workspace/benchmarks/refactorbench/outputs/workspaces/requests_refactor_move-hooks-sessions_1779864895513/repo/src/_refbench_ast_compat.py:4: DeprecationWarning: ast.Num is deprecated and will be removed in Python 3.14; use ast.Constant instead
  if not hasattr(ast, 'Num'): ast.Num = ast.Constant
/workspace/benchmarks/refactorbench/outputs/workspaces/requests_refactor_move-hooks-sessions_1779864895513/repo/src/_refbench_ast_compat.py:5: DeprecationWarning: ast.NameConstant is deprecated and will be removed in Python 3.14; use ast.Constant instead
  if not hasattr(ast, 'NameConstant'): ast.NameConstant = ast.Constant
FF...FF
======================================================================
FAIL: test_default_hooks_in_sessions (__main__.TestHooksMigration.test_default_hooks_in_sessions)
----------------------------------------------------------------------
Traceback (most recent call last):
  File ""/workspace/benchmarks/refactorbench/tests/requests_refactor/move-hooks-sessions.py"", line 31, in test_default_hooks_in_sessions
    self.assertTrue(function_found, ""Function 'default_hooks' not found in sessions.py"")
AssertionError: False is not true : Function 'default_hooks' not found in sessions.py

======================================================================
FAIL: test_dispatch_hook_in_sessions (__main__.TestHooksMigration.test_dispatch_hook_in_sessions)
-------"
2026-05-27T08:05:44.801353Z,refbench,benchmark_pipeline_20260526_134819,single-agent,requests_refactor,new-cookie-utils-class,failed,0,626.65,2026-05-27T08:05:44Z,,,,,,/workspace/benchmarks/refactorbench/outputs/logs/lazy_single-agent_copilot_openrouter_free/requests_refactor_new-cookie-utils-class_1779868517564.terminal.txt,/workspace/outputs/platform/home/.copilot/session-state/085a160c-9c0c-4973-a387-aa6e4b650ef7/events.jsonl,/workspace/benchmarks/refactorbench/outputs/logs/lazy_single-agent_copilot_openrouter_free/requests_refactor_new-cookie-utils-class_1779868517564.response.txt,,4,"/workspace/benchmarks/refactorbench/outputs/workspaces/requests_refactor_new-cookie-utils-class_1779868517564/repo/src/_refbench_ast_compat.py:2: DeprecationWarning: ast.Str is deprecated and will be removed in Python 3.14; use ast.Constant instead
  if not hasattr(ast, 'Str'): ast.Str = ast.Constant
/workspace/benchmarks/refactorbench/outputs/workspaces/requests_refactor_new-cookie-utils-class_1779868517564/repo/src/_refbench_ast_compat.py:3: DeprecationWarning: ast.Bytes is deprecated and will be removed in Python 3.14; use ast.Constant instead
  if not hasattr(ast, 'Bytes'): ast.Bytes = ast.Constant
/workspace/benchmarks/refactorbench/outputs/workspaces/requests_refactor_new-cookie-utils-class_1779868517564/repo/src/_refbench_ast_compat.py:4: DeprecationWarning: ast.Num is deprecated and will be removed in Python 3.14; use ast.Constant instead
  if not hasattr(ast, 'Num'): ast.Num = ast.Constant
/workspace/benchmarks/refactorbench/outputs/workspaces/requests_refactor_new-cookie-utils-class_1779868517564/repo/src/_refbench_ast_compat.py:5: DeprecationWarning: ast.NameConstant is deprecated and will be removed in Python 3.14; use ast.Constant instead
  if not hasattr(ast, 'NameConstant'): ast.NameConstant = ast.Constant
EFFFFFFE
======================================================================
ERROR: test_cookie_utils_class_exists (__main__.TestCookieUtilsMigration.test_cookie_utils_class_exists)
----------------------------------------------------------------------
Traceback (most recent call last):
  File ""/workspace/benchmarks/refactorbench/tests/requests_refactor/cookie-utils.py"", line 16, in test_cookie_utils_class_exists
    tree = ast.parse(file.read())
           ^^^^^^^^^^^^^^^^^^^^^^
  File ""/usr/local/lib/python3.12/ast.py"", line 52, in parse
    return compile(source, filename, mode, flags,
           ^^^^^^^^^^^^^^^^^^^^^^^^^^^^^^^^^^^^^^
  File ""<unknown>"", line 266
    raise TypeError(f""max-age: {morsel[\""max-age\""]} must be integer"")
          "
2026-05-27T08:25:16.015884Z,refbench,benchmark_pipeline_20260526_134819,single-agent,requests_refactor,rename-lookup-dict-dict-lookup,success,0,1170.69,2026-05-27T08:25:16Z,,,,,,/workspace/benchmarks/refactorbench/outputs/logs/lazy_single-agent_copilot_openrouter_free/requests_refactor_rename-lookup-dict-dict-lookup_1779869144821.terminal.txt,/workspace/outputs/platform/home/.copilot/session-state/d1321fb9-7941-4634-b6a6-9e073d6b55a5/events.jsonl,/workspace/benchmarks/refactorbench/outputs/logs/lazy_single-agent_copilot_openrouter_free/requests_refactor_rename-lookup-dict-dict-lookup_1779869144821.response.txt,7,7,"/workspace/benchmarks/refactorbench/outputs/workspaces/requests_refactor_rename-lookup-dict-dict-lookup_1779869144821/repo/src/_refbench_ast_compat.py:2: DeprecationWarning: ast.Str is deprecated and will be removed in Python 3.14; use ast.Constant instead
  if not hasattr(ast, 'Str'): ast.Str = ast.Constant
/workspace/benchmarks/refactorbench/outputs/workspaces/requests_refactor_rename-lookup-dict-dict-lookup_1779869144821/repo/src/_refbench_ast_compat.py:3: DeprecationWarning: ast.Bytes is deprecated and will be removed in Python 3.14; use ast.Constant instead
  if not hasattr(ast, 'Bytes'): ast.Bytes = ast.Constant
/workspace/benchmarks/refactorbench/outputs/workspaces/requests_refactor_rename-lookup-dict-dict-lookup_1779869144821/repo/src/_refbench_ast_compat.py:4: DeprecationWarning: ast.Num is deprecated and will be removed in Python 3.14; use ast.Constant instead
  if not hasattr(ast, 'Num'): ast.Num = ast.Constant
/workspace/benchmarks/refactorbench/outputs/workspaces/requests_refactor_rename-lookup-dict-dict-lookup_1779869144821/repo/src/_refbench_ast_compat.py:5: DeprecationWarning: ast.NameConstant is deprecated and will be removed in Python 3.14; use ast.Constant instead
  if not hasattr(ast, 'NameConstant'): ast.NameConstant = ast.Constant
.......
----------------------------------------------------------------------
Ran 7 tests in 0.006s

OK
"
2026-05-27T08:44:45.092918Z,refbench,benchmark_pipeline_20260526_134819,single-agent,requests_refactor,rename-super-len-complex-len,failed,0,1168.52,2026-05-27T08:44:45Z,,,,,,/workspace/benchmarks/refactorbench/outputs/logs/lazy_single-agent_copilot_openrouter_free/requests_refactor_rename-super-len-complex-len_1779870316036.terminal.txt,/workspace/outputs/platform/home/.copilot/session-state/447f3ea1-ef0b-4328-b15c-9f26f345348b/events.jsonl,/workspace/benchmarks/refactorbench/outputs/logs/lazy_single-agent_copilot_openrouter_free/requests_refactor_rename-super-len-complex-len_1779870316036.response.txt,1,3,"/workspace/benchmarks/refactorbench/outputs/workspaces/requests_refactor_rename-super-len-complex-len_1779870316036/repo/src/_refbench_ast_compat.py:2: DeprecationWarning: ast.Str is deprecated and will be removed in Python 3.14; use ast.Constant instead
  if not hasattr(ast, 'Str'): ast.Str = ast.Constant
/workspace/benchmarks/refactorbench/outputs/workspaces/requests_refactor_rename-super-len-complex-len_1779870316036/repo/src/_refbench_ast_compat.py:3: DeprecationWarning: ast.Bytes is deprecated and will be removed in Python 3.14; use ast.Constant instead
  if not hasattr(ast, 'Bytes'): ast.Bytes = ast.Constant
/workspace/benchmarks/refactorbench/outputs/workspaces/requests_refactor_rename-super-len-complex-len_1779870316036/repo/src/_refbench_ast_compat.py:4: DeprecationWarning: ast.Num is deprecated and will be removed in Python 3.14; use ast.Constant instead
  if not hasattr(ast, 'Num'): ast.Num = ast.Constant
/workspace/benchmarks/refactorbench/outputs/workspaces/requests_refactor_rename-super-len-complex-len_1779870316036/repo/src/_refbench_ast_compat.py:5: DeprecationWarning: ast.NameConstant is deprecated and will be removed in Python 3.14; use ast.Constant instead
  if not hasattr(ast, 'NameConstant'): ast.NameConstant = ast.Constant
F.F
======================================================================
FAIL: test_complex_len_function_exists (__main__.TestFunctionRenaming.test_complex_len_function_exists)
----------------------------------------------------------------------
Traceback (most recent call last):
  File ""/workspace/benchmarks/refactorbench/tests/requests_refactor/super-to-complex-len.py"", line 67, in test_complex_len_function_exists
    self.assertTrue(function_found, ""Function 'complex_len' not found in the expected file"")
AssertionError: False is not true : Function 'complex_len' not found in the expected file

======================================================================
FAIL: test_super_len_renamed_to_complex_len (__main__.Te"
2026-05-27T08:48:50.988637Z,refbench,benchmark_pipeline_20260526_134819,single-agent,requests_refactor,split-warnings-exceptions,failed,0,245.31,2026-05-27T08:48:50Z,,,,,,/workspace/benchmarks/refactorbench/outputs/logs/lazy_single-agent_copilot_openrouter_free/requests_refactor_split-warnings-exceptions_1779871485115.terminal.txt,/workspace/outputs/platform/home/.copilot/session-state/e4e4ba22-bbbd-43fd-940a-d5fd1b879253/events.jsonl,/workspace/benchmarks/refactorbench/outputs/logs/lazy_single-agent_copilot_openrouter_free/requests_refactor_split-warnings-exceptions_1779871485115.response.txt,5,9,"/workspace/benchmarks/refactorbench/outputs/workspaces/requests_refactor_split-warnings-exceptions_1779871485115/repo/src/_refbench_ast_compat.py:2: DeprecationWarning: ast.Str is deprecated and will be removed in Python 3.14; use ast.Constant instead
  if not hasattr(ast, 'Str'): ast.Str = ast.Constant
/workspace/benchmarks/refactorbench/outputs/workspaces/requests_refactor_split-warnings-exceptions_1779871485115/repo/src/_refbench_ast_compat.py:3: DeprecationWarning: ast.Bytes is deprecated and will be removed in Python 3.14; use ast.Constant instead
  if not hasattr(ast, 'Bytes'): ast.Bytes = ast.Constant
/workspace/benchmarks/refactorbench/outputs/workspaces/requests_refactor_split-warnings-exceptions_1779871485115/repo/src/_refbench_ast_compat.py:4: DeprecationWarning: ast.Num is deprecated and will be removed in Python 3.14; use ast.Constant instead
  if not hasattr(ast, 'Num'): ast.Num = ast.Constant
/workspace/benchmarks/refactorbench/outputs/workspaces/requests_refactor_split-warnings-exceptions_1779871485115/repo/src/_refbench_ast_compat.py:5: DeprecationWarning: ast.NameConstant is deprecated and will be removed in Python 3.14; use ast.Constant instead
  if not hasattr(ast, 'NameConstant'): ast.NameConstant = ast.Constant
E..E.E.F.
======================================================================
ERROR: test_file_mode_warning_class_exists (__main__.TestWarningsFile.test_file_mode_warning_class_exists)
----------------------------------------------------------------------
Traceback (most recent call last):
  File ""/workspace/benchmarks/refactorbench/tests/requests_refactor/requests-warnings.py"", line 42, in test_file_mode_warning_class_exists
    tree = ast.parse(file.read())
           ^^^^^^^^^^^^^^^^^^^^^^
  File ""/usr/local/lib/python3.12/ast.py"", line 52, in parse
    return compile(source, filename, mode, flags,
           ^^^^^^^^^^^^^^^^^^^^^^^^^^^^^^^^^^^^^^
  File ""<unknown>"", line 10
    """"""An imported dependency doesn't match the expected "
2026-05-27T08:51:48.586916Z,refbench,benchmark_pipeline_20260526_134819,single-agent,salt_refactor,add-log-parameter-delete-directory,failed,0,174.28,2026-05-27T08:51:48Z,,,,,,/workspace/benchmarks/refactorbench/outputs/logs/lazy_single-agent_copilot_openrouter_free/salt_refactor_add-log-parameter-delete-directory_1779871731009.terminal.txt,/workspace/outputs/platform/home/.copilot/session-state/9bbfb6fd-e9d2-4ff8-b515-c6697af7bfdf/events.jsonl,/workspace/benchmarks/refactorbench/outputs/logs/lazy_single-agent_copilot_openrouter_free/salt_refactor_add-log-parameter-delete-directory_1779871731009.response.txt,1,4,"/workspace/benchmarks/refactorbench/outputs/workspaces/salt_refactor_add-log-parameter-delete-directory_1779871731009/repo/salt/_refbench_ast_compat.py:2: DeprecationWarning: ast.Str is deprecated and will be removed in Python 3.14; use ast.Constant instead
  if not hasattr(ast, 'Str'): ast.Str = ast.Constant
/workspace/benchmarks/refactorbench/outputs/workspaces/salt_refactor_add-log-parameter-delete-directory_1779871731009/repo/salt/_refbench_ast_compat.py:3: DeprecationWarning: ast.Bytes is deprecated and will be removed in Python 3.14; use ast.Constant instead
  if not hasattr(ast, 'Bytes'): ast.Bytes = ast.Constant
/workspace/benchmarks/refactorbench/outputs/workspaces/salt_refactor_add-log-parameter-delete-directory_1779871731009/repo/salt/_refbench_ast_compat.py:4: DeprecationWarning: ast.Num is deprecated and will be removed in Python 3.14; use ast.Constant instead
  if not hasattr(ast, 'Num'): ast.Num = ast.Constant
/workspace/benchmarks/refactorbench/outputs/workspaces/salt_refactor_add-log-parameter-delete-directory_1779871731009/repo/salt/_refbench_ast_compat.py:5: DeprecationWarning: ast.NameConstant is deprecated and will be removed in Python 3.14; use ast.Constant instead
  if not hasattr(ast, 'NameConstant'): ast.NameConstant = ast.Constant
.EFE
======================================================================
ERROR: test_delete_directory_has_log_parameter (__main__.TestSaltUtilsSMB.test_delete_directory_has_log_parameter)
----------------------------------------------------------------------
Traceback (most recent call last):
  File ""/workspace/benchmarks/refactorbench/tests/salt_refactor/add-log-parameter-delete-directory-test.py"", line 12, in test_delete_directory_has_log_parameter
    tree = ast.parse(file.read())
           ^^^^^^^^^^^^^^^^^^^^^^
  File ""/usr/local/lib/python3.12/ast.py"", line 52, in parse
    return compile(source, filename, mode, flags,
           ^^^^^^^^^^^^^^^^^^^^^^^^^^^^^^^^^^^^^^
  File ""<unknown>"", line 362
    pat"
2026-05-27T08:58:03.505290Z,refbench,benchmark_pipeline_20260526_134819,single-agent,salt_refactor,add-log-parameter-get-capability-definitions,failed,0,371.7,2026-05-27T08:58:03Z,,,,,,/workspace/benchmarks/refactorbench/outputs/logs/lazy_single-agent_copilot_openrouter_free/salt_refactor_add-log-parameter-get-capability-definitions_1779871908609.terminal.txt,/workspace/outputs/platform/home/.copilot/session-state/30abd4cc-eb54-45f0-bc35-6b6c78735c03/events.jsonl,/workspace/benchmarks/refactorbench/outputs/logs/lazy_single-agent_copilot_openrouter_free/salt_refactor_add-log-parameter-get-capability-definitions_1779871908609.response.txt,1,3,"/workspace/benchmarks/refactorbench/outputs/workspaces/salt_refactor_add-log-parameter-get-capability-definitions_1779871908609/repo/salt/_refbench_ast_compat.py:2: DeprecationWarning: ast.Str is deprecated and will be removed in Python 3.14; use ast.Constant instead
  if not hasattr(ast, 'Str'): ast.Str = ast.Constant
/workspace/benchmarks/refactorbench/outputs/workspaces/salt_refactor_add-log-parameter-get-capability-definitions_1779871908609/repo/salt/_refbench_ast_compat.py:3: DeprecationWarning: ast.Bytes is deprecated and will be removed in Python 3.14; use ast.Constant instead
  if not hasattr(ast, 'Bytes'): ast.Bytes = ast.Constant
/workspace/benchmarks/refactorbench/outputs/workspaces/salt_refactor_add-log-parameter-get-capability-definitions_1779871908609/repo/salt/_refbench_ast_compat.py:4: DeprecationWarning: ast.Num is deprecated and will be removed in Python 3.14; use ast.Constant instead
  if not hasattr(ast, 'Num'): ast.Num = ast.Constant
/workspace/benchmarks/refactorbench/outputs/workspaces/salt_refactor_add-log-parameter-get-capability-definitions_1779871908609/repo/salt/_refbench_ast_compat.py:5: DeprecationWarning: ast.NameConstant is deprecated and will be removed in Python 3.14; use ast.Constant instead
  if not hasattr(ast, 'NameConstant'): ast.NameConstant = ast.Constant
F.F
======================================================================
FAIL: test_get_capability_definitions_has_log_parameter (__main__.TestSaltUtilsPBM.test_get_capability_definitions_has_log_parameter)
----------------------------------------------------------------------
Traceback (most recent call last):
  File ""/workspace/benchmarks/refactorbench/tests/salt_refactor/add-log-parameter-get-capability-definitions-test.py"", line 33, in test_get_capability_definitions_has_log_parameter
    self.assertTrue(log_param_found, f""'log' parameter not found in 'get_capability_definitions' function in {file_path}"")
AssertionError: False is not true : 'log' parameter not found in"
2026-05-27T09:04:38.457591Z,refbench,benchmark_pipeline_20260526_134819,single-agent,salt_refactor,add-log-parameter-recursive-diff,failed,0,391.67,2026-05-27T09:04:38Z,,,,,,/workspace/benchmarks/refactorbench/outputs/logs/lazy_single-agent_copilot_openrouter_free/salt_refactor_add-log-parameter-recursive-diff_1779872283525.terminal.txt,/workspace/outputs/platform/home/.copilot/session-state/d71c5e77-e5c9-4c60-a82b-1ceac0479855/events.jsonl,/workspace/benchmarks/refactorbench/outputs/logs/lazy_single-agent_copilot_openrouter_free/salt_refactor_add-log-parameter-recursive-diff_1779872283525.response.txt,2,6,"/workspace/benchmarks/refactorbench/outputs/workspaces/salt_refactor_add-log-parameter-recursive-diff_1779872283525/repo/salt/_refbench_ast_compat.py:2: DeprecationWarning: ast.Str is deprecated and will be removed in Python 3.14; use ast.Constant instead
  if not hasattr(ast, 'Str'): ast.Str = ast.Constant
/workspace/benchmarks/refactorbench/outputs/workspaces/salt_refactor_add-log-parameter-recursive-diff_1779872283525/repo/salt/_refbench_ast_compat.py:3: DeprecationWarning: ast.Bytes is deprecated and will be removed in Python 3.14; use ast.Constant instead
  if not hasattr(ast, 'Bytes'): ast.Bytes = ast.Constant
/workspace/benchmarks/refactorbench/outputs/workspaces/salt_refactor_add-log-parameter-recursive-diff_1779872283525/repo/salt/_refbench_ast_compat.py:4: DeprecationWarning: ast.Num is deprecated and will be removed in Python 3.14; use ast.Constant instead
  if not hasattr(ast, 'Num'): ast.Num = ast.Constant
/workspace/benchmarks/refactorbench/outputs/workspaces/salt_refactor_add-log-parameter-recursive-diff_1779872283525/repo/salt/_refbench_ast_compat.py:5: DeprecationWarning: ast.NameConstant is deprecated and will be removed in Python 3.14; use ast.Constant instead
  if not hasattr(ast, 'NameConstant'): ast.NameConstant = ast.Constant
..FFFF
======================================================================
FAIL: test_recursive_diff_calls_have_log_argument (__main__.TestSaltUtilsData.test_recursive_diff_calls_have_log_argument)
----------------------------------------------------------------------
Traceback (most recent call last):
  File ""/workspace/benchmarks/refactorbench/tests/salt_refactor/add-log-parameter-recursive-diff-test.py"", line 42, in test_recursive_diff_calls_have_log_argument
    self.assertTrue(
AssertionError: False is not true : Call to 'recursive_diff' without 'log=log' found in ../salt/utils/data.py: Call(func=Name(id='recursive_diff', ctx=Load()), args=[Subscript(value=Name(id='old', ctx=Load()), slice=Name(id='key_old', ctx=L"
2026-05-27T09:06:17.009144Z,refbench,benchmark_pipeline_20260526_134819,single-agent,salt_refactor,cant-create,timed_out,1,95.3,2026-05-27T09:06:16Z,,,,,,/workspace/benchmarks/refactorbench/outputs/logs/lazy_single-agent_copilot_openrouter_free/salt_refactor_cant-create_1779872678476.terminal.txt,/workspace/outputs/platform/home/.copilot/session-state/9d23c05d-13f6-42f9-bc85-26231f035470/events.jsonl,/workspace/benchmarks/refactorbench/outputs/logs/lazy_single-agent_copilot_openrouter_free/salt_refactor_cant-create_1779872678476.response.txt,1,8,No repository changes detected from Copilot response.
2026-05-27T09:12:46.479725Z,refbench,benchmark_pipeline_20260526_134819,single-agent,salt_refactor,channel-to-transport,failed,0,386.11,2026-05-27T09:12:46Z,,,,,,/workspace/benchmarks/refactorbench/outputs/logs/lazy_single-agent_copilot_openrouter_free/salt_refactor_channel-to-transport_1779872777029.terminal.txt,/workspace/outputs/platform/home/.copilot/session-state/2da5ca8a-f7a0-4b20-9982-09acc6d93d74/events.jsonl,/workspace/benchmarks/refactorbench/outputs/logs/lazy_single-agent_copilot_openrouter_free/salt_refactor_channel-to-transport_1779872777029.response.txt,,6,No repository changes detected from Copilot response.
2026-05-27T09:21:53.260639Z,refbench,benchmark_pipeline_20260526_134819,single-agent,salt_refactor,ex-pillar-fail,failed,0,543.44,2026-05-27T09:21:53Z,,,,,,/workspace/benchmarks/refactorbench/outputs/logs/lazy_single-agent_copilot_openrouter_free/salt_refactor_ex-pillar-fail_1779873166498.terminal.txt,/workspace/outputs/platform/home/.copilot/session-state/f24fe836-30a9-445d-b1f9-5c89220ca585/events.jsonl,/workspace/benchmarks/refactorbench/outputs/logs/lazy_single-agent_copilot_openrouter_free/salt_refactor_ex-pillar-fail_1779873166498.response.txt,,5,"/workspace/benchmarks/refactorbench/outputs/workspaces/salt_refactor_ex-pillar-fail_1779873166498/repo/salt/_refbench_ast_compat.py:2: DeprecationWarning: ast.Str is deprecated and will be removed in Python 3.14; use ast.Constant instead
  if not hasattr(ast, 'Str'): ast.Str = ast.Constant
/workspace/benchmarks/refactorbench/outputs/workspaces/salt_refactor_ex-pillar-fail_1779873166498/repo/salt/_refbench_ast_compat.py:3: DeprecationWarning: ast.Bytes is deprecated and will be removed in Python 3.14; use ast.Constant instead
  if not hasattr(ast, 'Bytes'): ast.Bytes = ast.Constant
/workspace/benchmarks/refactorbench/outputs/workspaces/salt_refactor_ex-pillar-fail_1779873166498/repo/salt/_refbench_ast_compat.py:4: DeprecationWarning: ast.Num is deprecated and will be removed in Python 3.14; use ast.Constant instead
  if not hasattr(ast, 'Num'): ast.Num = ast.Constant
/workspace/benchmarks/refactorbench/outputs/workspaces/salt_refactor_ex-pillar-fail_1779873166498/repo/salt/_refbench_ast_compat.py:5: DeprecationWarning: ast.NameConstant is deprecated and will be removed in Python 3.14; use ast.Constant instead
  if not hasattr(ast, 'NameConstant'): ast.NameConstant = ast.Constant
FFFFF
======================================================================
FAIL: test_ex_pillar_fail_in_exitcodes (__main__.TestSaltUtilsSMB.test_ex_pillar_fail_in_exitcodes)
----------------------------------------------------------------------
Traceback (most recent call last):
  File ""/workspace/benchmarks/refactorbench/tests/salt_refactor/ex-pillar-fail-test.py"", line 25, in test_ex_pillar_fail_in_exitcodes
    self.assertTrue(ex_pillar_fail_found, f""'EX_PILLAR_FAIL' not found in {file_path}"")
AssertionError: False is not true : 'EX_PILLAR_FAIL' not found in ../salt/defaults/exitcodes.py

======================================================================
FAIL: test_ex_pillar_fail_is_used_in_state_module (__main__.TestSaltUtilsSMB.test_ex_pillar_fail_is_used_in_state_module)
--------"
2026-05-27T09:32:31.000027Z,refbench,benchmark_pipeline_20260526_134819,single-agent,salt_refactor,ex-state-fail,failed,0,634.02,2026-05-27T09:32:30Z,,,,,,/workspace/benchmarks/refactorbench/outputs/logs/lazy_single-agent_copilot_openrouter_free/salt_refactor_ex-state-fail_1779873713678.terminal.txt,/workspace/outputs/platform/home/.copilot/session-state/e237ba9a-a732-4148-b928-eab6bd9518d7/events.jsonl,/workspace/benchmarks/refactorbench/outputs/logs/lazy_single-agent_copilot_openrouter_free/salt_refactor_ex-state-fail_1779873713678.response.txt,,6,"/workspace/benchmarks/refactorbench/outputs/workspaces/salt_refactor_ex-state-fail_1779873713678/repo/salt/_refbench_ast_compat.py:2: DeprecationWarning: ast.Str is deprecated and will be removed in Python 3.14; use ast.Constant instead
  if not hasattr(ast, 'Str'): ast.Str = ast.Constant
/workspace/benchmarks/refactorbench/outputs/workspaces/salt_refactor_ex-state-fail_1779873713678/repo/salt/_refbench_ast_compat.py:3: DeprecationWarning: ast.Bytes is deprecated and will be removed in Python 3.14; use ast.Constant instead
  if not hasattr(ast, 'Bytes'): ast.Bytes = ast.Constant
/workspace/benchmarks/refactorbench/outputs/workspaces/salt_refactor_ex-state-fail_1779873713678/repo/salt/_refbench_ast_compat.py:4: DeprecationWarning: ast.Num is deprecated and will be removed in Python 3.14; use ast.Constant instead
  if not hasattr(ast, 'Num'): ast.Num = ast.Constant
/workspace/benchmarks/refactorbench/outputs/workspaces/salt_refactor_ex-state-fail_1779873713678/repo/salt/_refbench_ast_compat.py:5: DeprecationWarning: ast.NameConstant is deprecated and will be removed in Python 3.14; use ast.Constant instead
  if not hasattr(ast, 'NameConstant'): ast.NameConstant = ast.Constant
FFFFFF
======================================================================
FAIL: test_ex_state_fail_in_exitcodes (__main__.TestSaltUtilsStateFail.test_ex_state_fail_in_exitcodes)
----------------------------------------------------------------------
Traceback (most recent call last):
  File ""/workspace/benchmarks/refactorbench/tests/salt_refactor/ex-state-fail-test.py"", line 39, in test_ex_state_fail_in_exitcodes
    self.assertTrue(ex_state_fail_found, f""'EX_STATE_FAIL' not found in {file_path}"")
AssertionError: False is not true : 'EX_STATE_FAIL' not found in ../salt/defaults/exitcodes.py

======================================================================
FAIL: test_ex_state_fail_is_used_in_state (__main__.TestSaltUtilsStateFail.test_ex_state_fail_is_used_in_state)
----------------------"
2026-05-27T09:40:20.183845Z,refbench,benchmark_pipeline_20260526_134819,single-agent,salt_refactor,exactly-n-boto-mod,failed,0,465.5,2026-05-27T09:40:20Z,,,,,,/workspace/benchmarks/refactorbench/outputs/logs/lazy_single-agent_copilot_openrouter_free/salt_refactor_exactly-n-boto-mod_1779874351410.terminal.txt,/workspace/outputs/platform/home/.copilot/session-state/f329e0c5-6f91-421f-b99e-ba77f5beefec/events.jsonl,/workspace/benchmarks/refactorbench/outputs/logs/lazy_single-agent_copilot_openrouter_free/salt_refactor_exactly-n-boto-mod_1779874351410.response.txt,,4,No repository changes detected from Copilot response.
2026-05-27T09:43:50.653900Z,refbench,benchmark_pipeline_20260526_134819,single-agent,salt_refactor,get-unavail,success,0,206.73,2026-05-27T09:43:50Z,,,,,,/workspace/benchmarks/refactorbench/outputs/logs/lazy_single-agent_copilot_openrouter_free/salt_refactor_get-unavail_1779874820592.terminal.txt,/workspace/outputs/platform/home/.copilot/session-state/cfcaef3f-40ed-488d-914f-20d011cbc561/events.jsonl,/workspace/benchmarks/refactorbench/outputs/logs/lazy_single-agent_copilot_openrouter_free/salt_refactor_get-unavail_1779874820592.response.txt,10,10,"/workspace/benchmarks/refactorbench/outputs/workspaces/salt_refactor_get-unavail_1779874820592/repo/salt/_refbench_ast_compat.py:2: DeprecationWarning: ast.Str is deprecated and will be removed in Python 3.14; use ast.Constant instead
  if not hasattr(ast, 'Str'): ast.Str = ast.Constant
/workspace/benchmarks/refactorbench/outputs/workspaces/salt_refactor_get-unavail_1779874820592/repo/salt/_refbench_ast_compat.py:3: DeprecationWarning: ast.Bytes is deprecated and will be removed in Python 3.14; use ast.Constant instead
  if not hasattr(ast, 'Bytes'): ast.Bytes = ast.Constant
/workspace/benchmarks/refactorbench/outputs/workspaces/salt_refactor_get-unavail_1779874820592/repo/salt/_refbench_ast_compat.py:4: DeprecationWarning: ast.Num is deprecated and will be removed in Python 3.14; use ast.Constant instead
  if not hasattr(ast, 'Num'): ast.Num = ast.Constant
/workspace/benchmarks/refactorbench/outputs/workspaces/salt_refactor_get-unavail_1779874820592/repo/salt/_refbench_ast_compat.py:5: DeprecationWarning: ast.NameConstant is deprecated and will be removed in Python 3.14; use ast.Constant instead
  if not hasattr(ast, 'NameConstant'): ast.NameConstant = ast.Constant
..........
----------------------------------------------------------------------
Ran 10 tests in 0.104s

OK
"
2026-05-27T09:51:18.803421Z,refbench,benchmark_pipeline_20260526_134819,single-agent,salt_refactor,iam-to-aws,failed,0,444.5,2026-05-27T09:51:18Z,,,,,,/workspace/benchmarks/refactorbench/outputs/logs/lazy_single-agent_copilot_openrouter_free/salt_refactor_iam-to-aws_1779875031056.terminal.txt,/workspace/outputs/platform/home/.copilot/session-state/2010606a-06a1-4179-9e36-c3443a7eed7e/events.jsonl,/workspace/benchmarks/refactorbench/outputs/logs/lazy_single-agent_copilot_openrouter_free/salt_refactor_iam-to-aws_1779875031056.response.txt,2,5,No repository changes detected from Copilot response.
2026-05-27T09:56:39.052133Z,refbench,benchmark_pipeline_20260526_134819,single-agent,salt_refactor,mksls-to-specific,failed,0,316.64,2026-05-27T09:56:39Z,,,,,,/workspace/benchmarks/refactorbench/outputs/logs/lazy_single-agent_copilot_openrouter_free/salt_refactor_mksls-to-specific_1779875479211.terminal.txt,/workspace/outputs/platform/home/.copilot/session-state/32770313-619e-460b-a271-5b3681686743/events.jsonl,/workspace/benchmarks/refactorbench/outputs/logs/lazy_single-agent_copilot_openrouter_free/salt_refactor_mksls-to-specific_1779875479211.response.txt,3,6,"/workspace/benchmarks/refactorbench/outputs/workspaces/salt_refactor_mksls-to-specific_1779875479211/repo/salt/_refbench_ast_compat.py:2: DeprecationWarning: ast.Str is deprecated and will be removed in Python 3.14; use ast.Constant instead
  if not hasattr(ast, 'Str'): ast.Str = ast.Constant
/workspace/benchmarks/refactorbench/outputs/workspaces/salt_refactor_mksls-to-specific_1779875479211/repo/salt/_refbench_ast_compat.py:3: DeprecationWarning: ast.Bytes is deprecated and will be removed in Python 3.14; use ast.Constant instead
  if not hasattr(ast, 'Bytes'): ast.Bytes = ast.Constant
/workspace/benchmarks/refactorbench/outputs/workspaces/salt_refactor_mksls-to-specific_1779875479211/repo/salt/_refbench_ast_compat.py:4: DeprecationWarning: ast.Num is deprecated and will be removed in Python 3.14; use ast.Constant instead
  if not hasattr(ast, 'Num'): ast.Num = ast.Constant
/workspace/benchmarks/refactorbench/outputs/workspaces/salt_refactor_mksls-to-specific_1779875479211/repo/salt/_refbench_ast_compat.py:5: DeprecationWarning: ast.NameConstant is deprecated and will be removed in Python 3.14; use ast.Constant instead
  if not hasattr(ast, 'NameConstant'): ast.NameConstant = ast.Constant
.F.F.F
======================================================================
FAIL: test_kickstart_py_has_kickstart_to_sls (__main__.TestSaltUtilsModules.test_kickstart_py_has_kickstart_to_sls)
----------------------------------------------------------------------
Traceback (most recent call last):
  File ""/workspace/benchmarks/refactorbench/tests/salt_refactor/mksls-to-specific-test.py"", line 80, in test_kickstart_py_has_kickstart_to_sls
    self.assertTrue(kickstart_to_sls_function_found, f""'kickstart_to_sls' not found in {file_path}"")
AssertionError: False is not true : 'kickstart_to_sls' not found in ../salt/utils/kickstart.py

======================================================================
FAIL: test_preseed_py_has_preseed_to_sls (__main__.TestSaltUtilsModules.test_pre"
2026-05-27T10:08:16.336392Z,refbench,benchmark_pipeline_20260526_134819,single-agent,salt_refactor,namecheap-xmlutil,failed,0,693.62,2026-05-27T10:08:16Z,,,,,,/workspace/benchmarks/refactorbench/outputs/logs/lazy_single-agent_copilot_openrouter_free/salt_refactor_namecheap-xmlutil_1779875799463.terminal.txt,/workspace/outputs/platform/home/.copilot/session-state/ce271697-bb57-4d33-9268-bd593ae417b2/events.jsonl,/workspace/benchmarks/refactorbench/outputs/logs/lazy_single-agent_copilot_openrouter_free/salt_refactor_namecheap-xmlutil_1779875799463.response.txt,2,6,"/workspace/benchmarks/refactorbench/outputs/workspaces/salt_refactor_namecheap-xmlutil_1779875799463/repo/salt/_refbench_ast_compat.py:2: DeprecationWarning: ast.Str is deprecated and will be removed in Python 3.14; use ast.Constant instead
  if not hasattr(ast, 'Str'): ast.Str = ast.Constant
/workspace/benchmarks/refactorbench/outputs/workspaces/salt_refactor_namecheap-xmlutil_1779875799463/repo/salt/_refbench_ast_compat.py:3: DeprecationWarning: ast.Bytes is deprecated and will be removed in Python 3.14; use ast.Constant instead
  if not hasattr(ast, 'Bytes'): ast.Bytes = ast.Constant
/workspace/benchmarks/refactorbench/outputs/workspaces/salt_refactor_namecheap-xmlutil_1779875799463/repo/salt/_refbench_ast_compat.py:4: DeprecationWarning: ast.Num is deprecated and will be removed in Python 3.14; use ast.Constant instead
  if not hasattr(ast, 'Num'): ast.Num = ast.Constant
/workspace/benchmarks/refactorbench/outputs/workspaces/salt_refactor_namecheap-xmlutil_1779875799463/repo/salt/_refbench_ast_compat.py:5: DeprecationWarning: ast.NameConstant is deprecated and will be removed in Python 3.14; use ast.Constant instead
  if not hasattr(ast, 'NameConstant'): ast.NameConstant = ast.Constant
FFF.F.
======================================================================
FAIL: test_atts_to_dict_in_xmlutil (__main__.TestXmlUtilFunctions.test_atts_to_dict_in_xmlutil)
----------------------------------------------------------------------
Traceback (most recent call last):
  File ""/workspace/benchmarks/refactorbench/tests/salt_refactor/namecheap-xmlutil-test.py"", line 27, in test_atts_to_dict_in_xmlutil
    self.assertTrue(atts_to_dict_found, f""Function 'atts_to_dict' not found in {file_path}, but it should be present"")
AssertionError: False is not true : Function 'atts_to_dict' not found in ../salt/utils/xmlutil.py, but it should be present

======================================================================
FAIL: test_atts_to_dict_not_in_namecheap (__main__.TestXmlUtilF"
2026-05-27T10:16:31.924569Z,refbench,benchmark_pipeline_20260526_134819,single-agent,salt_refactor,paged-call-boto-mod,failed,0,491.93,2026-05-27T10:16:31Z,,,,,,/workspace/benchmarks/refactorbench/outputs/logs/lazy_single-agent_copilot_openrouter_free/salt_refactor_paged-call-boto-mod_1779876496746.terminal.txt,/workspace/outputs/platform/home/.copilot/session-state/99ed6390-bb70-4ab2-aa86-795dd91e8f88/events.jsonl,/workspace/benchmarks/refactorbench/outputs/logs/lazy_single-agent_copilot_openrouter_free/salt_refactor_paged-call-boto-mod_1779876496746.response.txt,1,4,"/workspace/benchmarks/refactorbench/outputs/workspaces/salt_refactor_paged-call-boto-mod_1779876496746/repo/salt/_refbench_ast_compat.py:2: DeprecationWarning: ast.Str is deprecated and will be removed in Python 3.14; use ast.Constant instead
  if not hasattr(ast, 'Str'): ast.Str = ast.Constant
/workspace/benchmarks/refactorbench/outputs/workspaces/salt_refactor_paged-call-boto-mod_1779876496746/repo/salt/_refbench_ast_compat.py:3: DeprecationWarning: ast.Bytes is deprecated and will be removed in Python 3.14; use ast.Constant instead
  if not hasattr(ast, 'Bytes'): ast.Bytes = ast.Constant
/workspace/benchmarks/refactorbench/outputs/workspaces/salt_refactor_paged-call-boto-mod_1779876496746/repo/salt/_refbench_ast_compat.py:4: DeprecationWarning: ast.Num is deprecated and will be removed in Python 3.14; use ast.Constant instead
  if not hasattr(ast, 'Num'): ast.Num = ast.Constant
/workspace/benchmarks/refactorbench/outputs/workspaces/salt_refactor_paged-call-boto-mod_1779876496746/repo/salt/_refbench_ast_compat.py:5: DeprecationWarning: ast.NameConstant is deprecated and will be removed in Python 3.14; use ast.Constant instead
  if not hasattr(ast, 'NameConstant'): ast.NameConstant = ast.Constant
F/workspace/benchmarks/refactorbench/tests/salt_refactor/paged-call-boto-mod-test.py:74: DeprecationWarning: ast.Str is deprecated and will be removed in Python 3.14; use ast.Constant instead
  has_docstring = isinstance(paged_call_function.body[0], ast.Expr) and isinstance(paged_call_function.body[0].value, ast.Str)
/workspace/benchmarks/refactorbench/tests/salt_refactor/paged-call-boto-mod-test.py:77: DeprecationWarning: ast.Str is deprecated and will be removed in Python 3.14; use ast.Constant instead
  isinstance(node.args[0], ast.Str) and node.args[0].s == 'marker_flag'
/workspace/benchmarks/refactorbench/tests/salt_refactor/paged-call-boto-mod-test.py:77: DeprecationWarning: Attribute s is deprecated and will be removed in Python 3.14; use value instead
  isinstance("
2026-05-27T10:21:48.832809Z,refbench,benchmark_pipeline_20260526_134819,single-agent,salt_refactor,pem-fingerprint,failed,0,313.02,2026-05-27T10:21:48Z,,,,,,/workspace/benchmarks/refactorbench/outputs/logs/lazy_single-agent_copilot_openrouter_free/salt_refactor_pem-fingerprint_1779876992352.terminal.txt,/workspace/outputs/platform/home/.copilot/session-state/9851685b-f6ee-43f3-8bd5-6b5ffcce09b3/events.jsonl,/workspace/benchmarks/refactorbench/outputs/logs/lazy_single-agent_copilot_openrouter_free/salt_refactor_pem-fingerprint_1779876992352.response.txt,2,10,"/workspace/benchmarks/refactorbench/outputs/workspaces/salt_refactor_pem-fingerprint_1779876992352/repo/salt/_refbench_ast_compat.py:2: DeprecationWarning: ast.Str is deprecated and will be removed in Python 3.14; use ast.Constant instead
  if not hasattr(ast, 'Str'): ast.Str = ast.Constant
/workspace/benchmarks/refactorbench/outputs/workspaces/salt_refactor_pem-fingerprint_1779876992352/repo/salt/_refbench_ast_compat.py:3: DeprecationWarning: ast.Bytes is deprecated and will be removed in Python 3.14; use ast.Constant instead
  if not hasattr(ast, 'Bytes'): ast.Bytes = ast.Constant
/workspace/benchmarks/refactorbench/outputs/workspaces/salt_refactor_pem-fingerprint_1779876992352/repo/salt/_refbench_ast_compat.py:4: DeprecationWarning: ast.Num is deprecated and will be removed in Python 3.14; use ast.Constant instead
  if not hasattr(ast, 'Num'): ast.Num = ast.Constant
/workspace/benchmarks/refactorbench/outputs/workspaces/salt_refactor_pem-fingerprint_1779876992352/repo/salt/_refbench_ast_compat.py:5: DeprecationWarning: ast.NameConstant is deprecated and will be removed in Python 3.14; use ast.Constant instead
  if not hasattr(ast, 'NameConstant'): ast.NameConstant = ast.Constant
F..FFFFFFF
======================================================================
FAIL: test_patch_pem_fingerprint_in_test_key_py (__main__.TestSaltCryptFunctions.test_patch_pem_fingerprint_in_test_key_py)
----------------------------------------------------------------------
Traceback (most recent call last):
  File ""/workspace/benchmarks/refactorbench/tests/salt_refactor/pem-fingerprint-test.py"", line 128, in test_patch_pem_fingerprint_in_test_key_py
    self.assertIn(""pem_fingerprint"", content, f""'pem_fingerprint' not found in a patch.object() call in {file_path}"")
AssertionError: 'pem_fingerprint' not found in '""""""\n    :codeauthor: Rupesh Tare <rupesht@saltstack.com>\n\n    Test cases for salt.modules.key\n""""""\n\nimport os.path\n\nimport pytest\n\nimport salt.modules.key as key\nimpo"
2026-05-27T10:23:48.262434Z,refbench,benchmark_pipeline_20260526_134819,single-agent,salt_refactor,perm-denied,failed,0,115.71,2026-05-27T10:23:48Z,,,,,,/workspace/benchmarks/refactorbench/outputs/logs/lazy_single-agent_copilot_openrouter_free/salt_refactor_perm-denied_1779877309248.terminal.txt,/workspace/outputs/platform/home/.copilot/session-state/bc78b02a-30a6-4cd7-8903-2fd111da9172/events.jsonl,/workspace/benchmarks/refactorbench/outputs/logs/lazy_single-agent_copilot_openrouter_free/salt_refactor_perm-denied_1779877309248.response.txt,3,5,"/workspace/benchmarks/refactorbench/outputs/workspaces/salt_refactor_perm-denied_1779877309248/repo/salt/_refbench_ast_compat.py:2: DeprecationWarning: ast.Str is deprecated and will be removed in Python 3.14; use ast.Constant instead
  if not hasattr(ast, 'Str'): ast.Str = ast.Constant
/workspace/benchmarks/refactorbench/outputs/workspaces/salt_refactor_perm-denied_1779877309248/repo/salt/_refbench_ast_compat.py:3: DeprecationWarning: ast.Bytes is deprecated and will be removed in Python 3.14; use ast.Constant instead
  if not hasattr(ast, 'Bytes'): ast.Bytes = ast.Constant
/workspace/benchmarks/refactorbench/outputs/workspaces/salt_refactor_perm-denied_1779877309248/repo/salt/_refbench_ast_compat.py:4: DeprecationWarning: ast.Num is deprecated and will be removed in Python 3.14; use ast.Constant instead
  if not hasattr(ast, 'Num'): ast.Num = ast.Constant
/workspace/benchmarks/refactorbench/outputs/workspaces/salt_refactor_perm-denied_1779877309248/repo/salt/_refbench_ast_compat.py:5: DeprecationWarning: ast.NameConstant is deprecated and will be removed in Python 3.14; use ast.Constant instead
  if not hasattr(ast, 'NameConstant'): ast.NameConstant = ast.Constant
...FF
======================================================================
FAIL: test_ex_perm_denied_in_exitcodes (__main__.TestSaltUtilsSMB.test_ex_perm_denied_in_exitcodes)
----------------------------------------------------------------------
Traceback (most recent call last):
  File ""/workspace/benchmarks/refactorbench/tests/salt_refactor/perm-denied-test.py"", line 22, in test_ex_perm_denied_in_exitcodes
    self.assertTrue(ex_perm_denied_found, f""'EX_PERM_DENIED' not found in {file_path}"")
AssertionError: False is not true : 'EX_PERM_DENIED' not found in ../salt/defaults/exitcodes.py

======================================================================
FAIL: test_ex_perm_denied_is_used_in_crypt (__main__.TestSaltUtilsSMB.test_ex_perm_denied_is_used_in_crypt)
-------------------------------------"
2026-05-27T10:26:39.125955Z,refbench,benchmark_pipeline_20260526_134819,single-agent,scrapy_refactor,add-log-parameter-disconnect-all,failed,0,169.81,2026-05-27T10:26:39Z,,,,,,/workspace/benchmarks/refactorbench/outputs/logs/lazy_single-agent_copilot_openrouter_free/scrapy_refactor_add-log-parameter-disconnect-all_1779877428684.terminal.txt,/workspace/outputs/platform/home/.copilot/session-state/8f4810b8-74a3-4c5b-85fc-10fb5eb67f70/events.jsonl,/workspace/benchmarks/refactorbench/outputs/logs/lazy_single-agent_copilot_openrouter_free/scrapy_refactor_add-log-parameter-disconnect-all_1779877428684.response.txt,4,6,"/workspace/benchmarks/refactorbench/outputs/workspaces/scrapy_refactor_add-log-parameter-disconnect-all_1779877428684/repo/scrapy/_refbench_ast_compat.py:2: DeprecationWarning: ast.Str is deprecated and will be removed in Python 3.14; use ast.Constant instead
  if not hasattr(ast, 'Str'): ast.Str = ast.Constant
/workspace/benchmarks/refactorbench/outputs/workspaces/scrapy_refactor_add-log-parameter-disconnect-all_1779877428684/repo/scrapy/_refbench_ast_compat.py:3: DeprecationWarning: ast.Bytes is deprecated and will be removed in Python 3.14; use ast.Constant instead
  if not hasattr(ast, 'Bytes'): ast.Bytes = ast.Constant
/workspace/benchmarks/refactorbench/outputs/workspaces/scrapy_refactor_add-log-parameter-disconnect-all_1779877428684/repo/scrapy/_refbench_ast_compat.py:4: DeprecationWarning: ast.Num is deprecated and will be removed in Python 3.14; use ast.Constant instead
  if not hasattr(ast, 'Num'): ast.Num = ast.Constant
/workspace/benchmarks/refactorbench/outputs/workspaces/scrapy_refactor_add-log-parameter-disconnect-all_1779877428684/repo/scrapy/_refbench_ast_compat.py:5: DeprecationWarning: ast.NameConstant is deprecated and will be removed in Python 3.14; use ast.Constant instead
  if not hasattr(ast, 'NameConstant'): ast.NameConstant = ast.Constant
.FF...
======================================================================
FAIL: test_disconnect_all_log_param_in_test_engine (__main__.TestScrapyMigration.test_disconnect_all_log_param_in_test_engine)
----------------------------------------------------------------------
Traceback (most recent call last):
  File ""/workspace/benchmarks/refactorbench/tests/scrapy_refactor/add-log-parameter-disconnect-all.py"", line 117, in test_disconnect_all_log_param_in_test_engine
    self.assertTrue(log_param_found, ""The 'disconnect_all' function is not called with the 'log' parameter in test_engine.py"")
AssertionError: False is not true : The 'disconnect_all' function is not called with the 'log' parameter in test_en"
2026-05-27T10:32:10.223555Z,refbench,benchmark_pipeline_20260526_134819,single-agent,scrapy_refactor,add-log-parameter-job-dir,failed,0,330.07,2026-05-27T10:32:10Z,,,,,,/workspace/benchmarks/refactorbench/outputs/logs/lazy_single-agent_copilot_openrouter_free/scrapy_refactor_add-log-parameter-job-dir_1779877599547.terminal.txt,/workspace/outputs/platform/home/.copilot/session-state/f375c399-3aa7-40c3-8b8e-3248bcf10e56/events.jsonl,/workspace/benchmarks/refactorbench/outputs/logs/lazy_single-agent_copilot_openrouter_free/scrapy_refactor_add-log-parameter-job-dir_1779877599547.response.txt,1,5,"/workspace/benchmarks/refactorbench/outputs/workspaces/scrapy_refactor_add-log-parameter-job-dir_1779877599547/repo/scrapy/_refbench_ast_compat.py:2: DeprecationWarning: ast.Str is deprecated and will be removed in Python 3.14; use ast.Constant instead
  if not hasattr(ast, 'Str'): ast.Str = ast.Constant
/workspace/benchmarks/refactorbench/outputs/workspaces/scrapy_refactor_add-log-parameter-job-dir_1779877599547/repo/scrapy/_refbench_ast_compat.py:3: DeprecationWarning: ast.Bytes is deprecated and will be removed in Python 3.14; use ast.Constant instead
  if not hasattr(ast, 'Bytes'): ast.Bytes = ast.Constant
/workspace/benchmarks/refactorbench/outputs/workspaces/scrapy_refactor_add-log-parameter-job-dir_1779877599547/repo/scrapy/_refbench_ast_compat.py:4: DeprecationWarning: ast.Num is deprecated and will be removed in Python 3.14; use ast.Constant instead
  if not hasattr(ast, 'Num'): ast.Num = ast.Constant
/workspace/benchmarks/refactorbench/outputs/workspaces/scrapy_refactor_add-log-parameter-job-dir_1779877599547/repo/scrapy/_refbench_ast_compat.py:5: DeprecationWarning: ast.NameConstant is deprecated and will be removed in Python 3.14; use ast.Constant instead
  if not hasattr(ast, 'NameConstant'): ast.NameConstant = ast.Constant
FFF.F
======================================================================
FAIL: test_job_dir_call_in_dupefilters_has_log_false (__main__.TestScrapyMigration.test_job_dir_call_in_dupefilters_has_log_false)
----------------------------------------------------------------------
Traceback (most recent call last):
  File ""/workspace/benchmarks/refactorbench/tests/scrapy_refactor/add-log-parameter-job-dir.py"", line 78, in test_job_dir_call_in_dupefilters_has_log_false
    self.assertTrue(log_param_found, ""Call to 'job_dir' in dupefilters.py does not have 'log=False'"")
AssertionError: False is not true : Call to 'job_dir' in dupefilters.py does not have 'log=False'

======================================================================
F"
2026-05-27T10:38:53.003776Z,refbench,benchmark_pipeline_20260526_134819,single-agent,scrapy_refactor,add-log-parameter-xmliter,failed,0,401.74,2026-05-27T10:38:52Z,,,,,,/workspace/benchmarks/refactorbench/outputs/logs/lazy_single-agent_copilot_openrouter_free/scrapy_refactor_add-log-parameter-xmliter_1779877930635.terminal.txt,/workspace/outputs/platform/home/.copilot/session-state/4d752124-40b1-49fd-aca1-e64bf5d270c0/events.jsonl,/workspace/benchmarks/refactorbench/outputs/logs/lazy_single-agent_copilot_openrouter_free/scrapy_refactor_add-log-parameter-xmliter_1779877930635.response.txt,2,3,"/workspace/benchmarks/refactorbench/outputs/workspaces/scrapy_refactor_add-log-parameter-xmliter_1779877930635/repo/scrapy/_refbench_ast_compat.py:2: DeprecationWarning: ast.Str is deprecated and will be removed in Python 3.14; use ast.Constant instead
  if not hasattr(ast, 'Str'): ast.Str = ast.Constant
/workspace/benchmarks/refactorbench/outputs/workspaces/scrapy_refactor_add-log-parameter-xmliter_1779877930635/repo/scrapy/_refbench_ast_compat.py:3: DeprecationWarning: ast.Bytes is deprecated and will be removed in Python 3.14; use ast.Constant instead
  if not hasattr(ast, 'Bytes'): ast.Bytes = ast.Constant
/workspace/benchmarks/refactorbench/outputs/workspaces/scrapy_refactor_add-log-parameter-xmliter_1779877930635/repo/scrapy/_refbench_ast_compat.py:4: DeprecationWarning: ast.Num is deprecated and will be removed in Python 3.14; use ast.Constant instead
  if not hasattr(ast, 'Num'): ast.Num = ast.Constant
/workspace/benchmarks/refactorbench/outputs/workspaces/scrapy_refactor_add-log-parameter-xmliter_1779877930635/repo/scrapy/_refbench_ast_compat.py:5: DeprecationWarning: ast.NameConstant is deprecated and will be removed in Python 3.14; use ast.Constant instead
  if not hasattr(ast, 'NameConstant'): ast.NameConstant = ast.Constant
..F
======================================================================
FAIL: test_xmliter_has_log_parameter (__main__.TestScrapyMigration.test_xmliter_has_log_parameter)
----------------------------------------------------------------------
Traceback (most recent call last):
  File ""/workspace/benchmarks/refactorbench/tests/scrapy_refactor/add-log-parameter-xmliter.py"", line 31, in test_xmliter_has_log_parameter
    self.assertTrue(log_param_found, ""Parameter 'log: bool' not found in 'xmliter' function"")
AssertionError: False is not true : Parameter 'log: bool' not found in 'xmliter' function

----------------------------------------------------------------------
Ran 3 tests in 0.011s

FAILED (failures=1)
"
2026-05-27T10:45:33.951537Z,refbench,benchmark_pipeline_20260526_134819,single-agent,scrapy_refactor,genspider-functions-to-utils-url,failed,0,399.92,2026-05-27T10:45:33Z,,,,,,/workspace/benchmarks/refactorbench/outputs/logs/lazy_single-agent_copilot_openrouter_free/scrapy_refactor_genspider-functions-to-utils-url_1779878333421.terminal.txt,/workspace/outputs/platform/home/.copilot/session-state/588312d0-ae2a-41eb-acf5-31ac7fcef8f9/events.jsonl,/workspace/benchmarks/refactorbench/outputs/logs/lazy_single-agent_copilot_openrouter_free/scrapy_refactor_genspider-functions-to-utils-url_1779878333421.response.txt,1,4,"/workspace/benchmarks/refactorbench/outputs/workspaces/scrapy_refactor_genspider-functions-to-utils-url_1779878333421/repo/scrapy/_refbench_ast_compat.py:2: DeprecationWarning: ast.Str is deprecated and will be removed in Python 3.14; use ast.Constant instead
  if not hasattr(ast, 'Str'): ast.Str = ast.Constant
/workspace/benchmarks/refactorbench/outputs/workspaces/scrapy_refactor_genspider-functions-to-utils-url_1779878333421/repo/scrapy/_refbench_ast_compat.py:3: DeprecationWarning: ast.Bytes is deprecated and will be removed in Python 3.14; use ast.Constant instead
  if not hasattr(ast, 'Bytes'): ast.Bytes = ast.Constant
/workspace/benchmarks/refactorbench/outputs/workspaces/scrapy_refactor_genspider-functions-to-utils-url_1779878333421/repo/scrapy/_refbench_ast_compat.py:4: DeprecationWarning: ast.Num is deprecated and will be removed in Python 3.14; use ast.Constant instead
  if not hasattr(ast, 'Num'): ast.Num = ast.Constant
/workspace/benchmarks/refactorbench/outputs/workspaces/scrapy_refactor_genspider-functions-to-utils-url_1779878333421/repo/scrapy/_refbench_ast_compat.py:5: DeprecationWarning: ast.NameConstant is deprecated and will be removed in Python 3.14; use ast.Constant instead
  if not hasattr(ast, 'NameConstant'): ast.NameConstant = ast.Constant
F.FF
======================================================================
FAIL: test_functions_moved_to_utils_url (__main__.TestFunctionMigration.test_functions_moved_to_utils_url)
----------------------------------------------------------------------
Traceback (most recent call last):
  File ""/workspace/benchmarks/refactorbench/tests/scrapy_refactor/genspider-functions-to-utils-url.py"", line 26, in test_functions_moved_to_utils_url
    self.assertTrue(found, f""Function '{function}' not found in url.py"")
AssertionError: False is not true : Function 'verify_url_scheme' not found in url.py

======================================================================
FAIL: test_genspider_imports_from_utils_url (_"
2026-05-27T10:48:57.944637Z,refbench,benchmark_pipeline_20260526_134819,single-agent,scrapy_refactor,new-downloadermiddlewares-utils,timed_out,1,202.96,2026-05-27T10:48:57Z,,,,,,/workspace/benchmarks/refactorbench/outputs/logs/lazy_single-agent_copilot_openrouter_free/scrapy_refactor_new-downloadermiddlewares-utils_1779878734365.terminal.txt,/workspace/outputs/platform/home/.copilot/session-state/b3ba62d3-6f28-403f-98fe-6995c4a5e68d/events.jsonl,/workspace/benchmarks/refactorbench/outputs/logs/lazy_single-agent_copilot_openrouter_free/scrapy_refactor_new-downloadermiddlewares-utils_1779878734365.response.txt,,5,No repository changes detected from Copilot response.
2026-05-27T10:53:56.655615Z,refbench,benchmark_pipeline_20260526_134819,single-agent,scrapy_refactor,new-spider-utils-in-spiders,failed,0,297.64,2026-05-27T10:53:56Z,,,,,,/workspace/benchmarks/refactorbench/outputs/logs/lazy_single-agent_copilot_openrouter_free/scrapy_refactor_new-spider-utils-in-spiders_1779878938377.terminal.txt,/workspace/outputs/platform/home/.copilot/session-state/828765db-684f-4e82-8d51-4589b4df8b22/events.jsonl,/workspace/benchmarks/refactorbench/outputs/logs/lazy_single-agent_copilot_openrouter_free/scrapy_refactor_new-spider-utils-in-spiders_1779878938377.response.txt,,8,"/workspace/benchmarks/refactorbench/outputs/workspaces/scrapy_refactor_new-spider-utils-in-spiders_1779878938377/repo/scrapy/_refbench_ast_compat.py:2: DeprecationWarning: ast.Str is deprecated and will be removed in Python 3.14; use ast.Constant instead
  if not hasattr(ast, 'Str'): ast.Str = ast.Constant
/workspace/benchmarks/refactorbench/outputs/workspaces/scrapy_refactor_new-spider-utils-in-spiders_1779878938377/repo/scrapy/_refbench_ast_compat.py:3: DeprecationWarning: ast.Bytes is deprecated and will be removed in Python 3.14; use ast.Constant instead
  if not hasattr(ast, 'Bytes'): ast.Bytes = ast.Constant
/workspace/benchmarks/refactorbench/outputs/workspaces/scrapy_refactor_new-spider-utils-in-spiders_1779878938377/repo/scrapy/_refbench_ast_compat.py:4: DeprecationWarning: ast.Num is deprecated and will be removed in Python 3.14; use ast.Constant instead
  if not hasattr(ast, 'Num'): ast.Num = ast.Constant
/workspace/benchmarks/refactorbench/outputs/workspaces/scrapy_refactor_new-spider-utils-in-spiders_1779878938377/repo/scrapy/_refbench_ast_compat.py:5: DeprecationWarning: ast.NameConstant is deprecated and will be removed in Python 3.14; use ast.Constant instead
  if not hasattr(ast, 'NameConstant'): ast.NameConstant = ast.Constant
FFFFFFFF
======================================================================
FAIL: test_crawl_imports_spider_utils (__main__.TestScrapyMigration.test_crawl_imports_spider_utils)
----------------------------------------------------------------------
Traceback (most recent call last):
  File ""/workspace/benchmarks/refactorbench/tests/scrapy_refactor/new-spider-utils-in-spiders.py"", line 14, in setUp
    self.assertTrue(os.path.exists(self.spider_utils_path), f""{self.spider_utils_path} does not exist"")
AssertionError: False is not true : ../scrapy/spiders/spider_utils.py does not exist

======================================================================
FAIL: test_get_method_function_exists (__main__.TestScrapyMigration.te"
2026-05-27T11:00:53.153396Z,refbench,benchmark_pipeline_20260526_134819,single-agent,scrapy_refactor,new-verify-reactor-class,failed,0,415.81,2026-05-27T11:00:53Z,,,,,,/workspace/benchmarks/refactorbench/outputs/logs/lazy_single-agent_copilot_openrouter_free/scrapy_refactor_new-verify-reactor-class_1779879236709.terminal.txt,/workspace/outputs/platform/home/.copilot/session-state/45587a82-1d17-4942-bbc7-837f305dd81c/events.jsonl,/workspace/benchmarks/refactorbench/outputs/logs/lazy_single-agent_copilot_openrouter_free/scrapy_refactor_new-verify-reactor-class_1779879236709.response.txt,4,11,"/workspace/benchmarks/refactorbench/outputs/workspaces/scrapy_refactor_new-verify-reactor-class_1779879236709/repo/scrapy/_refbench_ast_compat.py:2: DeprecationWarning: ast.Str is deprecated and will be removed in Python 3.14; use ast.Constant instead
  if not hasattr(ast, 'Str'): ast.Str = ast.Constant
/workspace/benchmarks/refactorbench/outputs/workspaces/scrapy_refactor_new-verify-reactor-class_1779879236709/repo/scrapy/_refbench_ast_compat.py:3: DeprecationWarning: ast.Bytes is deprecated and will be removed in Python 3.14; use ast.Constant instead
  if not hasattr(ast, 'Bytes'): ast.Bytes = ast.Constant
/workspace/benchmarks/refactorbench/outputs/workspaces/scrapy_refactor_new-verify-reactor-class_1779879236709/repo/scrapy/_refbench_ast_compat.py:4: DeprecationWarning: ast.Num is deprecated and will be removed in Python 3.14; use ast.Constant instead
  if not hasattr(ast, 'Num'): ast.Num = ast.Constant
/workspace/benchmarks/refactorbench/outputs/workspaces/scrapy_refactor_new-verify-reactor-class_1779879236709/repo/scrapy/_refbench_ast_compat.py:5: DeprecationWarning: ast.NameConstant is deprecated and will be removed in Python 3.14; use ast.Constant instead
  if not hasattr(ast, 'NameConstant'): ast.NameConstant = ast.Constant
FFFF..F.F.F
======================================================================
FAIL: test_asyncio_docs_mention_verify_reactor (__main__.TestVerifyReactorMigration.test_asyncio_docs_mention_verify_reactor)
----------------------------------------------------------------------
Traceback (most recent call last):
  File ""/workspace/benchmarks/refactorbench/tests/scrapy_refactor/new-verify-reactor-class.py"", line 113, in test_asyncio_docs_mention_verify_reactor
    self.assertIn(
AssertionError: 'if not VerifyReactor.is_asyncio_reactor_installed():' not found in '.. _using-asyncio:\n\n=======\nasyncio\n=======\n\n.. versionadded:: 2.0\n\nScrapy has partial support for :mod:`asyncio`. After you :ref:`install the\nasyncio reactor <install-a"
2026-05-27T11:03:54.554237Z,refbench,benchmark_pipeline_20260526_134819,single-agent,scrapy_refactor,not-supported-exception-to-unsupported,timed_out,1,180.7,2026-05-27T11:03:54Z,,,,,,/workspace/benchmarks/refactorbench/outputs/logs/lazy_single-agent_copilot_openrouter_free/scrapy_refactor_not-supported-exception-to-unsupported_1779879653207.terminal.txt,/workspace/outputs/platform/home/.copilot/session-state/2db9a4f0-0b23-4bd4-a7a3-a17e9980a9f3/events.jsonl,/workspace/benchmarks/refactorbench/outputs/logs/lazy_single-agent_copilot_openrouter_free/scrapy_refactor_not-supported-exception-to-unsupported_1779879653207.response.txt,,10,No repository changes detected from Copilot response.
2026-05-27T11:05:29.837957Z,refbench,benchmark_pipeline_20260526_134819,single-agent,scrapy_refactor,parameterize-gunzip,timed_out,1,94.59,2026-05-27T11:05:29Z,,,,,,/workspace/benchmarks/refactorbench/outputs/logs/lazy_single-agent_copilot_openrouter_free/scrapy_refactor_parameterize-gunzip_1779879834611.terminal.txt,/workspace/outputs/platform/home/.copilot/session-state/6a1c94bc-a241-4c1b-b9dc-c763c82f832e/events.jsonl,/workspace/benchmarks/refactorbench/outputs/logs/lazy_single-agent_copilot_openrouter_free/scrapy_refactor_parameterize-gunzip_1779879834611.response.txt,1,9,No repository changes detected from Copilot response.
2026-05-27T11:11:02.746182Z,refbench,benchmark_pipeline_20260526_134819,single-agent,scrapy_refactor,rename-description-commands,failed,0,332.21,2026-05-27T11:11:02Z,,,,,,/workspace/benchmarks/refactorbench/outputs/logs/lazy_single-agent_copilot_openrouter_free/scrapy_refactor_rename-description-commands_1779879929890.terminal.txt,/workspace/outputs/platform/home/.copilot/session-state/27beec8d-d1d6-492d-abc6-63766c5bca05/events.jsonl,/workspace/benchmarks/refactorbench/outputs/logs/lazy_single-agent_copilot_openrouter_free/scrapy_refactor_rename-description-commands_1779879929890.response.txt,,7,"/workspace/benchmarks/refactorbench/outputs/workspaces/scrapy_refactor_rename-description-commands_1779879929890/repo/scrapy/_refbench_ast_compat.py:2: DeprecationWarning: ast.Str is deprecated and will be removed in Python 3.14; use ast.Constant instead
  if not hasattr(ast, 'Str'): ast.Str = ast.Constant
/workspace/benchmarks/refactorbench/outputs/workspaces/scrapy_refactor_rename-description-commands_1779879929890/repo/scrapy/_refbench_ast_compat.py:3: DeprecationWarning: ast.Bytes is deprecated and will be removed in Python 3.14; use ast.Constant instead
  if not hasattr(ast, 'Bytes'): ast.Bytes = ast.Constant
/workspace/benchmarks/refactorbench/outputs/workspaces/scrapy_refactor_rename-description-commands_1779879929890/repo/scrapy/_refbench_ast_compat.py:4: DeprecationWarning: ast.Num is deprecated and will be removed in Python 3.14; use ast.Constant instead
  if not hasattr(ast, 'Num'): ast.Num = ast.Constant
/workspace/benchmarks/refactorbench/outputs/workspaces/scrapy_refactor_rename-description-commands_1779879929890/repo/scrapy/_refbench_ast_compat.py:5: DeprecationWarning: ast.NameConstant is deprecated and will be removed in Python 3.14; use ast.Constant instead
  if not hasattr(ast, 'NameConstant'): ast.NameConstant = ast.Constant
FFFFFFFFFFFFFFFFFFFF.FFF
======================================================================
FAIL: test_all_command_files (__main__.TestScrapyMigration.test_all_command_files) (file='bench.py')
----------------------------------------------------------------------
Traceback (most recent call last):
  File ""/workspace/benchmarks/refactorbench/tests/scrapy_refactor/rename-description-commands.py"", line 119, in test_all_command_files
    self.check_command_has_short_description(file_path)
  File ""/workspace/benchmarks/refactorbench/tests/scrapy_refactor/rename-description-commands.py"", line 104, in check_command_has_short_description
    self.assertTrue(function_found, f""Function 'short_description' not found in Command class"
2026-05-27T11:16:46.734030Z,refbench,benchmark_pipeline_20260526_134819,single-agent,scrapy_refactor,rename-engine-status,failed,0,343.3,2026-05-27T11:16:46Z,,,,,,/workspace/benchmarks/refactorbench/outputs/logs/lazy_single-agent_copilot_openrouter_free/scrapy_refactor_rename-engine-status_1779880262802.terminal.txt,/workspace/outputs/platform/home/.copilot/session-state/c76869ff-04f5-4529-b74f-0d3dcefab0a4/events.jsonl,/workspace/benchmarks/refactorbench/outputs/logs/lazy_single-agent_copilot_openrouter_free/scrapy_refactor_rename-engine-status_1779880262802.response.txt,5,8,"/workspace/benchmarks/refactorbench/outputs/workspaces/scrapy_refactor_rename-engine-status_1779880262802/repo/scrapy/_refbench_ast_compat.py:2: DeprecationWarning: ast.Str is deprecated and will be removed in Python 3.14; use ast.Constant instead
  if not hasattr(ast, 'Str'): ast.Str = ast.Constant
/workspace/benchmarks/refactorbench/outputs/workspaces/scrapy_refactor_rename-engine-status_1779880262802/repo/scrapy/_refbench_ast_compat.py:3: DeprecationWarning: ast.Bytes is deprecated and will be removed in Python 3.14; use ast.Constant instead
  if not hasattr(ast, 'Bytes'): ast.Bytes = ast.Constant
/workspace/benchmarks/refactorbench/outputs/workspaces/scrapy_refactor_rename-engine-status_1779880262802/repo/scrapy/_refbench_ast_compat.py:4: DeprecationWarning: ast.Num is deprecated and will be removed in Python 3.14; use ast.Constant instead
  if not hasattr(ast, 'Num'): ast.Num = ast.Constant
/workspace/benchmarks/refactorbench/outputs/workspaces/scrapy_refactor_rename-engine-status_1779880262802/repo/scrapy/_refbench_ast_compat.py:5: DeprecationWarning: ast.NameConstant is deprecated and will be removed in Python 3.14; use ast.Constant instead
  if not hasattr(ast, 'NameConstant'): ast.NameConstant = ast.Constant
..F..F.F
======================================================================
FAIL: test_docs_references_get_engine_status (__main__.TestScrapyMigration.test_docs_references_get_engine_status)
----------------------------------------------------------------------
Traceback (most recent call last):
  File ""/workspace/benchmarks/refactorbench/tests/scrapy_refactor/rename-engine-status.py"", line 95, in test_docs_references_get_engine_status
    self.assertIn('(using ``scrapy.utils.engine._get_engine_status()``)', content,
AssertionError: '(using ``scrapy.utils.engine._get_engine_status()``)' not found in '.. _topics-extensions:\n\n==========\nExtensions\n==========\n\nThe extensions framework provides a mechanism for inserting your own\ncustom functional"
2026-05-27T11:31:30.028710Z,refbench,benchmark_pipeline_20260526_134819,single-agent,scrapy_refactor,rename-processtest-testproc,failed,0,882.61,2026-05-27T11:31:29Z,,,,,,/workspace/benchmarks/refactorbench/outputs/logs/lazy_single-agent_copilot_openrouter_free/scrapy_refactor_rename-processtest-testproc_1779880606791.terminal.txt,/workspace/outputs/platform/home/.copilot/session-state/d883c506-4d91-4ad7-b02f-2b5dcfa95c10/events.jsonl,/workspace/benchmarks/refactorbench/outputs/logs/lazy_single-agent_copilot_openrouter_free/scrapy_refactor_rename-processtest-testproc_1779880606791.response.txt,2,6,"/workspace/benchmarks/refactorbench/outputs/workspaces/scrapy_refactor_rename-processtest-testproc_1779880606791/repo/scrapy/_refbench_ast_compat.py:2: DeprecationWarning: ast.Str is deprecated and will be removed in Python 3.14; use ast.Constant instead
  if not hasattr(ast, 'Str'): ast.Str = ast.Constant
/workspace/benchmarks/refactorbench/outputs/workspaces/scrapy_refactor_rename-processtest-testproc_1779880606791/repo/scrapy/_refbench_ast_compat.py:3: DeprecationWarning: ast.Bytes is deprecated and will be removed in Python 3.14; use ast.Constant instead
  if not hasattr(ast, 'Bytes'): ast.Bytes = ast.Constant
/workspace/benchmarks/refactorbench/outputs/workspaces/scrapy_refactor_rename-processtest-testproc_1779880606791/repo/scrapy/_refbench_ast_compat.py:4: DeprecationWarning: ast.Num is deprecated and will be removed in Python 3.14; use ast.Constant instead
  if not hasattr(ast, 'Num'): ast.Num = ast.Constant
/workspace/benchmarks/refactorbench/outputs/workspaces/scrapy_refactor_rename-processtest-testproc_1779880606791/repo/scrapy/_refbench_ast_compat.py:5: DeprecationWarning: ast.NameConstant is deprecated and will be removed in Python 3.14; use ast.Constant instead
  if not hasattr(ast, 'NameConstant'): ast.NameConstant = ast.Constant
F..FFF
======================================================================
FAIL: test_testproc_class_exists (__main__.TestScrapyMigration.test_testproc_class_exists)
----------------------------------------------------------------------
Traceback (most recent call last):
  File ""/workspace/benchmarks/refactorbench/tests/scrapy_refactor/rename-processtest-testproc.py"", line 27, in test_testproc_class_exists
    self.assertTrue(testproc_class_found, ""Class 'TestProc' not found in testproc.py"")
AssertionError: False is not true : Class 'TestProc' not found in testproc.py

======================================================================
FAIL: test_testproc_import_in_shell (__main__.TestScrapyMigration.test_testproc_impor"
2026-05-27T11:34:27.375078Z,refbench,benchmark_pipeline_20260526_134819,single-agent,scrapy_refactor,sitemap-url-to-url,failed,0,176.66,2026-05-27T11:34:27Z,,,,,,/workspace/benchmarks/refactorbench/outputs/logs/lazy_single-agent_copilot_openrouter_free/scrapy_refactor_sitemap-url-to-url_1779881490085.terminal.txt,/workspace/outputs/platform/home/.copilot/session-state/b47986a7-6133-4aeb-abce-b087d98e22cc/events.jsonl,/workspace/benchmarks/refactorbench/outputs/logs/lazy_single-agent_copilot_openrouter_free/scrapy_refactor_sitemap-url-to-url_1779881490085.response.txt,,3,No repository changes detected from Copilot response.
2026-05-27T11:39:58.612890Z,refbench,benchmark_pipeline_20260526_134819,single-agent,tornado_refactor,global-objects,timed_out,1,90.59,2026-05-27T11:39:58Z,,,,,,/workspace/benchmarks/refactorbench/outputs/logs/lazy_single-agent_copilot_openrouter_free/tornado_refactor_global-objects_1779881667432.terminal.txt,/workspace/outputs/platform/home/.copilot/session-state/c9a02ff0-b209-4fa3-a2e7-70d42ed0b4d4/events.jsonl,/workspace/benchmarks/refactorbench/outputs/logs/lazy_single-agent_copilot_openrouter_free/tornado_refactor_global-objects_1779881667432.response.txt,,,Copilot transport failed before explicit DONE.
2026-05-27T11:44:27.926946Z,refbench,benchmark_pipeline_20260526_134819,single-agent,tornado_refactor,log-utils,timed_out,1,28.74,2026-05-27T11:44:27Z,,,,,,/workspace/benchmarks/refactorbench/outputs/logs/lazy_single-agent_copilot_openrouter_free/tornado_refactor_log-utils_1779881998666.terminal.txt,/workspace/outputs/platform/home/.copilot/session-state/c2d95efe-0611-4070-9494-6a2303b463b0/events.jsonl,/workspace/benchmarks/refactorbench/outputs/logs/lazy_single-agent_copilot_openrouter_free/tornado_refactor_log-utils_1779881998666.response.txt,,,Copilot transport failed before explicit DONE.
2026-05-27T11:49:12.648586Z,refbench,benchmark_pipeline_20260526_134819,single-agent,tornado_refactor,option-parser-with-pretty-print,timed_out,1,44.15,2026-05-27T11:49:12Z,,,,,,/workspace/benchmarks/refactorbench/outputs/logs/lazy_single-agent_copilot_openrouter_free/tornado_refactor_option-parser-with-pretty-print_1779882267981.terminal.txt,/workspace/outputs/platform/home/.copilot/session-state/ab18aa62-772e-4ee7-94cc-3e750d51ad93/events.jsonl,/workspace/benchmarks/refactorbench/outputs/logs/lazy_single-agent_copilot_openrouter_free/tornado_refactor_option-parser-with-pretty-print_1779882267981.response.txt,,,Copilot transport failed before explicit DONE.
2026-05-27T11:53:51.450923Z,refbench,benchmark_pipeline_20260526_134819,single-agent,tornado_refactor,options-utils,timed_out,1,38.22,2026-05-27T11:53:51Z,,,,,,/workspace/benchmarks/refactorbench/outputs/logs/lazy_single-agent_copilot_openrouter_free/tornado_refactor_options-utils_1779882552702.terminal.txt,/workspace/outputs/platform/home/.copilot/session-state/5642ffab-f777-499f-beee-c6305ebf54b9/events.jsonl,/workspace/benchmarks/refactorbench/outputs/logs/lazy_single-agent_copilot_openrouter_free/tornado_refactor_options-utils_1779882552702.response.txt,,,Copilot transport failed before explicit DONE.
2026-05-27T11:58:27.815613Z,refbench,benchmark_pipeline_20260526_134819,single-agent,tornado_refactor,remove-locale-data,timed_out,1,35.79,2026-05-27T11:58:27Z,,,,,,/workspace/benchmarks/refactorbench/outputs/logs/lazy_single-agent_copilot_openrouter_free/tornado_refactor_remove-locale-data_1779882831509.terminal.txt,/workspace/outputs/platform/home/.copilot/session-state/77d4dc9c-1920-4221-9447-96601451ff25/events.jsonl,/workspace/benchmarks/refactorbench/outputs/logs/lazy_single-agent_copilot_openrouter_free/tornado_refactor_remove-locale-data_1779882831509.response.txt,,,Copilot transport failed before explicit DONE.
2026-05-27T12:04:00.974516Z,refbench,benchmark_pipeline_20260526_134819,single-agent,tornado_refactor,rename-http1connection,timed_out,1,92.59,2026-05-27T12:04:00Z,,,,,,/workspace/benchmarks/refactorbench/outputs/logs/lazy_single-agent_copilot_openrouter_free/tornado_refactor_rename-http1connection_1779883107869.terminal.txt,/workspace/outputs/platform/home/.copilot/session-state/41b10721-4403-4d39-8132-0de7aec41834/events.jsonl,/workspace/benchmarks/refactorbench/outputs/logs/lazy_single-agent_copilot_openrouter_free/tornado_refactor_rename-http1connection_1779883107869.response.txt,,,Copilot transport failed before explicit DONE.
2026-05-27T12:08:30.095587Z,refbench,benchmark_pipeline_20260526_134819,single-agent,tornado_refactor,rename-to-camel-case,timed_out,1,28.56,2026-05-27T12:08:30Z,,,,,,/workspace/benchmarks/refactorbench/outputs/logs/lazy_single-agent_copilot_openrouter_free/tornado_refactor_rename-to-camel-case_1779883441010.terminal.txt,/workspace/outputs/platform/home/.copilot/session-state/5290501d-8e3d-4c50-84f1-9c00783a3c48/events.jsonl,/workspace/benchmarks/refactorbench/outputs/logs/lazy_single-agent_copilot_openrouter_free/tornado_refactor_rename-to-camel-case_1779883441010.response.txt,,,Copilot transport failed before explicit DONE.
2026-05-27T12:13:10.409805Z,refbench,benchmark_pipeline_20260526_134819,single-agent,tornado_refactor,resolvers-as-separate,timed_out,1,39.76,2026-05-27T12:13:10Z,,,,,,/workspace/benchmarks/refactorbench/outputs/logs/lazy_single-agent_copilot_openrouter_free/tornado_refactor_resolvers-as-separate_1779883710132.terminal.txt,/workspace/outputs/platform/home/.copilot/session-state/000ebf7e-9953-4c34-abd5-ede3274d5131/events.jsonl,/workspace/benchmarks/refactorbench/outputs/logs/lazy_single-agent_copilot_openrouter_free/tornado_refactor_resolvers-as-separate_1779883710132.response.txt,,,Copilot transport failed before explicit DONE.
2026-05-27T12:17:34.503136Z,refbench,benchmark_pipeline_20260526_134819,single-agent,tornado_refactor,tcpclient-connect-params,timed_out,1,23.54,2026-05-27T12:17:34Z,,,,,,/workspace/benchmarks/refactorbench/outputs/logs/lazy_single-agent_copilot_openrouter_free/tornado_refactor_tcpclient-connect-params_1779883990444.terminal.txt,/workspace/outputs/platform/home/.copilot/session-state/f899e92a-c6ae-4789-9030-f8f51912f965/events.jsonl,/workspace/benchmarks/refactorbench/outputs/logs/lazy_single-agent_copilot_openrouter_free/tornado_refactor_tcpclient-connect-params_1779883990444.response.txt,,,Copilot transport failed before explicit DONE.
2026-05-27T12:23:57.306975Z,refbench,benchmark_pipeline_20260526_134819,single-agent,ansible_refactor,add-log-parameter-get-group-vars,timed_out,1,55.27,2026-05-27T12:23:57Z,,,,,,/workspace/benchmarks/refactorbench/outputs/logs/descriptive_single-agent_copilot_openrouter_free/ansible_refactor_add-log-parameter-get-group-vars_1779884339138.terminal.txt,/workspace/outputs/platform/home/.copilot/session-state/784fa9ec-2c24-4b59-aaad-1c814c996360/events.jsonl,/workspace/benchmarks/refactorbench/outputs/logs/descriptive_single-agent_copilot_openrouter_free/ansible_refactor_add-log-parameter-get-group-vars_1779884339138.response.txt,3,5,Copilot transport failed before explicit DONE.
2026-05-27T12:29:27.547178Z,refbench,benchmark_pipeline_20260526_134819,single-agent,ansible_refactor,add-log-parameter-is-systemd-managed,timed_out,1,87.25,2026-05-27T12:29:27Z,,,,,,/workspace/benchmarks/refactorbench/outputs/logs/descriptive_single-agent_copilot_openrouter_free/ansible_refactor_add-log-parameter-is-systemd-managed_1779884637347.terminal.txt,/workspace/outputs/platform/home/.copilot/session-state/b01f705f-cae2-4ce3-b4ea-c4c9c9e0a227/events.jsonl,/workspace/benchmarks/refactorbench/outputs/logs/descriptive_single-agent_copilot_openrouter_free/ansible_refactor_add-log-parameter-is-systemd-managed_1779884637347.response.txt,2,5,Copilot transport failed before explicit DONE.
2026-05-27T12:33:59.866102Z,refbench,benchmark_pipeline_20260526_134819,single-agent,ansible_refactor,combine-namespace-compat,timed_out,1,29.39,2026-05-27T12:33:59Z,,,,,,/workspace/benchmarks/refactorbench/outputs/logs/descriptive_single-agent_copilot_openrouter_free/ansible_refactor_combine-namespace-compat_1779884967582.terminal.txt,/workspace/outputs/platform/home/.copilot/session-state/29fcd48b-ae87-4cb8-9e97-eb61ed276700/events.jsonl,/workspace/benchmarks/refactorbench/outputs/logs/descriptive_single-agent_copilot_openrouter_free/ansible_refactor_combine-namespace-compat_1779884967582.response.txt,,7,Copilot transport failed before explicit DONE.
2026-05-27T12:38:41.067795Z,refbench,benchmark_pipeline_20260526_134819,single-agent,ansible_refactor,data-to-inventory-data,timed_out,1,38.4,2026-05-27T12:38:41Z,,,,,,/workspace/benchmarks/refactorbench/outputs/logs/descriptive_single-agent_copilot_openrouter_free/ansible_refactor_data-to-inventory-data_1779885239901.terminal.txt,/workspace/outputs/platform/home/.copilot/session-state/afef8cbe-f956-420d-9dad-931a1d912881/events.jsonl,/workspace/benchmarks/refactorbench/outputs/logs/descriptive_single-agent_copilot_openrouter_free/ansible_refactor_data-to-inventory-data_1779885239901.response.txt,,5,Copilot transport failed before explicit DONE.
2026-05-27T12:43:59.133630Z,refbench,benchmark_pipeline_20260526_134819,single-agent,ansible_refactor,move-quoting-splitter,timed_out,1,75.25,2026-05-27T12:43:59Z,,,,,,/workspace/benchmarks/refactorbench/outputs/logs/descriptive_single-agent_copilot_openrouter_free/ansible_refactor_move-quoting-splitter_1779885521103.terminal.txt,/workspace/outputs/platform/home/.copilot/session-state/93c1337b-a970-40c3-b896-0de17ebcffe9/events.jsonl,/workspace/benchmarks/refactorbench/outputs/logs/descriptive_single-agent_copilot_openrouter_free/ansible_refactor_move-quoting-splitter_1779885521103.response.txt,,6,Copilot transport failed before explicit DONE.
2026-05-27T12:48:57.796947Z,refbench,benchmark_pipeline_20260526_134819,single-agent,ansible_refactor,new-inventory-patterns,timed_out,1,55.88,2026-05-27T12:48:57Z,,,,,,/workspace/benchmarks/refactorbench/outputs/logs/descriptive_single-agent_copilot_openrouter_free/ansible_refactor_new-inventory-patterns_1779885839168.terminal.txt,/workspace/outputs/platform/home/.copilot/session-state/91888d9b-ad07-4e88-bf48-502797fd4579/events.jsonl,/workspace/benchmarks/refactorbench/outputs/logs/descriptive_single-agent_copilot_openrouter_free/ansible_refactor_new-inventory-patterns_1779885839168.response.txt,1,9,Copilot transport failed before explicit DONE.
2026-05-27T12:53:23.753259Z,refbench,benchmark_pipeline_20260526_134819,single-agent,ansible_refactor,new-utils-class-connection,timed_out,1,22.59,2026-05-27T12:53:23Z,,,,,,/workspace/benchmarks/refactorbench/outputs/logs/descriptive_single-agent_copilot_openrouter_free/ansible_refactor_new-utils-class-connection_1779886138315.terminal.txt,/workspace/outputs/platform/home/.copilot/session-state/9e395c53-7324-47f0-9290-81802e233781/events.jsonl,/workspace/benchmarks/refactorbench/outputs/logs/descriptive_single-agent_copilot_openrouter_free/ansible_refactor_new-utils-class-connection_1779886138315.response.txt,,7,Copilot transport failed before explicit DONE.
2026-05-27T12:58:30.099004Z,refbench,benchmark_pipeline_20260526_134819,single-agent,ansible_refactor,new-utils-from-basic,timed_out,1,62.99,2026-05-27T12:58:30Z,,,,,,/workspace/benchmarks/refactorbench/outputs/logs/descriptive_single-agent_copilot_openrouter_free/ansible_refactor_new-utils-from-basic_1779886404289.terminal.txt,/workspace/outputs/platform/home/.copilot/session-state/51a71d4d-e0e7-4f19-83d0-c1c6693b8da5/events.jsonl,/workspace/benchmarks/refactorbench/outputs/logs/descriptive_single-agent_copilot_openrouter_free/ansible_refactor_new-utils-from-basic_1779886404289.response.txt,,12,Copilot transport failed before explicit DONE.
2026-05-27T13:03:27.050342Z,refbench,benchmark_pipeline_20260526_134819,single-agent,ansible_refactor,parse_key_value,timed_out,1,53.5,2026-05-27T13:03:27Z,,,,,,/workspace/benchmarks/refactorbench/outputs/logs/descriptive_single-agent_copilot_openrouter_free/ansible_refactor_parse_key_value_1779886710626.terminal.txt,/workspace/outputs/platform/home/.copilot/session-state/b4fa7fd3-95a1-4b8f-94e5-70619efe51e4/events.jsonl,/workspace/benchmarks/refactorbench/outputs/logs/descriptive_single-agent_copilot_openrouter_free/ansible_refactor_parse_key_value_1779886710626.response.txt,2,21,Copilot transport failed before explicit DONE.
2026-05-27T13:05:02.489965Z,refbench,benchmark_pipeline_20260526_134819,single-agent,ansible_refactor,rename-lenient-lowercase,timed_out,1,91.96,2026-05-27T13:05:02Z,,,,,,/workspace/benchmarks/refactorbench/outputs/logs/descriptive_single-agent_copilot_openrouter_free/ansible_refactor_rename-lenient-lowercase_1779887007577.terminal.txt,/workspace/outputs/platform/home/.copilot/session-state/8f9e6d50-665f-4789-8059-d3d06496b34a/events.jsonl,/workspace/benchmarks/refactorbench/outputs/logs/descriptive_single-agent_copilot_openrouter_free/ansible_refactor_rename-lenient-lowercase_1779887007577.response.txt,,4,No repository changes detected from Copilot response.
2026-05-27T13:09:42.556157Z,refbench,benchmark_pipeline_20260526_134819,single-agent,ansible_refactor,sort-groups-to-group-sort,timed_out,1,36.63,2026-05-27T13:09:42Z,,,,,,/workspace/benchmarks/refactorbench/outputs/logs/descriptive_single-agent_copilot_openrouter_free/ansible_refactor_sort-groups-to-group-sort_1779887103035.terminal.txt,/workspace/outputs/platform/home/.copilot/session-state/b4648459-621f-4037-8f62-70015e8bf956/events.jsonl,/workspace/benchmarks/refactorbench/outputs/logs/descriptive_single-agent_copilot_openrouter_free/ansible_refactor_sort-groups-to-group-sort_1779887103035.response.txt,,4,Copilot transport failed before explicit DONE.
2026-05-27T13:14:05.522875Z,refbench,benchmark_pipeline_20260526_134819,single-agent,celery_refactor,add-log-parameter-get-digest-algorithm,timed_out,1,21.7,2026-05-27T13:14:05Z,,,,,,/workspace/benchmarks/refactorbench/outputs/logs/descriptive_single-agent_copilot_openrouter_free/celery_refactor_add-log-parameter-get-digest-algorithm_1779887383099.terminal.txt,/workspace/outputs/platform/home/.copilot/session-state/37d0fbcc-8f90-4a5a-acb8-a13750e24aae/events.jsonl,/workspace/benchmarks/refactorbench/outputs/logs/descriptive_single-agent_copilot_openrouter_free/celery_refactor_add-log-parameter-get-digest-algorithm_1779887383099.response.txt,2,5,Copilot transport failed before explicit DONE.
2026-05-27T13:18:38.643783Z,refbench,benchmark_pipeline_20260526_134819,single-agent,celery_refactor,add-log-parameter-node-format,timed_out,1,31.82,2026-05-27T13:18:38Z,,,,,,/workspace/benchmarks/refactorbench/outputs/logs/descriptive_single-agent_copilot_openrouter_free/celery_refactor_add-log-parameter-node-format_1779887646059.terminal.txt,/workspace/outputs/platform/home/.copilot/session-state/6b8c34c1-4390-437c-805e-f0811b3ac72d/events.jsonl,/workspace/benchmarks/refactorbench/outputs/logs/descriptive_single-agent_copilot_openrouter_free/celery_refactor_add-log-parameter-node-format_1779887646059.response.txt,,3,Copilot transport failed before explicit DONE.
2026-05-27T13:23:35.461655Z,refbench,benchmark_pipeline_20260526_134819,single-agent,celery_refactor,annotation-utils,timed_out,1,55.55,2026-05-27T13:23:35Z,,,,,,/workspace/benchmarks/refactorbench/outputs/logs/descriptive_single-agent_copilot_openrouter_free/celery_refactor_annotation-utils_1779887919170.terminal.txt,/workspace/outputs/platform/home/.copilot/session-state/9400adc5-5d6a-4e7e-b7e7-06ba380eac2c/events.jsonl,/workspace/benchmarks/refactorbench/outputs/logs/descriptive_single-agent_copilot_openrouter_free/celery_refactor_annotation-utils_1779887919170.response.txt,4,8,Copilot transport failed before explicit DONE.
2026-05-27T13:28:02.466674Z,refbench,benchmark_pipeline_20260526_134819,single-agent,celery_refactor,autoretry-to-retry,timed_out,1,25.62,2026-05-27T13:28:02Z,,,,,,/workspace/benchmarks/refactorbench/outputs/logs/descriptive_single-agent_copilot_openrouter_free/celery_refactor_autoretry-to-retry_1779888215997.terminal.txt,/workspace/outputs/platform/home/.copilot/session-state/156c8057-4e18-4d95-8a8d-bda0c68058ec/events.jsonl,/workspace/benchmarks/refactorbench/outputs/logs/descriptive_single-agent_copilot_openrouter_free/celery_refactor_autoretry-to-retry_1779888215997.response.txt,,7,Copilot transport failed before explicit DONE.
2026-05-27T13:32:27.411551Z,refbench,benchmark_pipeline_20260526_134819,single-agent,celery_refactor,combine-unpickle-task,timed_out,1,23.69,2026-05-27T13:32:27Z,,,,,,/workspace/benchmarks/refactorbench/outputs/logs/descriptive_single-agent_copilot_openrouter_free/celery_refactor_combine-unpickle-task_1779888482999.terminal.txt,/workspace/outputs/platform/home/.copilot/session-state/de2e481a-cf14-411a-bebd-c846cf646158/events.jsonl,/workspace/benchmarks/refactorbench/outputs/logs/descriptive_single-agent_copilot_openrouter_free/celery_refactor_combine-unpickle-task_1779888482999.response.txt,3,6,Copilot transport failed before explicit DONE.
2026-05-27T13:37:19.624267Z,refbench,benchmark_pipeline_20260526_134819,single-agent,celery_refactor,dump-message-to-serialization,timed_out,1,50.94,2026-05-27T13:37:19Z,,,,,,/workspace/benchmarks/refactorbench/outputs/logs/descriptive_single-agent_copilot_openrouter_free/celery_refactor_dump-message-to-serialization_1779888747950.terminal.txt,/workspace/outputs/platform/home/.copilot/session-state/21217163-8069-456c-b4c7-1c3ae7704f74/events.jsonl,/workspace/benchmarks/refactorbench/outputs/logs/descriptive_single-agent_copilot_openrouter_free/celery_refactor_dump-message-to-serialization_1779888747950.response.txt,,3,Copilot transport failed before explicit DONE.
2026-05-27T13:42:25.747962Z,refbench,benchmark_pipeline_20260526_134819,single-agent,celery_refactor,ensure_serialize,timed_out,1,65.3,2026-05-27T13:42:25Z,,,,,,/workspace/benchmarks/refactorbench/outputs/logs/descriptive_single-agent_copilot_openrouter_free/celery_refactor_ensure_serialize_1779889039698.terminal.txt,/workspace/outputs/platform/home/.copilot/session-state/e335e580-62e1-4bbe-892b-c37997094781/events.jsonl,/workspace/benchmarks/refactorbench/outputs/logs/descriptive_single-agent_copilot_openrouter_free/celery_refactor_ensure_serialize_1779889039698.response.txt,1,9,Copilot transport failed before explicit DONE.
2026-05-27T13:47:29.620741Z,refbench,benchmark_pipeline_20260526_134819,single-agent,celery_refactor,evaluate-promises-to-serialization,timed_out,1,63.05,2026-05-27T13:47:29Z,,,,,,/workspace/benchmarks/refactorbench/outputs/logs/descriptive_single-agent_copilot_openrouter_free/celery_refactor_evaluate-promises-to-serialization_1779889345829.terminal.txt,/workspace/outputs/platform/home/.copilot/session-state/0be9125d-7d87-4916-9ac8-563f2f6d0618/events.jsonl,/workspace/benchmarks/refactorbench/outputs/logs/descriptive_single-agent_copilot_openrouter_free/celery_refactor_evaluate-promises-to-serialization_1779889345829.response.txt,1,4,Copilot transport failed before explicit DONE.
2026-05-27T13:52:23.759341Z,refbench,benchmark_pipeline_20260526_134819,single-agent,celery_refactor,expand-router-string-to-utils,timed_out,1,53.34,2026-05-27T13:52:23Z,,,,,,/workspace/benchmarks/refactorbench/outputs/logs/descriptive_single-agent_copilot_openrouter_free/celery_refactor_expand-router-string-to-utils_1779889649695.terminal.txt,/workspace/outputs/platform/home/.copilot/session-state/ebfc5422-8dee-47b6-a4c2-80701ea038e4/events.jsonl,/workspace/benchmarks/refactorbench/outputs/logs/descriptive_single-agent_copilot_openrouter_free/celery_refactor_expand-router-string-to-utils_1779889649695.response.txt,1,4,Copilot transport failed before explicit DONE.
2026-05-27T13:56:48.446828Z,refbench,benchmark_pipeline_20260526_134819,single-agent,celery_refactor,object-mro-lookup,timed_out,1,23.8,2026-05-27T13:56:48Z,,,,,,/workspace/benchmarks/refactorbench/outputs/logs/descriptive_single-agent_copilot_openrouter_free/celery_refactor_object-mro-lookup_1779889943834.terminal.txt,/workspace/outputs/platform/home/.copilot/session-state/cd13b661-e783-493a-9204-0f6113757f35/events.jsonl,/workspace/benchmarks/refactorbench/outputs/logs/descriptive_single-agent_copilot_openrouter_free/celery_refactor_object-mro-lookup_1779889943834.response.txt,2,3,Copilot transport failed before explicit DONE.
2026-05-27T14:01:37.354308Z,refbench,benchmark_pipeline_20260526_134819,single-agent,celery_refactor,rename-host-format,timed_out,1,48.09,2026-05-27T14:01:37Z,,,,,,/workspace/benchmarks/refactorbench/outputs/logs/descriptive_single-agent_copilot_openrouter_free/celery_refactor_rename-host-format_1779890208516.terminal.txt,/workspace/outputs/platform/home/.copilot/session-state/b0c528ea-eb66-4fc3-b7df-fe12251447ce/events.jsonl,/workspace/benchmarks/refactorbench/outputs/logs/descriptive_single-agent_copilot_openrouter_free/celery_refactor_rename-host-format_1779890208516.response.txt,1,7,Copilot transport failed before explicit DONE.
2026-05-27T14:06:03.889351Z,refbench,benchmark_pipeline_20260526_134819,single-agent,celery_refactor,truncate-text,timed_out,1,25.7,2026-05-27T14:06:03Z,,,,,,/workspace/benchmarks/refactorbench/outputs/logs/descriptive_single-agent_copilot_openrouter_free/celery_refactor_truncate-text_1779890497428.terminal.txt,/workspace/outputs/platform/home/.copilot/session-state/7cf5bd69-8b6a-40c6-a924-3bf92df0d4ce/events.jsonl,/workspace/benchmarks/refactorbench/outputs/logs/descriptive_single-agent_copilot_openrouter_free/celery_refactor_truncate-text_1779890497428.response.txt,,9,Copilot transport failed before explicit DONE.
2026-05-27T14:10:40.600585Z,refbench,benchmark_pipeline_20260526_134819,single-agent,django_refactor,add-log-parameter-constant-time-compare,timed_out,1,32.42,2026-05-27T14:10:40Z,,,,,,/workspace/benchmarks/refactorbench/outputs/logs/descriptive_single-agent_copilot_openrouter_free/django_refactor_add-log-parameter-constant-time-compare_1779890763966.terminal.txt,/workspace/outputs/platform/home/.copilot/session-state/1d270c12-148c-4a8c-a87f-e4360cdd324b/events.jsonl,/workspace/benchmarks/refactorbench/outputs/logs/descriptive_single-agent_copilot_openrouter_free/django_refactor_add-log-parameter-constant-time-compare_1779890763966.response.txt,,3,Copilot transport failed before explicit DONE.
2026-05-27T14:15:10.244783Z,refbench,benchmark_pipeline_20260526_134819,single-agent,django_refactor,add-log-parameter-get-resolver,timed_out,1,25.39,2026-05-27T14:15:10Z,,,,,,/workspace/benchmarks/refactorbench/outputs/logs/descriptive_single-agent_copilot_openrouter_free/django_refactor_add-log-parameter-get-resolver_1779891040674.terminal.txt,/workspace/outputs/platform/home/.copilot/session-state/79189eaa-2b8e-46f5-bb9d-bb12d45d5332/events.jsonl,/workspace/benchmarks/refactorbench/outputs/logs/descriptive_single-agent_copilot_openrouter_free/django_refactor_add-log-parameter-get-resolver_1779891040674.response.txt,,3,Copilot transport failed before explicit DONE.
2026-05-27T14:20:43.695990Z,refbench,benchmark_pipeline_20260526_134819,single-agent,django_refactor,add-log-parameter-resolve-error-handler,timed_out,1,89.22,2026-05-27T14:20:43Z,,,,,,/workspace/benchmarks/refactorbench/outputs/logs/descriptive_single-agent_copilot_openrouter_free/django_refactor_add-log-parameter-resolve-error-handler_1779891310318.terminal.txt,/workspace/outputs/platform/home/.copilot/session-state/bd243cc1-df2b-4c9e-b8b0-776ee837e321/events.jsonl,/workspace/benchmarks/refactorbench/outputs/logs/descriptive_single-agent_copilot_openrouter_free/django_refactor_add-log-parameter-resolve-error-handler_1779891310318.response.txt,,2,Copilot transport failed before explicit DONE.
2026-05-27T14:25:56.194428Z,refbench,benchmark_pipeline_20260526_134819,single-agent,django_refactor,add-none-handling-duration-string,timed_out,1,68.21,2026-05-27T14:25:56Z,,,,,,/workspace/benchmarks/refactorbench/outputs/logs/descriptive_single-agent_copilot_openrouter_free/django_refactor_add-none-handling-duration-string_1779891643770.terminal.txt,/workspace/outputs/platform/home/.copilot/session-state/dd0f9ffb-9bb6-42ea-9acf-6d3db7bd2c8c/events.jsonl,/workspace/benchmarks/refactorbench/outputs/logs/descriptive_single-agent_copilot_openrouter_free/django_refactor_add-none-handling-duration-string_1779891643770.response.txt,,3,Copilot transport failed before explicit DONE.
2026-05-27T14:30:30.256793Z,refbench,benchmark_pipeline_20260526_134819,single-agent,django_refactor,combine-utils-dates-dateformat,timed_out,1,29.8,2026-05-27T14:30:30Z,,,,,,/workspace/benchmarks/refactorbench/outputs/logs/descriptive_single-agent_copilot_openrouter_free/django_refactor_combine-utils-dates-dateformat_1779891956271.terminal.txt,/workspace/outputs/platform/home/.copilot/session-state/4e5cf23d-c286-44d1-b4ae-074e6fe69cbe/events.jsonl,/workspace/benchmarks/refactorbench/outputs/logs/descriptive_single-agent_copilot_openrouter_free/django_refactor_combine-utils-dates-dateformat_1779891956271.response.txt,,4,Copilot transport failed before explicit DONE.
2026-05-27T14:35:04.006395Z,refbench,benchmark_pipeline_20260526_134819,single-agent,django_refactor,combine-utils-hashable-itercompat,timed_out,1,29.39,2026-05-27T14:35:03Z,,,,,,/workspace/benchmarks/refactorbench/outputs/logs/descriptive_single-agent_copilot_openrouter_free/django_refactor_combine-utils-hashable-itercompat_1779892230330.terminal.txt,/workspace/outputs/platform/home/.copilot/session-state/6a285d8b-93c0-4f52-8bca-0527cec5b210/events.jsonl,/workspace/benchmarks/refactorbench/outputs/logs/descriptive_single-agent_copilot_openrouter_free/django_refactor_combine-utils-hashable-itercompat_1779892230330.response.txt,,4,Copilot transport failed before explicit DONE.
2026-05-27T14:41:30.240739Z,refbench,benchmark_pipeline_20260526_134819,single-agent,django_refactor,new-converter-to-python-class,failed,0,141.68,2026-05-27T14:41:30Z,,,,,,/workspace/benchmarks/refactorbench/outputs/logs/descriptive_single-agent_copilot_openrouter_free/django_refactor_new-converter-to-python-class_1779892504385.terminal.txt,/workspace/outputs/platform/home/.copilot/session-state/1b17c17c-baae-4774-a128-97b5abf73985/events.jsonl,/workspace/benchmarks/refactorbench/outputs/logs/descriptive_single-agent_copilot_openrouter_free/django_refactor_new-converter-to-python-class_1779892504385.response.txt,2,3,"/workspace/benchmarks/refactorbench/outputs/workspaces/django_refactor_new-converter-to-python-class_1779892504385/repo/django/_refbench_ast_compat.py:2: DeprecationWarning: ast.Str is deprecated and will be removed in Python 3.14; use ast.Constant instead
  if not hasattr(ast, 'Str'): ast.Str = ast.Constant
/workspace/benchmarks/refactorbench/outputs/workspaces/django_refactor_new-converter-to-python-class_1779892504385/repo/django/_refbench_ast_compat.py:3: DeprecationWarning: ast.Bytes is deprecated and will be removed in Python 3.14; use ast.Constant instead
  if not hasattr(ast, 'Bytes'): ast.Bytes = ast.Constant
/workspace/benchmarks/refactorbench/outputs/workspaces/django_refactor_new-converter-to-python-class_1779892504385/repo/django/_refbench_ast_compat.py:4: DeprecationWarning: ast.Num is deprecated and will be removed in Python 3.14; use ast.Constant instead
  if not hasattr(ast, 'Num'): ast.Num = ast.Constant
/workspace/benchmarks/refactorbench/outputs/workspaces/django_refactor_new-converter-to-python-class_1779892504385/repo/django/_refbench_ast_compat.py:5: DeprecationWarning: ast.NameConstant is deprecated and will be removed in Python 3.14; use ast.Constant instead
  if not hasattr(ast, 'NameConstant'): ast.NameConstant = ast.Constant
..F
======================================================================
FAIL: test_converter_to_python_imports (__main__.TestBackendsUtils.test_converter_to_python_imports)
----------------------------------------------------------------------
Traceback (most recent call last):
  File ""/workspace/benchmarks/refactorbench/tests/django_refactor/converter-to-python.py"", line 71, in test_converter_to_python_imports
    self.assertTrue(import_found, f""Import 'ConverterToPython' not found in {file_path}"")
AssertionError: False is not true : Import 'ConverterToPython' not found in ../django/db/backends/mysql/base.py

----------------------------------------------------------------------
Ran 3 tests in 0.014s

FAILED (fail"
2026-05-27T14:46:32.834499Z,refbench,benchmark_pipeline_20260526_134819,single-agent,django_refactor,new-path-traversal-exception,timed_out,1,58.02,2026-05-27T14:46:32Z,,,,,,/workspace/benchmarks/refactorbench/outputs/logs/descriptive_single-agent_copilot_openrouter_free/django_refactor_new-path-traversal-exception_1779892890600.terminal.txt,/workspace/outputs/platform/home/.copilot/session-state/d29f386c-fa57-40d2-8db1-f0a131665c6e/events.jsonl,/workspace/benchmarks/refactorbench/outputs/logs/descriptive_single-agent_copilot_openrouter_free/django_refactor_new-path-traversal-exception_1779892890600.response.txt,2,9,Copilot transport failed before explicit DONE.
2026-05-27T14:52:04.730465Z,refbench,benchmark_pipeline_20260526_134819,single-agent,django_refactor,new-reference-context-field-class,timed_out,1,87.36,2026-05-27T14:52:04Z,,,,,,/workspace/benchmarks/refactorbench/outputs/logs/descriptive_single-agent_copilot_openrouter_free/django_refactor_new-reference-context-field-class_1779893193199.terminal.txt,/workspace/outputs/platform/home/.copilot/session-state/30110b01-37c1-447a-8cb9-6bbd974734e5/events.jsonl,/workspace/benchmarks/refactorbench/outputs/logs/descriptive_single-agent_copilot_openrouter_free/django_refactor_new-reference-context-field-class_1779893193199.response.txt,,4,Copilot transport failed before explicit DONE.
2026-05-27T14:53:40.282189Z,refbench,benchmark_pipeline_20260526_134819,single-agent,django_refactor,new-reference-context-graph-class,timed_out,1,90.8,2026-05-27T14:53:40Z,,,,,,/workspace/benchmarks/refactorbench/outputs/logs/descriptive_single-agent_copilot_openrouter_free/django_refactor_new-reference-context-graph-class_1779893525092.terminal.txt,/workspace/outputs/platform/home/.copilot/session-state/5121f3c9-3539-433e-bea7-8b294b7f1e39/events.jsonl,/workspace/benchmarks/refactorbench/outputs/logs/descriptive_single-agent_copilot_openrouter_free/django_refactor_new-reference-context-graph-class_1779893525092.response.txt,5,9,No repository changes detected from Copilot response.
2026-05-27T14:58:36.628734Z,refbench,benchmark_pipeline_20260526_134819,single-agent,django_refactor,new-timezone-class,timed_out,1,51.68,2026-05-27T14:58:36Z,,,,,,/workspace/benchmarks/refactorbench/outputs/logs/descriptive_single-agent_copilot_openrouter_free/django_refactor_new-timezone-class_1779893620649.terminal.txt,/workspace/outputs/platform/home/.copilot/session-state/45b16a7d-a050-4a86-897c-1ff72febdf98/events.jsonl,/workspace/benchmarks/refactorbench/outputs/logs/descriptive_single-agent_copilot_openrouter_free/django_refactor_new-timezone-class_1779893620649.response.txt,,4,Copilot transport failed before explicit DONE.
2026-05-27T15:03:42.119612Z,refbench,benchmark_pipeline_20260526_134819,single-agent,django_refactor,new-utils-adapt-method-mode,timed_out,1,60.88,2026-05-27T15:03:42Z,,,,,,/workspace/benchmarks/refactorbench/outputs/logs/descriptive_single-agent_copilot_openrouter_free/django_refactor_new-utils-adapt-method-mode_1779893917000.terminal.txt,/workspace/outputs/platform/home/.copilot/session-state/01d5982a-dfa4-42a7-a13b-3670cba3bf81/events.jsonl,/workspace/benchmarks/refactorbench/outputs/logs/descriptive_single-agent_copilot_openrouter_free/django_refactor_new-utils-adapt-method-mode_1779893917000.response.txt,,3,Copilot transport failed before explicit DONE.
2026-05-27T15:08:59.964451Z,refbench,benchmark_pipeline_20260526_134819,single-agent,django_refactor,new-utils-check-response,timed_out,1,73.23,2026-05-27T15:08:59Z,,,,,,/workspace/benchmarks/refactorbench/outputs/logs/descriptive_single-agent_copilot_openrouter_free/django_refactor_new-utils-check-response_1779894222496.terminal.txt,/workspace/outputs/platform/home/.copilot/session-state/f0232fda-6f91-41a2-8397-ba51ac9c7d2e/events.jsonl,/workspace/benchmarks/refactorbench/outputs/logs/descriptive_single-agent_copilot_openrouter_free/django_refactor_new-utils-check-response_1779894222496.response.txt,,2,Copilot transport failed before explicit DONE.
2026-05-27T15:13:28.166957Z,refbench,benchmark_pipeline_20260526_134819,single-agent,django_refactor,new-utils-path-from-module,timed_out,1,23.68,2026-05-27T15:13:28Z,,,,,,/workspace/benchmarks/refactorbench/outputs/logs/descriptive_single-agent_copilot_openrouter_free/django_refactor_new-utils-path-from-module_1779894540332.terminal.txt,/workspace/outputs/platform/home/.copilot/session-state/7d7dfea5-66e1-468b-8cd3-17447e2ff9fa/events.jsonl,/workspace/benchmarks/refactorbench/outputs/logs/descriptive_single-agent_copilot_openrouter_free/django_refactor_new-utils-path-from-module_1779894540332.response.txt,,2,Copilot transport failed before explicit DONE.
2026-05-27T15:19:42.082713Z,refbench,benchmark_pipeline_20260526_134819,single-agent,django_refactor,remove-core-cache-utils,timed_out,1,129.35,2026-05-27T15:19:42Z,,,,,,/workspace/benchmarks/refactorbench/outputs/logs/descriptive_single-agent_copilot_openrouter_free/django_refactor_remove-core-cache-utils_1779894808532.terminal.txt,/workspace/outputs/platform/home/.copilot/session-state/f1be8332-5cc7-440b-9c4c-b0cea1886964/events.jsonl,/workspace/benchmarks/refactorbench/outputs/logs/descriptive_single-agent_copilot_openrouter_free/django_refactor_remove-core-cache-utils_1779894808532.response.txt,,5,Copilot transport failed before explicit DONE.
2026-05-27T15:24:35.805899Z,refbench,benchmark_pipeline_20260526_134819,single-agent,django_refactor,remove-db-models-constants,timed_out,1,48.9,2026-05-27T15:24:35Z,,,,,,/workspace/benchmarks/refactorbench/outputs/logs/descriptive_single-agent_copilot_openrouter_free/django_refactor_remove-db-models-constants_1779895182463.terminal.txt,/workspace/outputs/platform/home/.copilot/session-state/ae84ef21-d5b0-4e1d-bedf-71a18a289fc9/events.jsonl,/workspace/benchmarks/refactorbench/outputs/logs/descriptive_single-agent_copilot_openrouter_free/django_refactor_remove-db-models-constants_1779895182463.response.txt,,19,Copilot transport failed before explicit DONE.
2026-05-27T15:29:36.419330Z,refbench,benchmark_pipeline_20260526_134819,single-agent,django_refactor,rename-file-move-safe,timed_out,1,56.07,2026-05-27T15:29:36Z,,,,,,/workspace/benchmarks/refactorbench/outputs/logs/descriptive_single-agent_copilot_openrouter_free/django_refactor_rename-file-move-safe_1779895476170.terminal.txt,/workspace/outputs/platform/home/.copilot/session-state/31ef03a9-6b1a-4ce3-8f41-a6ef154f9192/events.jsonl,/workspace/benchmarks/refactorbench/outputs/logs/descriptive_single-agent_copilot_openrouter_free/django_refactor_rename-file-move-safe_1779895476170.response.txt,,6,Copilot transport failed before explicit DONE.
2026-05-27T15:34:04.483029Z,refbench,benchmark_pipeline_20260526_134819,single-agent,django_refactor,split-parse-apps-and-model-labels,timed_out,1,23.51,2026-05-27T15:34:04Z,,,,,,/workspace/benchmarks/refactorbench/outputs/logs/descriptive_single-agent_copilot_openrouter_free/django_refactor_split-parse-apps-and-model-labels_1779895776786.terminal.txt,/workspace/outputs/platform/home/.copilot/session-state/761b5bce-ab3e-46d2-a4f5-5a675ab577a5/events.jsonl,/workspace/benchmarks/refactorbench/outputs/logs/descriptive_single-agent_copilot_openrouter_free/django_refactor_split-parse-apps-and-model-labels_1779895776786.response.txt,1,5,Copilot transport failed before explicit DONE.
2026-05-27T15:39:06.285212Z,refbench,benchmark_pipeline_20260526_134819,single-agent,fastapi_refactor,add-log-parameter-generate-option-id-for-path,timed_out,1,59.61,2026-05-27T15:39:06Z,,,,,,/workspace/benchmarks/refactorbench/outputs/logs/descriptive_single-agent_copilot_openrouter_free/fastapi_refactor_add-log-parameter-generate-option-id-for-path_1779896044846.terminal.txt,/workspace/outputs/platform/home/.copilot/session-state/26dd2d96-2d45-4f07-be59-41a296585961/events.jsonl,/workspace/benchmarks/refactorbench/outputs/logs/descriptive_single-agent_copilot_openrouter_free/fastapi_refactor_add-log-parameter-generate-option-id-for-path_1779896044846.response.txt,3,5,Copilot transport failed before explicit DONE.
2026-05-27T15:43:36.245426Z,refbench,benchmark_pipeline_20260526_134819,single-agent,fastapi_refactor,exception-handlers-to-handlers,timed_out,1,27.84,2026-05-27T15:43:36Z,,,,,,/workspace/benchmarks/refactorbench/outputs/logs/descriptive_single-agent_copilot_openrouter_free/fastapi_refactor_exception-handlers-to-handlers_1779896346649.terminal.txt,/workspace/outputs/platform/home/.copilot/session-state/a3cd7b38-9664-4ef2-991e-c9e539108356/events.jsonl,/workspace/benchmarks/refactorbench/outputs/logs/descriptive_single-agent_copilot_openrouter_free/fastapi_refactor_exception-handlers-to-handlers_1779896346649.response.txt,9,12,Copilot transport failed before explicit DONE.
2026-05-27T15:49:06.127388Z,refbench,benchmark_pipeline_20260526_134819,single-agent,fastapi_refactor,get-auth-scheme-param,timed_out,1,87.78,2026-05-27T15:49:06Z,,,,,,/workspace/benchmarks/refactorbench/outputs/logs/descriptive_single-agent_copilot_openrouter_free/fastapi_refactor_get-auth-scheme-param_1779896616614.terminal.txt,/workspace/outputs/platform/home/.copilot/session-state/8e5d65d5-6308-4c44-a73b-84861eccf9f2/events.jsonl,/workspace/benchmarks/refactorbench/outputs/logs/descriptive_single-agent_copilot_openrouter_free/fastapi_refactor_get-auth-scheme-param_1779896616614.response.txt,3,6,Copilot transport failed before explicit DONE.
2026-05-27T15:53:39.274313Z,refbench,benchmark_pipeline_20260526_134819,single-agent,fastapi_refactor,openapi-get-utils,timed_out,1,30.91,2026-05-27T15:53:39Z,,,,,,/workspace/benchmarks/refactorbench/outputs/logs/descriptive_single-agent_copilot_openrouter_free/fastapi_refactor_openapi-get-utils_1779896946503.terminal.txt,/workspace/outputs/platform/home/.copilot/session-state/98771517-c665-4529-a75f-330610c998e0/events.jsonl,/workspace/benchmarks/refactorbench/outputs/logs/descriptive_single-agent_copilot_openrouter_free/fastapi_refactor_openapi-get-utils_1779896946503.response.txt,,9,Copilot transport failed before explicit DONE.
2026-05-27T15:58:05.352340Z,refbench,benchmark_pipeline_20260526_134819,single-agent,fastapi_refactor,params-to-param,timed_out,1,23.85,2026-05-27T15:58:05Z,,,,,,/workspace/benchmarks/refactorbench/outputs/logs/descriptive_single-agent_copilot_openrouter_free/fastapi_refactor_params-to-param_1779897219649.terminal.txt,/workspace/outputs/platform/home/.copilot/session-state/97b7ab9a-6777-4c8c-88bc-44abe44c2bc0/events.jsonl,/workspace/benchmarks/refactorbench/outputs/logs/descriptive_single-agent_copilot_openrouter_free/fastapi_refactor_params-to-param_1779897219649.response.txt,8,22,Copilot transport failed before explicit DONE.
2026-05-27T16:03:00.666475Z,refbench,benchmark_pipeline_20260526_134819,single-agent,fastapi_refactor,value-is-a-sequence,timed_out,1,53.18,2026-05-27T16:03:00Z,,,,,,/workspace/benchmarks/refactorbench/outputs/logs/descriptive_single-agent_copilot_openrouter_free/fastapi_refactor_value-is-a-sequence_1779897485719.terminal.txt,/workspace/outputs/platform/home/.copilot/session-state/3a5d9d7d-89a9-4b17-b732-7ba0598dc527/events.jsonl,/workspace/benchmarks/refactorbench/outputs/logs/descriptive_single-agent_copilot_openrouter_free/fastapi_refactor_value-is-a-sequence_1779897485719.response.txt,2,5,Copilot transport failed before explicit DONE.
2026-05-27T16:08:17.627981Z,refbench,benchmark_pipeline_20260526_134819,single-agent,flask_refactor,add-log-parameter-get-debug-flag,timed_out,1,76.24,2026-05-27T16:08:17Z,,,,,,/workspace/benchmarks/refactorbench/outputs/logs/descriptive_single-agent_copilot_openrouter_free/flask_refactor_add-log-parameter-get-debug-flag_1779897780872.terminal.txt,/workspace/outputs/platform/home/.copilot/session-state/c3902f83-ea1f-4c7c-8a41-453793ccd1f4/events.jsonl,/workspace/benchmarks/refactorbench/outputs/logs/descriptive_single-agent_copilot_openrouter_free/flask_refactor_add-log-parameter-get-debug-flag_1779897780872.response.txt,1,7,Copilot transport failed before explicit DONE.
2026-05-27T16:12:42.816575Z,refbench,benchmark_pipeline_20260526_134819,single-agent,flask_refactor,add-log-parameter-get-flashed-messages,timed_out,1,24.5,2026-05-27T16:12:42Z,,,,,,/workspace/benchmarks/refactorbench/outputs/logs/descriptive_single-agent_copilot_openrouter_free/flask_refactor_add-log-parameter-get-flashed-messages_1779898097835.terminal.txt,/workspace/outputs/platform/home/.copilot/session-state/b196cdef-b947-40a3-a3f9-be77888c9ec8/events.jsonl,/workspace/benchmarks/refactorbench/outputs/logs/descriptive_single-agent_copilot_openrouter_free/flask_refactor_add-log-parameter-get-flashed-messages_1779898097835.response.txt,,3,Copilot transport failed before explicit DONE.
2026-05-27T16:12:58.852311Z,refbench,benchmark_pipeline_20260526_134819,single-agent,flask_refactor,debughelpers-to-helpers.py,timed_out,1,15.25,2026-05-27T16:12:58Z,,,,,,/workspace/benchmarks/refactorbench/outputs/logs/descriptive_single-agent_copilot_openrouter_free/flask_refactor_debughelpers-to-helpers.py_1779898363025.terminal.txt,/workspace/outputs/platform/home/.copilot/session-state/b196cdef-b947-40a3-a3f9-be77888c9ec8/events.jsonl,/workspace/benchmarks/refactorbench/outputs/logs/descriptive_single-agent_copilot_openrouter_free/flask_refactor_debughelpers-to-helpers.py_1779898363025.response.txt,,5,No repository changes detected from Copilot response.
2026-05-27T16:17:52.700278Z,refbench,benchmark_pipeline_20260526_134819,single-agent,flask_refactor,rename-send-from-directory,timed_out,1,53.04,2026-05-27T16:17:52Z,,,,,,/workspace/benchmarks/refactorbench/outputs/logs/descriptive_single-agent_copilot_openrouter_free/flask_refactor_rename-send-from-directory_1779898379143.terminal.txt,/workspace/outputs/platform/home/.copilot/session-state/354c35a4-a0ef-4af9-bb9a-212581b1a0b2/events.jsonl,/workspace/benchmarks/refactorbench/outputs/logs/descriptive_single-agent_copilot_openrouter_free/flask_refactor_rename-send-from-directory_1779898379143.response.txt,1,4,Copilot transport failed before explicit DONE.
2026-05-27T16:22:45.930843Z,refbench,benchmark_pipeline_20260526_134819,single-agent,flask_refactor,render-template-str,timed_out,1,52.51,2026-05-27T16:22:45Z,,,,,,/workspace/benchmarks/refactorbench/outputs/logs/descriptive_single-agent_copilot_openrouter_free/flask_refactor_render-template-str_1779898672927.terminal.txt,/workspace/outputs/platform/home/.copilot/session-state/3376111c-3589-4c18-87ea-3e0bc8dbebc3/events.jsonl,/workspace/benchmarks/refactorbench/outputs/logs/descriptive_single-agent_copilot_openrouter_free/flask_refactor_render-template-str_1779898672927.response.txt,1,10,Copilot transport failed before explicit DONE.
2026-05-27T16:27:09.955354Z,refbench,benchmark_pipeline_20260526_134819,single-agent,flask_refactor,stream-template-str,timed_out,1,23.34,2026-05-27T16:27:09Z,,,,,,/workspace/benchmarks/refactorbench/outputs/logs/descriptive_single-agent_copilot_openrouter_free/flask_refactor_stream-template-str_1779898966141.terminal.txt,/workspace/outputs/platform/home/.copilot/session-state/cf3818b8-06f0-4d29-afbd-9bcc530a0b7f/events.jsonl,/workspace/benchmarks/refactorbench/outputs/logs/descriptive_single-agent_copilot_openrouter_free/flask_refactor_stream-template-str_1779898966141.response.txt,1,4,Copilot transport failed before explicit DONE.
2026-05-27T16:31:52.283608Z,refbench,benchmark_pipeline_20260526_134819,single-agent,requests_refactor,add-log-parameter-get-encoding-from-headers,timed_out,1,41.72,2026-05-27T16:31:52Z,,,,,,/workspace/benchmarks/refactorbench/outputs/logs/descriptive_single-agent_copilot_openrouter_free/requests_refactor_add-log-parameter-get-encoding-from-headers_1779899229989.terminal.txt,/workspace/outputs/platform/home/.copilot/session-state/477fb080-57dc-4c20-88d0-b6c8d3f4a2cf/events.jsonl,/workspace/benchmarks/refactorbench/outputs/logs/descriptive_single-agent_copilot_openrouter_free/requests_refactor_add-log-parameter-get-encoding-from-headers_1779899229989.response.txt,,3,Copilot transport failed before explicit DONE.
2026-05-27T16:36:50.713933Z,refbench,benchmark_pipeline_20260526_134819,single-agent,requests_refactor,add-log-parameter-resolve-proxies,timed_out,1,57.88,2026-05-27T16:36:50Z,,,,,,/workspace/benchmarks/refactorbench/outputs/logs/descriptive_single-agent_copilot_openrouter_free/requests_refactor_add-log-parameter-resolve-proxies_1779899512315.terminal.txt,/workspace/outputs/platform/home/.copilot/session-state/ee4097fb-eae8-4a91-aef4-1cb7b98272c5/events.jsonl,/workspace/benchmarks/refactorbench/outputs/logs/descriptive_single-agent_copilot_openrouter_free/requests_refactor_add-log-parameter-resolve-proxies_1779899512315.response.txt,,2,Copilot transport failed before explicit DONE.
2026-05-27T16:41:24.949228Z,refbench,benchmark_pipeline_20260526_134819,single-agent,requests_refactor,add-log-parameter-select-proxy,timed_out,1,33.69,2026-05-27T16:41:24Z,,,,,,/workspace/benchmarks/refactorbench/outputs/logs/descriptive_single-agent_copilot_openrouter_free/requests_refactor_add-log-parameter-select-proxy_1779899810747.terminal.txt,/workspace/outputs/platform/home/.copilot/session-state/b690f546-ee7c-476b-927a-0ec24ff43b68/events.jsonl,/workspace/benchmarks/refactorbench/outputs/logs/descriptive_single-agent_copilot_openrouter_free/requests_refactor_add-log-parameter-select-proxy_1779899810747.response.txt,,2,Copilot transport failed before explicit DONE.
2026-05-27T16:46:46.428817Z,refbench,benchmark_pipeline_20260526_134819,single-agent,requests_refactor,combine-from-key-to-key,timed_out,1,80.86,2026-05-27T16:46:46Z,,,,,,/workspace/benchmarks/refactorbench/outputs/logs/descriptive_single-agent_copilot_openrouter_free/requests_refactor_combine-from-key-to-key_1779900084980.terminal.txt,/workspace/outputs/platform/home/.copilot/session-state/c638f7d8-c322-4b68-b57a-5f8bf39f5ab1/events.jsonl,/workspace/benchmarks/refactorbench/outputs/logs/descriptive_single-agent_copilot_openrouter_free/requests_refactor_combine-from-key-to-key_1779900084980.response.txt,1,5,Copilot transport failed before explicit DONE.
2026-05-27T16:51:24.543145Z,refbench,benchmark_pipeline_20260526_134819,single-agent,requests_refactor,combine-internal-utils-utils,timed_out,1,37.54,2026-05-27T16:51:24Z,,,,,,/workspace/benchmarks/refactorbench/outputs/logs/descriptive_single-agent_copilot_openrouter_free/requests_refactor_combine-internal-utils-utils_1779900406461.terminal.txt,/workspace/outputs/platform/home/.copilot/session-state/6d67ddba-968d-41af-b915-af9c0a61138b/events.jsonl,/workspace/benchmarks/refactorbench/outputs/logs/descriptive_single-agent_copilot_openrouter_free/requests_refactor_combine-internal-utils-utils_1779900406461.response.txt,1,7,Copilot transport failed before explicit DONE.
2026-05-27T16:55:48.552152Z,refbench,benchmark_pipeline_20260526_134819,single-agent,requests_refactor,move-hooks-sessions,timed_out,1,23.34,2026-05-27T16:55:48Z,,,,,,/workspace/benchmarks/refactorbench/outputs/logs/descriptive_single-agent_copilot_openrouter_free/requests_refactor_move-hooks-sessions_1779900684572.terminal.txt,/workspace/outputs/platform/home/.copilot/session-state/e14c198e-98c5-4d6a-88c8-488f4901b803/events.jsonl,/workspace/benchmarks/refactorbench/outputs/logs/descriptive_single-agent_copilot_openrouter_free/requests_refactor_move-hooks-sessions_1779900684572.response.txt,1,7,Copilot transport failed before explicit DONE.
2026-05-27T17:00:10.600101Z,refbench,benchmark_pipeline_20260526_134819,single-agent,requests_refactor,new-cookie-utils-class,timed_out,1,21.45,2026-05-27T17:00:10Z,,,,,,/workspace/benchmarks/refactorbench/outputs/logs/descriptive_single-agent_copilot_openrouter_free/requests_refactor_new-cookie-utils-class_1779900948571.terminal.txt,/workspace/outputs/platform/home/.copilot/session-state/5e2e6854-11e5-444d-9f5c-35c2374cc980/events.jsonl,/workspace/benchmarks/refactorbench/outputs/logs/descriptive_single-agent_copilot_openrouter_free/requests_refactor_new-cookie-utils-class_1779900948571.response.txt,,4,Copilot transport failed before explicit DONE.
2026-05-27T17:04:32.684515Z,refbench,benchmark_pipeline_20260526_134819,single-agent,requests_refactor,rename-lookup-dict-dict-lookup,timed_out,1,21.55,2026-05-27T17:04:32Z,,,,,,/workspace/benchmarks/refactorbench/outputs/logs/descriptive_single-agent_copilot_openrouter_free/requests_refactor_rename-lookup-dict-dict-lookup_1779901210619.terminal.txt,/workspace/outputs/platform/home/.copilot/session-state/da68d4a6-f68c-421f-ad21-86f72e6d4c16/events.jsonl,/workspace/benchmarks/refactorbench/outputs/logs/descriptive_single-agent_copilot_openrouter_free/requests_refactor_rename-lookup-dict-dict-lookup_1779901210619.response.txt,,7,Copilot transport failed before explicit DONE.
2026-05-27T17:10:20.496628Z,refbench,benchmark_pipeline_20260526_134819,single-agent,requests_refactor,rename-super-len-complex-len,timed_out,1,107.25,2026-05-27T17:10:20Z,,,,,,/workspace/benchmarks/refactorbench/outputs/logs/descriptive_single-agent_copilot_openrouter_free/requests_refactor_rename-super-len-complex-len_1779901472703.terminal.txt,/workspace/outputs/platform/home/.copilot/session-state/c9d4b0de-05e6-478d-a861-81863e09002f/events.jsonl,/workspace/benchmarks/refactorbench/outputs/logs/descriptive_single-agent_copilot_openrouter_free/requests_refactor_rename-super-len-complex-len_1779901472703.response.txt,,3,Copilot transport failed before explicit DONE.
2026-05-27T17:15:14.362494Z,refbench,benchmark_pipeline_20260526_134819,single-agent,requests_refactor,split-warnings-exceptions,timed_out,1,53.32,2026-05-27T17:15:14Z,,,,,,/workspace/benchmarks/refactorbench/outputs/logs/descriptive_single-agent_copilot_openrouter_free/requests_refactor_split-warnings-exceptions_1779901820516.terminal.txt,/workspace/outputs/platform/home/.copilot/session-state/e415fcb5-eb18-4e8d-936b-4066f391024a/events.jsonl,/workspace/benchmarks/refactorbench/outputs/logs/descriptive_single-agent_copilot_openrouter_free/requests_refactor_split-warnings-exceptions_1779901820516.response.txt,,9,Copilot transport failed before explicit DONE.
2026-05-27T17:16:46.802926Z,refbench,benchmark_pipeline_20260526_134819,single-agent,salt_refactor,add-log-parameter-delete-directory,timed_out,1,89.19,2026-05-27T17:16:46Z,,,,,,/workspace/benchmarks/refactorbench/outputs/logs/descriptive_single-agent_copilot_openrouter_free/salt_refactor_add-log-parameter-delete-directory_1779902114381.terminal.txt,/workspace/outputs/platform/home/.copilot/session-state/00b96276-2f5f-4827-8484-d4476ac57c92/events.jsonl,/workspace/benchmarks/refactorbench/outputs/logs/descriptive_single-agent_copilot_openrouter_free/salt_refactor_add-log-parameter-delete-directory_1779902114381.response.txt,2,4,No repository changes detected from Copilot response.
2026-05-27T17:22:02.789101Z,refbench,benchmark_pipeline_20260526_134819,single-agent,salt_refactor,add-log-parameter-get-capability-definitions,timed_out,1,72.71,2026-05-27T17:22:02Z,,,,,,/workspace/benchmarks/refactorbench/outputs/logs/descriptive_single-agent_copilot_openrouter_free/salt_refactor_add-log-parameter-get-capability-definitions_1779902206822.terminal.txt,/workspace/outputs/platform/home/.copilot/session-state/bae00ea1-be52-4df6-9722-4f48145e3a58/events.jsonl,/workspace/benchmarks/refactorbench/outputs/logs/descriptive_single-agent_copilot_openrouter_free/salt_refactor_add-log-parameter-get-capability-definitions_1779902206822.response.txt,1,3,Copilot transport failed before explicit DONE.
2026-05-27T17:23:19.810547Z,refbench,benchmark_pipeline_20260526_134819,single-agent,salt_refactor,add-log-parameter-recursive-diff,timed_out,1,73.76,2026-05-27T17:23:19Z,,,,,,/workspace/benchmarks/refactorbench/outputs/logs/descriptive_single-agent_copilot_openrouter_free/salt_refactor_add-log-parameter-recursive-diff_1779902522808.terminal.txt,/workspace/outputs/platform/home/.copilot/session-state/f51e8a47-5827-49a7-beb2-63affef604bd/events.jsonl,/workspace/benchmarks/refactorbench/outputs/logs/descriptive_single-agent_copilot_openrouter_free/salt_refactor_add-log-parameter-recursive-diff_1779902522808.response.txt,3,6,No repository changes detected from Copilot response.
2026-05-27T17:27:49.519440Z,refbench,benchmark_pipeline_20260526_134819,single-agent,salt_refactor,cant-create,timed_out,1,26.43,2026-05-27T17:27:49Z,,,,,,/workspace/benchmarks/refactorbench/outputs/logs/descriptive_single-agent_copilot_openrouter_free/salt_refactor_cant-create_1779902599830.terminal.txt,/workspace/outputs/platform/home/.copilot/session-state/382ebd11-f03c-4d5d-8d96-c6aea6266caa/events.jsonl,/workspace/benchmarks/refactorbench/outputs/logs/descriptive_single-agent_copilot_openrouter_free/salt_refactor_cant-create_1779902599830.response.txt,1,8,Copilot transport failed before explicit DONE.
2026-05-27T17:32:18.825478Z,refbench,benchmark_pipeline_20260526_134819,single-agent,salt_refactor,channel-to-transport,timed_out,1,25.99,2026-05-27T17:32:18Z,,,,,,/workspace/benchmarks/refactorbench/outputs/logs/descriptive_single-agent_copilot_openrouter_free/salt_refactor_channel-to-transport_1779902869539.terminal.txt,/workspace/outputs/platform/home/.copilot/session-state/df2a86d0-f7c7-463c-99dc-f07b3874e654/events.jsonl,/workspace/benchmarks/refactorbench/outputs/logs/descriptive_single-agent_copilot_openrouter_free/salt_refactor_channel-to-transport_1779902869539.response.txt,,6,Copilot transport failed before explicit DONE.
2026-05-27T17:37:53.243004Z,refbench,benchmark_pipeline_20260526_134819,single-agent,salt_refactor,ex-pillar-fail,timed_out,1,91.17,2026-05-27T17:37:53Z,,,,,,/workspace/benchmarks/refactorbench/outputs/logs/descriptive_single-agent_copilot_openrouter_free/salt_refactor_ex-pillar-fail_1779903138844.terminal.txt,/workspace/outputs/platform/home/.copilot/session-state/5fbc0799-b16b-4313-860d-8bb490daa560/events.jsonl,/workspace/benchmarks/refactorbench/outputs/logs/descriptive_single-agent_copilot_openrouter_free/salt_refactor_ex-pillar-fail_1779903138844.response.txt,,5,Copilot transport failed before explicit DONE.
2026-05-27T17:42:52.214571Z,refbench,benchmark_pipeline_20260526_134819,single-agent,salt_refactor,ex-state-fail,timed_out,1,55.25,2026-05-27T17:42:52Z,,,,,,/workspace/benchmarks/refactorbench/outputs/logs/descriptive_single-agent_copilot_openrouter_free/salt_refactor_ex-state-fail_1779903473659.terminal.txt,/workspace/outputs/platform/home/.copilot/session-state/46e0c8f7-f7d6-459e-a4bc-a71103556ae4/events.jsonl,/workspace/benchmarks/refactorbench/outputs/logs/descriptive_single-agent_copilot_openrouter_free/salt_refactor_ex-state-fail_1779903473659.response.txt,,6,Copilot transport failed before explicit DONE.
2026-05-27T17:47:22.010049Z,refbench,benchmark_pipeline_20260526_134819,single-agent,salt_refactor,exactly-n-boto-mod,timed_out,1,26.12,2026-05-27T17:47:21Z,,,,,,/workspace/benchmarks/refactorbench/outputs/logs/descriptive_single-agent_copilot_openrouter_free/salt_refactor_exactly-n-boto-mod_1779903772646.terminal.txt,/workspace/outputs/platform/home/.copilot/session-state/13684919-da0a-400a-8b37-417c3f9ac1a5/events.jsonl,/workspace/benchmarks/refactorbench/outputs/logs/descriptive_single-agent_copilot_openrouter_free/salt_refactor_exactly-n-boto-mod_1779903772646.response.txt,,4,Copilot transport failed before explicit DONE.
2026-05-27T17:52:20.012220Z,refbench,benchmark_pipeline_20260526_134819,single-agent,salt_refactor,get-unavail,timed_out,1,54.19,2026-05-27T17:52:19Z,,,,,,/workspace/benchmarks/refactorbench/outputs/logs/descriptive_single-agent_copilot_openrouter_free/salt_refactor_get-unavail_1779904042433.terminal.txt,/workspace/outputs/platform/home/.copilot/session-state/330651f0-5d18-4f80-9ff4-b8cb8aa139e5/events.jsonl,/workspace/benchmarks/refactorbench/outputs/logs/descriptive_single-agent_copilot_openrouter_free/salt_refactor_get-unavail_1779904042433.response.txt,3,10,Copilot transport failed before explicit DONE.
2026-05-27T17:56:56.875770Z,refbench,benchmark_pipeline_20260526_134819,single-agent,salt_refactor,iam-to-aws,timed_out,1,33.23,2026-05-27T17:56:56Z,,,,,,/workspace/benchmarks/refactorbench/outputs/logs/descriptive_single-agent_copilot_openrouter_free/salt_refactor_iam-to-aws_1779904340428.terminal.txt,/workspace/outputs/platform/home/.copilot/session-state/c768def1-58e7-4e4a-a4de-d3701a2cc900/events.jsonl,/workspace/benchmarks/refactorbench/outputs/logs/descriptive_single-agent_copilot_openrouter_free/salt_refactor_iam-to-aws_1779904340428.response.txt,2,5,Copilot transport failed before explicit DONE.
2026-05-27T18:01:54.896446Z,refbench,benchmark_pipeline_20260526_134819,single-agent,salt_refactor,mksls-to-specific,timed_out,1,54.32,2026-05-27T18:01:54Z,,,,,,/workspace/benchmarks/refactorbench/outputs/logs/descriptive_single-agent_copilot_openrouter_free/salt_refactor_mksls-to-specific_1779904617312.terminal.txt,/workspace/outputs/platform/home/.copilot/session-state/b6a78076-f6bc-4a05-9595-c26745452fe7/events.jsonl,/workspace/benchmarks/refactorbench/outputs/logs/descriptive_single-agent_copilot_openrouter_free/salt_refactor_mksls-to-specific_1779904617312.response.txt,,6,Copilot transport failed before explicit DONE.
2026-05-27T18:06:25.026993Z,refbench,benchmark_pipeline_20260526_134819,single-agent,salt_refactor,namecheap-xmlutil,timed_out,1,26.51,2026-05-27T18:06:25Z,,,,,,/workspace/benchmarks/refactorbench/outputs/logs/descriptive_single-agent_copilot_openrouter_free/salt_refactor_namecheap-xmlutil_1779904915308.terminal.txt,/workspace/outputs/platform/home/.copilot/session-state/e8e7d02b-104c-446f-8113-22c1f9d8f087/events.jsonl,/workspace/benchmarks/refactorbench/outputs/logs/descriptive_single-agent_copilot_openrouter_free/salt_refactor_namecheap-xmlutil_1779904915308.response.txt,,6,Copilot transport failed before explicit DONE.
2026-05-27T18:10:52.713419Z,refbench,benchmark_pipeline_20260526_134819,single-agent,salt_refactor,paged-call-boto-mod,timed_out,1,24.07,2026-05-27T18:10:52Z,,,,,,/workspace/benchmarks/refactorbench/outputs/logs/descriptive_single-agent_copilot_openrouter_free/salt_refactor_paged-call-boto-mod_1779905185452.terminal.txt,/workspace/outputs/platform/home/.copilot/session-state/9c231ade-f9ea-4a89-b51b-8ef3446661f9/events.jsonl,/workspace/benchmarks/refactorbench/outputs/logs/descriptive_single-agent_copilot_openrouter_free/salt_refactor_paged-call-boto-mod_1779905185452.response.txt,2,4,Copilot transport failed before explicit DONE.
2026-05-27T18:15:28.486884Z,refbench,benchmark_pipeline_20260526_134819,single-agent,salt_refactor,pem-fingerprint,timed_out,1,31.99,2026-05-27T18:15:28Z,,,,,,/workspace/benchmarks/refactorbench/outputs/logs/descriptive_single-agent_copilot_openrouter_free/salt_refactor_pem-fingerprint_1779905453133.terminal.txt,/workspace/outputs/platform/home/.copilot/session-state/c7112c97-bb9b-486c-93b2-eb7ea3584986/events.jsonl,/workspace/benchmarks/refactorbench/outputs/logs/descriptive_single-agent_copilot_openrouter_free/salt_refactor_pem-fingerprint_1779905453133.response.txt,,10,Copilot transport failed before explicit DONE.
2026-05-27T18:20:40.027851Z,refbench,benchmark_pipeline_20260526_134819,single-agent,salt_refactor,perm-denied,timed_out,1,67.91,2026-05-27T18:20:40Z,,,,,,/workspace/benchmarks/refactorbench/outputs/logs/descriptive_single-agent_copilot_openrouter_free/salt_refactor_perm-denied_1779905728895.terminal.txt,/workspace/outputs/platform/home/.copilot/session-state/17227c7e-c946-4e6f-b01f-5cb6395c1572/events.jsonl,/workspace/benchmarks/refactorbench/outputs/logs/descriptive_single-agent_copilot_openrouter_free/salt_refactor_perm-denied_1779905728895.response.txt,1,5,Copilot transport failed before explicit DONE.
2026-05-27T18:25:25.888813Z,refbench,benchmark_pipeline_20260526_134819,single-agent,scrapy_refactor,add-log-parameter-disconnect-all,timed_out,1,44.79,2026-05-27T18:25:25Z,,,,,,/workspace/benchmarks/refactorbench/outputs/logs/descriptive_single-agent_copilot_openrouter_free/scrapy_refactor_add-log-parameter-disconnect-all_1779906040460.terminal.txt,/workspace/outputs/platform/home/.copilot/session-state/bc4869d4-1b96-4fb6-a39a-038e8176cbb9/events.jsonl,/workspace/benchmarks/refactorbench/outputs/logs/descriptive_single-agent_copilot_openrouter_free/scrapy_refactor_add-log-parameter-disconnect-all_1779906040460.response.txt,3,6,Copilot transport failed before explicit DONE.
2026-05-27T18:30:36.040944Z,refbench,benchmark_pipeline_20260526_134819,single-agent,scrapy_refactor,add-log-parameter-job-dir,timed_out,1,69.12,2026-05-27T18:30:36Z,,,,,,/workspace/benchmarks/refactorbench/outputs/logs/descriptive_single-agent_copilot_openrouter_free/scrapy_refactor_add-log-parameter-job-dir_1779906326297.terminal.txt,/workspace/outputs/platform/home/.copilot/session-state/3afa50ed-2130-4f3c-ac8a-984648e313bb/events.jsonl,/workspace/benchmarks/refactorbench/outputs/logs/descriptive_single-agent_copilot_openrouter_free/scrapy_refactor_add-log-parameter-job-dir_1779906326297.response.txt,,5,Copilot transport failed before explicit DONE.
2026-05-27T18:35:15.001468Z,refbench,benchmark_pipeline_20260526_134819,single-agent,scrapy_refactor,add-log-parameter-xmliter,timed_out,1,37.93,2026-05-27T18:35:14Z,,,,,,/workspace/benchmarks/refactorbench/outputs/logs/descriptive_single-agent_copilot_openrouter_free/scrapy_refactor_add-log-parameter-xmliter_1779906636457.terminal.txt,/workspace/outputs/platform/home/.copilot/session-state/4984e4fb-c40b-4dc2-bd79-e32d396cc909/events.jsonl,/workspace/benchmarks/refactorbench/outputs/logs/descriptive_single-agent_copilot_openrouter_free/scrapy_refactor_add-log-parameter-xmliter_1779906636457.response.txt,2,3,Copilot transport failed before explicit DONE.
2026-05-27T18:39:39.578741Z,refbench,benchmark_pipeline_20260526_134819,single-agent,scrapy_refactor,genspider-functions-to-utils-url,timed_out,1,23.53,2026-05-27T18:39:39Z,,,,,,/workspace/benchmarks/refactorbench/outputs/logs/descriptive_single-agent_copilot_openrouter_free/scrapy_refactor_genspider-functions-to-utils-url_1779906915411.terminal.txt,/workspace/outputs/platform/home/.copilot/session-state/17c83eda-89a8-4f2d-b1de-bd1796abbf46/events.jsonl,/workspace/benchmarks/refactorbench/outputs/logs/descriptive_single-agent_copilot_openrouter_free/scrapy_refactor_genspider-functions-to-utils-url_1779906915411.response.txt,,4,Copilot transport failed before explicit DONE.
2026-05-27T18:44:16.442890Z,refbench,benchmark_pipeline_20260526_134819,single-agent,scrapy_refactor,new-downloadermiddlewares-utils,timed_out,1,35.81,2026-05-27T18:44:16Z,,,,,,/workspace/benchmarks/refactorbench/outputs/logs/descriptive_single-agent_copilot_openrouter_free/scrapy_refactor_new-downloadermiddlewares-utils_1779907180002.terminal.txt,/workspace/outputs/platform/home/.copilot/session-state/d1787395-e361-43c4-bdfe-ec0a7b2cfa53/events.jsonl,/workspace/benchmarks/refactorbench/outputs/logs/descriptive_single-agent_copilot_openrouter_free/scrapy_refactor_new-downloadermiddlewares-utils_1779907180002.response.txt,,5,Copilot transport failed before explicit DONE.
2026-05-27T18:49:01.751528Z,refbench,benchmark_pipeline_20260526_134819,single-agent,scrapy_refactor,new-spider-utils-in-spiders,timed_out,1,44.27,2026-05-27T18:49:01Z,,,,,,/workspace/benchmarks/refactorbench/outputs/logs/descriptive_single-agent_copilot_openrouter_free/scrapy_refactor_new-spider-utils-in-spiders_1779907456857.terminal.txt,/workspace/outputs/platform/home/.copilot/session-state/5bb872cb-e137-426b-a2c3-76020c58dcd8/events.jsonl,/workspace/benchmarks/refactorbench/outputs/logs/descriptive_single-agent_copilot_openrouter_free/scrapy_refactor_new-spider-utils-in-spiders_1779907456857.response.txt,,8,Copilot transport failed before explicit DONE.
2026-05-27T18:53:40.311600Z,refbench,benchmark_pipeline_20260526_134819,single-agent,scrapy_refactor,new-verify-reactor-class,timed_out,1,37.86,2026-05-27T18:53:40Z,,,,,,/workspace/benchmarks/refactorbench/outputs/logs/descriptive_single-agent_copilot_openrouter_free/scrapy_refactor_new-verify-reactor-class_1779907741808.terminal.txt,/workspace/outputs/platform/home/.copilot/session-state/67e8fe89-a8a9-4e00-bfd8-632537055a06/events.jsonl,/workspace/benchmarks/refactorbench/outputs/logs/descriptive_single-agent_copilot_openrouter_free/scrapy_refactor_new-verify-reactor-class_1779907741808.response.txt,3,11,Copilot transport failed before explicit DONE.
2026-05-27T18:58:08.767754Z,refbench,benchmark_pipeline_20260526_134819,single-agent,scrapy_refactor,not-supported-exception-to-unsupported,timed_out,1,27.73,2026-05-27T18:58:08Z,,,,,,/workspace/benchmarks/refactorbench/outputs/logs/descriptive_single-agent_copilot_openrouter_free/scrapy_refactor_not-supported-exception-to-unsupported_1779908020363.terminal.txt,/workspace/outputs/platform/home/.copilot/session-state/892cf7f7-c6ef-4342-a1f7-f82cc70054ed/events.jsonl,/workspace/benchmarks/refactorbench/outputs/logs/descriptive_single-agent_copilot_openrouter_free/scrapy_refactor_not-supported-exception-to-unsupported_1779908020363.response.txt,,10,Copilot transport failed before explicit DONE.
2026-05-27T19:03:09.777570Z,refbench,benchmark_pipeline_20260526_134819,single-agent,scrapy_refactor,parameterize-gunzip,timed_out,1,60.29,2026-05-27T19:03:09Z,,,,,,/workspace/benchmarks/refactorbench/outputs/logs/descriptive_single-agent_copilot_openrouter_free/scrapy_refactor_parameterize-gunzip_1779908288824.terminal.txt,/workspace/outputs/platform/home/.copilot/session-state/dc421e01-4c36-4d40-ada8-20a2818f8334/events.jsonl,/workspace/benchmarks/refactorbench/outputs/logs/descriptive_single-agent_copilot_openrouter_free/scrapy_refactor_parameterize-gunzip_1779908288824.response.txt,1,9,Copilot transport failed before explicit DONE.
2026-05-27T19:07:53.324218Z,refbench,benchmark_pipeline_20260526_134819,single-agent,scrapy_refactor,rename-description-commands,timed_out,1,42.84,2026-05-27T19:07:53Z,,,,,,/workspace/benchmarks/refactorbench/outputs/logs/descriptive_single-agent_copilot_openrouter_free/scrapy_refactor_rename-description-commands_1779908589834.terminal.txt,/workspace/outputs/platform/home/.copilot/session-state/eef0c0b4-c964-4a24-b4da-56836d4a1b5e/events.jsonl,/workspace/benchmarks/refactorbench/outputs/logs/descriptive_single-agent_copilot_openrouter_free/scrapy_refactor_rename-description-commands_1779908589834.response.txt,,7,Copilot transport failed before explicit DONE.
2026-05-27T19:12:17.756752Z,refbench,benchmark_pipeline_20260526_134819,single-agent,scrapy_refactor,rename-engine-status,timed_out,1,23.73,2026-05-27T19:12:17Z,,,,,,/workspace/benchmarks/refactorbench/outputs/logs/descriptive_single-agent_copilot_openrouter_free/scrapy_refactor_rename-engine-status_1779908873382.terminal.txt,/workspace/outputs/platform/home/.copilot/session-state/57278486-1f50-42d5-9403-97480f02a58b/events.jsonl,/workspace/benchmarks/refactorbench/outputs/logs/descriptive_single-agent_copilot_openrouter_free/scrapy_refactor_rename-engine-status_1779908873382.response.txt,,8,Copilot transport failed before explicit DONE.
2026-05-27T19:16:52.150288Z,refbench,benchmark_pipeline_20260526_134819,single-agent,scrapy_refactor,rename-processtest-testproc,timed_out,1,33.68,2026-05-27T19:16:52Z,,,,,,/workspace/benchmarks/refactorbench/outputs/logs/descriptive_single-agent_copilot_openrouter_free/scrapy_refactor_rename-processtest-testproc_1779909137813.terminal.txt,/workspace/outputs/platform/home/.copilot/session-state/3f352aac-6ee1-4dc6-a767-df10e273cc14/events.jsonl,/workspace/benchmarks/refactorbench/outputs/logs/descriptive_single-agent_copilot_openrouter_free/scrapy_refactor_rename-processtest-testproc_1779909137813.response.txt,,6,Copilot transport failed before explicit DONE.
2026-05-27T19:22:01.460014Z,refbench,benchmark_pipeline_20260526_134819,single-agent,scrapy_refactor,sitemap-url-to-url,timed_out,1,68.61,2026-05-27T19:22:01Z,,,,,,/workspace/benchmarks/refactorbench/outputs/logs/descriptive_single-agent_copilot_openrouter_free/scrapy_refactor_sitemap-url-to-url_1779909412210.terminal.txt,/workspace/outputs/platform/home/.copilot/session-state/897b8f41-951a-4035-bf8f-0d82e6bde2cc/events.jsonl,/workspace/benchmarks/refactorbench/outputs/logs/descriptive_single-agent_copilot_openrouter_free/scrapy_refactor_sitemap-url-to-url_1779909412210.response.txt,,3,Copilot transport failed before explicit DONE.
2026-05-27T19:27:11.139899Z,refbench,benchmark_pipeline_20260526_134819,single-agent,tornado_refactor,global-objects,timed_out,1,69.11,2026-05-27T19:27:11Z,,,,,,/workspace/benchmarks/refactorbench/outputs/logs/descriptive_single-agent_copilot_openrouter_free/tornado_refactor_global-objects_1779909721518.terminal.txt,/workspace/outputs/platform/home/.copilot/session-state/8d21ebc3-36d4-44d2-85a1-5a554b48f0a0/events.jsonl,/workspace/benchmarks/refactorbench/outputs/logs/descriptive_single-agent_copilot_openrouter_free/tornado_refactor_global-objects_1779909721518.response.txt,,,Copilot transport failed before explicit DONE.
2026-05-27T19:28:26.553528Z,refbench,benchmark_pipeline_20260526_134819,single-agent,tornado_refactor,log-utils,timed_out,1,74.85,2026-05-27T19:28:26Z,,,,,,/workspace/benchmarks/refactorbench/outputs/logs/descriptive_single-agent_copilot_openrouter_free/tornado_refactor_log-utils_1779910031193.terminal.txt,/workspace/outputs/platform/home/.copilot/session-state/8cff7eeb-1c71-4a07-a3a3-0a71a13cf09f/events.jsonl,/workspace/benchmarks/refactorbench/outputs/logs/descriptive_single-agent_copilot_openrouter_free/tornado_refactor_log-utils_1779910031193.response.txt,,,No repository changes detected from Copilot response.
2026-05-27T19:33:19.889276Z,refbench,benchmark_pipeline_20260526_134819,single-agent,tornado_refactor,option-parser-with-pretty-print,timed_out,1,52.75,2026-05-27T19:33:19Z,,,,,,/workspace/benchmarks/refactorbench/outputs/logs/descriptive_single-agent_copilot_openrouter_free/tornado_refactor_option-parser-with-pretty-print_1779910106608.terminal.txt,/workspace/outputs/platform/home/.copilot/session-state/0b3dd15c-5cb5-4ce5-9ae5-c1237a6ec976/events.jsonl,/workspace/benchmarks/refactorbench/outputs/logs/descriptive_single-agent_copilot_openrouter_free/tornado_refactor_option-parser-with-pretty-print_1779910106608.response.txt,,,Copilot transport failed before explicit DONE.
2026-05-27T19:38:02.429510Z,refbench,benchmark_pipeline_20260526_134819,single-agent,tornado_refactor,options-utils,timed_out,1,41.92,2026-05-27T19:38:02Z,,,,,,/workspace/benchmarks/refactorbench/outputs/logs/descriptive_single-agent_copilot_openrouter_free/tornado_refactor_options-utils_1779910399944.terminal.txt,/workspace/outputs/platform/home/.copilot/session-state/21512011-e60a-453d-90e7-819d32e7dd43/events.jsonl,/workspace/benchmarks/refactorbench/outputs/logs/descriptive_single-agent_copilot_openrouter_free/tornado_refactor_options-utils_1779910399944.response.txt,,,Copilot transport failed before explicit DONE.
2026-05-27T19:42:44.914680Z,refbench,benchmark_pipeline_20260526_134819,single-agent,tornado_refactor,remove-locale-data,timed_out,1,41.92,2026-05-27T19:42:44Z,,,,,,/workspace/benchmarks/refactorbench/outputs/logs/descriptive_single-agent_copilot_openrouter_free/tornado_refactor_remove-locale-data_1779910682485.terminal.txt,/workspace/outputs/platform/home/.copilot/session-state/2bc6b922-252e-44ae-92cb-a9531408599c/events.jsonl,/workspace/benchmarks/refactorbench/outputs/logs/descriptive_single-agent_copilot_openrouter_free/tornado_refactor_remove-locale-data_1779910682485.response.txt,,,Copilot transport failed before explicit DONE.
2026-05-27T19:47:06.923537Z,refbench,benchmark_pipeline_20260526_134819,single-agent,tornado_refactor,rename-http1connection,timed_out,1,21.43,2026-05-27T19:47:06Z,,,,,,/workspace/benchmarks/refactorbench/outputs/logs/descriptive_single-agent_copilot_openrouter_free/tornado_refactor_rename-http1connection_1779910964969.terminal.txt,/workspace/outputs/platform/home/.copilot/session-state/cacac44d-8059-4478-823d-98bb05f73db8/events.jsonl,/workspace/benchmarks/refactorbench/outputs/logs/descriptive_single-agent_copilot_openrouter_free/tornado_refactor_rename-http1connection_1779910964969.response.txt,,,Copilot transport failed before explicit DONE.
2026-05-27T19:51:49.461744Z,refbench,benchmark_pipeline_20260526_134819,single-agent,tornado_refactor,rename-to-camel-case,timed_out,1,41.99,2026-05-27T19:51:49Z,,,,,,/workspace/benchmarks/refactorbench/outputs/logs/descriptive_single-agent_copilot_openrouter_free/tornado_refactor_rename-to-camel-case_1779911226959.terminal.txt,/workspace/outputs/platform/home/.copilot/session-state/de0f87f2-44e7-4577-a14d-e5ae5f7864b1/events.jsonl,/workspace/benchmarks/refactorbench/outputs/logs/descriptive_single-agent_copilot_openrouter_free/tornado_refactor_rename-to-camel-case_1779911226959.response.txt,,,Copilot transport failed before explicit DONE.
2026-05-27T19:52:39.991050Z,refbench,benchmark_pipeline_20260526_134819,single-agent,tornado_refactor,resolvers-as-separate,failed,0,49.97,2026-05-27T19:52:39Z,,,,,,/workspace/benchmarks/refactorbench/outputs/logs/descriptive_single-agent_copilot_openrouter_free/tornado_refactor_resolvers-as-separate_1779911509497.terminal.txt,/workspace/outputs/platform/home/.copilot/session-state/b8252a31-5d60-4c4c-9887-3fb6f5696c11/events.jsonl,/workspace/benchmarks/refactorbench/outputs/logs/descriptive_single-agent_copilot_openrouter_free/tornado_refactor_resolvers-as-separate_1779911509497.response.txt,,,No repository changes detected from Copilot response.
2026-05-27T19:57:04.133703Z,refbench,benchmark_pipeline_20260526_134819,single-agent,tornado_refactor,tcpclient-connect-params,timed_out,1,23.58,2026-05-27T19:57:04Z,,,,,,/workspace/benchmarks/refactorbench/outputs/logs/descriptive_single-agent_copilot_openrouter_free/tornado_refactor_tcpclient-connect-params_1779911560028.terminal.txt,/workspace/outputs/platform/home/.copilot/session-state/7d530bcd-32d4-4685-a120-0e22fd8658b6/events.jsonl,/workspace/benchmarks/refactorbench/outputs/logs/descriptive_single-agent_copilot_openrouter_free/tornado_refactor_tcpclient-connect-params_1779911560028.response.txt,,,Copilot transport failed before explicit DONE.
2026-05-27T21:56:56.103548Z,refbench,benchmark_pipeline_20260527_215113,single-agent,ansible_refactor,add-log-parameter-get-group-vars,timed_out,1,11.67,2026-05-27T21:56:56Z,,,,,,/workspace/benchmarks/refactorbench/outputs/logs/base_single-agent_copilot_openrouter_free/ansible_refactor_add-log-parameter-get-group-vars_1779918761425.terminal.txt,/workspace/outputs/platform/home/.copilot/session-state/a4411fa3-b39d-484b-a9ba-62ca3fb93702/events.jsonl,/workspace/benchmarks/refactorbench/outputs/logs/base_single-agent_copilot_openrouter_free/ansible_refactor_add-log-parameter-get-group-vars_1779918761425.response.txt,3,5,Copilot transport failed before explicit DONE.
2026-05-27T22:01:21.007776Z,refbench,benchmark_pipeline_20260527_215113,single-agent,ansible_refactor,add-log-parameter-is-systemd-managed,timed_out,1,22.04,2026-05-27T22:01:21Z,,,,,,/workspace/benchmarks/refactorbench/outputs/logs/base_single-agent_copilot_openrouter_free/ansible_refactor_add-log-parameter-is-systemd-managed_1779919016143.terminal.txt,/workspace/outputs/platform/home/.copilot/session-state/570ff833-6dd6-44cf-9efc-818b743494cb/events.jsonl,/workspace/benchmarks/refactorbench/outputs/logs/base_single-agent_copilot_openrouter_free/ansible_refactor_add-log-parameter-is-systemd-managed_1779919016143.response.txt,2,5,Copilot transport failed before explicit DONE.
2026-05-27T22:05:37.608185Z,refbench,benchmark_pipeline_20260527_215113,single-agent,ansible_refactor,combine-namespace-compat,timed_out,1,13.73,2026-05-27T22:05:37Z,,,,,,/workspace/benchmarks/refactorbench/outputs/logs/base_single-agent_copilot_openrouter_free/ansible_refactor_combine-namespace-compat_1779919281047.terminal.txt,/workspace/outputs/platform/home/.copilot/session-state/5e99cd6e-0e45-4cf1-9fca-000cd65e8f6e/events.jsonl,/workspace/benchmarks/refactorbench/outputs/logs/base_single-agent_copilot_openrouter_free/ansible_refactor_combine-namespace-compat_1779919281047.response.txt,,7,Copilot transport failed before explicit DONE.
2026-05-27T22:10:16.581470Z,refbench,benchmark_pipeline_20260527_215113,single-agent,ansible_refactor,data-to-inventory-data,timed_out,1,36.24,2026-05-27T22:10:16Z,,,,,,/workspace/benchmarks/refactorbench/outputs/logs/base_single-agent_copilot_openrouter_free/ansible_refactor_data-to-inventory-data_1779919537643.terminal.txt,/workspace/outputs/platform/home/.copilot/session-state/ad85471b-580a-4cb5-bf06-074c5260b55b/events.jsonl,/workspace/benchmarks/refactorbench/outputs/logs/base_single-agent_copilot_openrouter_free/ansible_refactor_data-to-inventory-data_1779919537643.response.txt,,5,Copilot transport failed before explicit DONE.
2026-05-27T22:14:37.253603Z,refbench,benchmark_pipeline_20260527_215113,single-agent,ansible_refactor,move-quoting-splitter,timed_out,1,17.89,2026-05-27T22:14:37Z,,,,,,/workspace/benchmarks/refactorbench/outputs/logs/base_single-agent_copilot_openrouter_free/ansible_refactor_move-quoting-splitter_1779919816616.terminal.txt,/workspace/outputs/platform/home/.copilot/session-state/d5558d54-f0e0-49d0-b1f8-e3bbdb7fc4a2/events.jsonl,/workspace/benchmarks/refactorbench/outputs/logs/base_single-agent_copilot_openrouter_free/ansible_refactor_move-quoting-splitter_1779919816616.response.txt,,6,Copilot transport failed before explicit DONE.
2026-05-27T22:18:52.143245Z,refbench,benchmark_pipeline_20260527_215113,single-agent,ansible_refactor,new-inventory-patterns,timed_out,1,11.62,2026-05-27T22:18:52Z,,,,,,/workspace/benchmarks/refactorbench/outputs/logs/base_single-agent_copilot_openrouter_free/ansible_refactor_new-inventory-patterns_1779920077813.terminal.txt,/workspace/outputs/platform/home/.copilot/session-state/ff849470-c4c9-4867-b781-fe9164c55064/events.jsonl,/workspace/benchmarks/refactorbench/outputs/logs/base_single-agent_copilot_openrouter_free/ansible_refactor_new-inventory-patterns_1779920077813.response.txt,1,9,Copilot transport failed before explicit DONE.
2026-05-27T22:23:09.022933Z,refbench,benchmark_pipeline_20260527_215113,single-agent,ansible_refactor,new-utils-class-connection,timed_out,1,13.58,2026-05-27T22:23:09Z,,,,,,/workspace/benchmarks/refactorbench/outputs/logs/base_single-agent_copilot_openrouter_free/ansible_refactor_new-utils-class-connection_1779920332693.terminal.txt,/workspace/outputs/platform/home/.copilot/session-state/54b10254-3788-42d1-83d4-0f76ced2c5a1/events.jsonl,/workspace/benchmarks/refactorbench/outputs/logs/base_single-agent_copilot_openrouter_free/ansible_refactor_new-utils-class-connection_1779920332693.response.txt,,7,Copilot transport failed before explicit DONE.
2026-05-27T22:53:55.860588Z,refbench,benchmark_pipeline_20260527_222354,single-agent,ansible_refactor,add-log-parameter-get-group-vars,timed_out,1,31.92,2026-05-27T22:53:55Z,,,,,,/workspace/benchmarks/refactorbench/outputs/logs/base_single-agent_copilot_openrouter_free/ansible_refactor_add-log-parameter-get-group-vars_1779922161023.terminal.txt,/workspace/outputs/platform/home/.copilot/session-state/d0261ace-a42a-4287-a16f-84efee1a200d/events.jsonl,/workspace/benchmarks/refactorbench/outputs/logs/base_single-agent_copilot_openrouter_free/ansible_refactor_add-log-parameter-get-group-vars_1779922161023.response.txt,3,5,Copilot transport failed before explicit DONE.
2026-05-27T22:58:23.218775Z,refbench,benchmark_pipeline_20260527_222354,single-agent,ansible_refactor,add-log-parameter-is-systemd-managed,timed_out,1,24.0,2026-05-27T22:58:23Z,,,,,,/workspace/benchmarks/refactorbench/outputs/logs/base_single-agent_copilot_openrouter_free/ansible_refactor_add-log-parameter-is-systemd-managed_1779922436374.terminal.txt,/workspace/outputs/platform/home/.copilot/session-state/36d0f7c3-e516-463f-8080-c4a9f1d0cd9b/events.jsonl,/workspace/benchmarks/refactorbench/outputs/logs/base_single-agent_copilot_openrouter_free/ansible_refactor_add-log-parameter-is-systemd-managed_1779922436374.response.txt,2,5,Copilot transport failed before explicit DONE.
2026-05-27T23:02:38.248127Z,refbench,benchmark_pipeline_20260527_222354,single-agent,ansible_refactor,combine-namespace-compat,timed_out,1,11.75,2026-05-27T23:02:38Z,,,,,,/workspace/benchmarks/refactorbench/outputs/logs/base_single-agent_copilot_openrouter_free/ansible_refactor_combine-namespace-compat_1779922703710.terminal.txt,/workspace/outputs/platform/home/.copilot/session-state/b2249abf-02e0-4462-8414-48d6b4bb494a/events.jsonl,/workspace/benchmarks/refactorbench/outputs/logs/base_single-agent_copilot_openrouter_free/ansible_refactor_combine-namespace-compat_1779922703710.response.txt,,7,Copilot transport failed before explicit DONE.
2026-05-27T23:06:57.434087Z,refbench,benchmark_pipeline_20260527_222354,single-agent,ansible_refactor,data-to-inventory-data,timed_out,1,15.87,2026-05-27T23:06:57Z,,,,,,/workspace/benchmarks/refactorbench/outputs/logs/base_single-agent_copilot_openrouter_free/ansible_refactor_data-to-inventory-data_1779922958806.terminal.txt,/workspace/outputs/platform/home/.copilot/session-state/cb5abb5d-8fbb-4f5f-856b-b521d3522403/events.jsonl,/workspace/benchmarks/refactorbench/outputs/logs/base_single-agent_copilot_openrouter_free/ansible_refactor_data-to-inventory-data_1779922958806.response.txt,,5,Copilot transport failed before explicit DONE.
2026-05-27T23:11:20.568944Z,refbench,benchmark_pipeline_20260527_222354,single-agent,ansible_refactor,move-quoting-splitter,timed_out,1,19.9,2026-05-27T23:11:20Z,,,,,,/workspace/benchmarks/refactorbench/outputs/logs/base_single-agent_copilot_openrouter_free/ansible_refactor_move-quoting-splitter_1779923217958.terminal.txt,/workspace/outputs/platform/home/.copilot/session-state/dbd59786-59fb-4a09-b17b-f38a6d564ad2/events.jsonl,/workspace/benchmarks/refactorbench/outputs/logs/base_single-agent_copilot_openrouter_free/ansible_refactor_move-quoting-splitter_1779923217958.response.txt,,6,Copilot transport failed before explicit DONE.
2026-05-27T23:15:39.419550Z,refbench,benchmark_pipeline_20260527_222354,single-agent,ansible_refactor,new-inventory-patterns,timed_out,1,15.64,2026-05-27T23:15:39Z,,,,,,/workspace/benchmarks/refactorbench/outputs/logs/base_single-agent_copilot_openrouter_free/ansible_refactor_new-inventory-patterns_1779923481082.terminal.txt,/workspace/outputs/platform/home/.copilot/session-state/201a7f32-bdd2-46e1-a17e-89c26507261b/events.jsonl,/workspace/benchmarks/refactorbench/outputs/logs/base_single-agent_copilot_openrouter_free/ansible_refactor_new-inventory-patterns_1779923481082.response.txt,1,9,Copilot transport failed before explicit DONE.
2026-05-27T23:20:08.638007Z,refbench,benchmark_pipeline_20260527_222354,single-agent,ansible_refactor,new-utils-class-connection,timed_out,1,25.86,2026-05-27T23:20:08Z,,,,,,/workspace/benchmarks/refactorbench/outputs/logs/base_single-agent_copilot_openrouter_free/ansible_refactor_new-utils-class-connection_1779923739947.terminal.txt,/workspace/outputs/platform/home/.copilot/session-state/fa87f872-a7cd-434e-b838-344e99b903ca/events.jsonl,/workspace/benchmarks/refactorbench/outputs/logs/base_single-agent_copilot_openrouter_free/ansible_refactor_new-utils-class-connection_1779923739947.response.txt,,7,Copilot transport failed before explicit DONE.
2026-05-27T23:24:23.659831Z,refbench,benchmark_pipeline_20260527_222354,single-agent,ansible_refactor,new-utils-from-basic,timed_out,1,11.59,2026-05-27T23:24:23Z,,,,,,/workspace/benchmarks/refactorbench/outputs/logs/base_single-agent_copilot_openrouter_free/ansible_refactor_new-utils-from-basic_1779924009185.terminal.txt,/workspace/outputs/platform/home/.copilot/session-state/b93daaad-65a2-41ba-a0b2-a4effd0c81e1/events.jsonl,/workspace/benchmarks/refactorbench/outputs/logs/base_single-agent_copilot_openrouter_free/ansible_refactor_new-utils-from-basic_1779924009185.response.txt,,12,Copilot transport failed before explicit DONE.
2026-05-27T23:28:39.002661Z,refbench,benchmark_pipeline_20260527_222354,single-agent,ansible_refactor,parse_key_value,timed_out,1,11.94,2026-05-27T23:28:38Z,,,,,,/workspace/benchmarks/refactorbench/outputs/logs/base_single-agent_copilot_openrouter_free/ansible_refactor_parse_key_value_1779924264196.terminal.txt,/workspace/outputs/platform/home/.copilot/session-state/acee9e29-a4c2-4597-a372-42a8ad55f17e/events.jsonl,/workspace/benchmarks/refactorbench/outputs/logs/base_single-agent_copilot_openrouter_free/ansible_refactor_parse_key_value_1779924264196.response.txt,2,21,Copilot transport failed before explicit DONE.
2026-05-27T23:29:06.204061Z,refbench,benchmark_pipeline_20260527_222354,single-agent,ansible_refactor,rename-lenient-lowercase,timed_out,1,23.72,2026-05-27T23:29:06Z,,,,,,/workspace/benchmarks/refactorbench/outputs/logs/base_single-agent_copilot_openrouter_free/ansible_refactor_rename-lenient-lowercase_1779924519568.terminal.txt,/workspace/outputs/platform/home/.copilot/session-state/7558a26b-80ff-4c69-8764-2fca2a10bca2/events.jsonl,/workspace/benchmarks/refactorbench/outputs/logs/base_single-agent_copilot_openrouter_free/ansible_refactor_rename-lenient-lowercase_1779924519568.response.txt,,4,No repository changes detected from Copilot response.
2026-05-27T23:33:23.417777Z,refbench,benchmark_pipeline_20260527_222354,single-agent,ansible_refactor,sort-groups-to-group-sort,timed_out,1,13.86,2026-05-27T23:33:23Z,,,,,,/workspace/benchmarks/refactorbench/outputs/logs/base_single-agent_copilot_openrouter_free/ansible_refactor_sort-groups-to-group-sort_1779924546744.terminal.txt,/workspace/outputs/platform/home/.copilot/session-state/0a80afad-36ab-4e91-b717-34103ff27613/events.jsonl,/workspace/benchmarks/refactorbench/outputs/logs/base_single-agent_copilot_openrouter_free/ansible_refactor_sort-groups-to-group-sort_1779924546744.response.txt,,4,Copilot transport failed before explicit DONE.
2026-05-27T23:38:06.064774Z,refbench,benchmark_pipeline_20260527_222354,single-agent,celery_refactor,add-log-parameter-get-digest-algorithm,timed_out,1,41.43,2026-05-27T23:38:06Z,,,,,,/workspace/benchmarks/refactorbench/outputs/logs/base_single-agent_copilot_openrouter_free/celery_refactor_add-log-parameter-get-digest-algorithm_1779924803966.terminal.txt,/workspace/outputs/platform/home/.copilot/session-state/fb19ef53-8671-4fd0-92e9-797196697317/events.jsonl,/workspace/benchmarks/refactorbench/outputs/logs/base_single-agent_copilot_openrouter_free/celery_refactor_add-log-parameter-get-digest-algorithm_1779924803966.response.txt,2,5,Copilot transport failed before explicit DONE.
2026-05-27T23:42:22.356585Z,refbench,benchmark_pipeline_20260527_222354,single-agent,celery_refactor,add-log-parameter-node-format,timed_out,1,15.09,2026-05-27T23:42:22Z,,,,,,/workspace/benchmarks/refactorbench/outputs/logs/base_single-agent_copilot_openrouter_free/celery_refactor_add-log-parameter-node-format_1779925086590.terminal.txt,/workspace/outputs/platform/home/.copilot/session-state/a292f2c9-af01-44da-aad3-f610b5bc274a/events.jsonl,/workspace/benchmarks/refactorbench/outputs/logs/base_single-agent_copilot_openrouter_free/celery_refactor_add-log-parameter-node-format_1779925086590.response.txt,,3,Copilot transport failed before explicit DONE.
2026-05-27T23:46:38.571072Z,refbench,benchmark_pipeline_20260527_222354,single-agent,celery_refactor,annotation-utils,timed_out,1,15.0,2026-05-27T23:46:38Z,,,,,,/workspace/benchmarks/refactorbench/outputs/logs/base_single-agent_copilot_openrouter_free/celery_refactor_annotation-utils_1779925342895.terminal.txt,/workspace/outputs/platform/home/.copilot/session-state/40de23f7-3eb6-4af1-8bd8-768131f5ef87/events.jsonl,/workspace/benchmarks/refactorbench/outputs/logs/base_single-agent_copilot_openrouter_free/celery_refactor_annotation-utils_1779925342895.response.txt,4,8,Copilot transport failed before explicit DONE.
2026-05-28T04:10:41.063396Z,refbench,benchmark_pipeline_20260528_040832,single-agent,ansible_refactor,add-log-parameter-get-group-vars,success,0,37.58,2026-05-28T04:10:41Z,,,,,,/workspace/benchmarks/refactorbench/outputs/logs/base_single-agent_copilot_qwen_qwen3.6-flash/ansible_refactor_add-log-parameter-get-group-vars_1779941400608.terminal.txt,/workspace/outputs/platform/home/.copilot/session-state/15d927ed-82f4-4296-b8cc-421b552c2864/events.jsonl,/workspace/benchmarks/refactorbench/outputs/logs/base_single-agent_copilot_qwen_qwen3.6-flash/ansible_refactor_add-log-parameter-get-group-vars_1779941400608.response.txt,5,5,"/workspace/benchmarks/refactorbench/outputs/workspaces/ansible_refactor_add-log-parameter-get-group-vars_1779941400608/repo/lib/_refbench_ast_compat.py:2: DeprecationWarning: ast.Str is deprecated and will be removed in Python 3.14; use ast.Constant instead
  if not hasattr(ast, 'Str'): ast.Str = ast.Constant
/workspace/benchmarks/refactorbench/outputs/workspaces/ansible_refactor_add-log-parameter-get-group-vars_1779941400608/repo/lib/_refbench_ast_compat.py:3: DeprecationWarning: ast.Bytes is deprecated and will be removed in Python 3.14; use ast.Constant instead
  if not hasattr(ast, 'Bytes'): ast.Bytes = ast.Constant
/workspace/benchmarks/refactorbench/outputs/workspaces/ansible_refactor_add-log-parameter-get-group-vars_1779941400608/repo/lib/_refbench_ast_compat.py:4: DeprecationWarning: ast.Num is deprecated and will be removed in Python 3.14; use ast.Constant instead
  if not hasattr(ast, 'Num'): ast.Num = ast.Constant
/workspace/benchmarks/refactorbench/outputs/workspaces/ansible_refactor_add-log-parameter-get-group-vars_1779941400608/repo/lib/_refbench_ast_compat.py:5: DeprecationWarning: ast.NameConstant is deprecated and will be removed in Python 3.14; use ast.Constant instead
  if not hasattr(ast, 'NameConstant'): ast.NameConstant = ast.Constant
.....
----------------------------------------------------------------------
Ran 5 tests in 0.019s

OK
"
2026-05-28T04:11:51.142030Z,refbench,benchmark_pipeline_20260528_040832,single-agent,ansible_refactor,add-log-parameter-is-systemd-managed,success,0,67.08,2026-05-28T04:11:51Z,,,,,,/workspace/benchmarks/refactorbench/outputs/logs/base_single-agent_copilot_qwen_qwen3.6-flash/ansible_refactor_add-log-parameter-is-systemd-managed_1779941441140.terminal.txt,/workspace/outputs/platform/home/.copilot/session-state/4d5b387a-ab49-42da-a1c5-a785a10c3856/events.jsonl,/workspace/benchmarks/refactorbench/outputs/logs/base_single-agent_copilot_qwen_qwen3.6-flash/ansible_refactor_add-log-parameter-is-systemd-managed_1779941441140.response.txt,5,5,"/workspace/benchmarks/refactorbench/outputs/workspaces/ansible_refactor_add-log-parameter-is-systemd-managed_1779941441140/repo/lib/_refbench_ast_compat.py:2: DeprecationWarning: ast.Str is deprecated and will be removed in Python 3.14; use ast.Constant instead
  if not hasattr(ast, 'Str'): ast.Str = ast.Constant
/workspace/benchmarks/refactorbench/outputs/workspaces/ansible_refactor_add-log-parameter-is-systemd-managed_1779941441140/repo/lib/_refbench_ast_compat.py:3: DeprecationWarning: ast.Bytes is deprecated and will be removed in Python 3.14; use ast.Constant instead
  if not hasattr(ast, 'Bytes'): ast.Bytes = ast.Constant
/workspace/benchmarks/refactorbench/outputs/workspaces/ansible_refactor_add-log-parameter-is-systemd-managed_1779941441140/repo/lib/_refbench_ast_compat.py:4: DeprecationWarning: ast.Num is deprecated and will be removed in Python 3.14; use ast.Constant instead
  if not hasattr(ast, 'Num'): ast.Num = ast.Constant
/workspace/benchmarks/refactorbench/outputs/workspaces/ansible_refactor_add-log-parameter-is-systemd-managed_1779941441140/repo/lib/_refbench_ast_compat.py:5: DeprecationWarning: ast.NameConstant is deprecated and will be removed in Python 3.14; use ast.Constant instead
  if not hasattr(ast, 'NameConstant'): ast.NameConstant = ast.Constant
.....
----------------------------------------------------------------------
Ran 5 tests in 0.032s

OK
"
2026-05-28T04:13:19.409189Z,refbench,benchmark_pipeline_20260528_040832,single-agent,ansible_refactor,combine-namespace-compat,failed,0,85.37,2026-05-28T04:13:19Z,,,,,,/workspace/benchmarks/refactorbench/outputs/logs/base_single-agent_copilot_qwen_qwen3.6-flash/ansible_refactor_combine-namespace-compat_1779941511212.terminal.txt,/workspace/outputs/platform/home/.copilot/session-state/3fe9b999-e4da-49c9-aa0e-cfbe4b480923/events.jsonl,/workspace/benchmarks/refactorbench/outputs/logs/base_single-agent_copilot_qwen_qwen3.6-flash/ansible_refactor_combine-namespace-compat_1779941511212.response.txt,6,7,"/workspace/benchmarks/refactorbench/outputs/workspaces/ansible_refactor_combine-namespace-compat_1779941511212/repo/lib/_refbench_ast_compat.py:2: DeprecationWarning: ast.Str is deprecated and will be removed in Python 3.14; use ast.Constant instead
  if not hasattr(ast, 'Str'): ast.Str = ast.Constant
/workspace/benchmarks/refactorbench/outputs/workspaces/ansible_refactor_combine-namespace-compat_1779941511212/repo/lib/_refbench_ast_compat.py:3: DeprecationWarning: ast.Bytes is deprecated and will be removed in Python 3.14; use ast.Constant instead
  if not hasattr(ast, 'Bytes'): ast.Bytes = ast.Constant
/workspace/benchmarks/refactorbench/outputs/workspaces/ansible_refactor_combine-namespace-compat_1779941511212/repo/lib/_refbench_ast_compat.py:4: DeprecationWarning: ast.Num is deprecated and will be removed in Python 3.14; use ast.Constant instead
  if not hasattr(ast, 'Num'): ast.Num = ast.Constant
/workspace/benchmarks/refactorbench/outputs/workspaces/ansible_refactor_combine-namespace-compat_1779941511212/repo/lib/_refbench_ast_compat.py:5: DeprecationWarning: ast.NameConstant is deprecated and will be removed in Python 3.14; use ast.Constant instead
  if not hasattr(ast, 'NameConstant'): ast.NameConstant = ast.Constant
......F
======================================================================
FAIL: test_ns_in_test_ansible_collector (__main__.TestAnsibleImports.test_ns_in_test_ansible_collector)
----------------------------------------------------------------------
Traceback (most recent call last):
  File ""/workspace/benchmarks/refactorbench/tests/ansible_refactor/combine-namespace-compat-test.py"", line 140, in test_ns_in_test_ansible_collector
    self.assertIn(search_string, file_content, f""'{search_string}' not found in test_ansible_collector.py"")
AssertionError: ""ns = compat.PrefixFactNamespace('ansible_facts', 'ansible_')"" not found in '# -*- coding: utf-8 -*-\n#\n#\n# Ansible is free software: you can redistribute it and/or modify\n# it under the ter"
2026-05-28T04:14:13.093688Z,refbench,benchmark_pipeline_20260528_040832,single-agent,ansible_refactor,data-to-inventory-data,success,0,50.79,2026-05-28T04:14:13Z,,,,,,/workspace/benchmarks/refactorbench/outputs/logs/base_single-agent_copilot_qwen_qwen3.6-flash/ansible_refactor_data-to-inventory-data_1779941599480.terminal.txt,/workspace/outputs/platform/home/.copilot/session-state/d5ca8f18-0a72-42b5-8e2b-435281ccf277/events.jsonl,/workspace/benchmarks/refactorbench/outputs/logs/base_single-agent_copilot_qwen_qwen3.6-flash/ansible_refactor_data-to-inventory-data_1779941599480.response.txt,5,5,"/workspace/benchmarks/refactorbench/outputs/workspaces/ansible_refactor_data-to-inventory-data_1779941599480/repo/lib/_refbench_ast_compat.py:2: DeprecationWarning: ast.Str is deprecated and will be removed in Python 3.14; use ast.Constant instead
  if not hasattr(ast, 'Str'): ast.Str = ast.Constant
/workspace/benchmarks/refactorbench/outputs/workspaces/ansible_refactor_data-to-inventory-data_1779941599480/repo/lib/_refbench_ast_compat.py:3: DeprecationWarning: ast.Bytes is deprecated and will be removed in Python 3.14; use ast.Constant instead
  if not hasattr(ast, 'Bytes'): ast.Bytes = ast.Constant
/workspace/benchmarks/refactorbench/outputs/workspaces/ansible_refactor_data-to-inventory-data_1779941599480/repo/lib/_refbench_ast_compat.py:4: DeprecationWarning: ast.Num is deprecated and will be removed in Python 3.14; use ast.Constant instead
  if not hasattr(ast, 'Num'): ast.Num = ast.Constant
/workspace/benchmarks/refactorbench/outputs/workspaces/ansible_refactor_data-to-inventory-data_1779941599480/repo/lib/_refbench_ast_compat.py:5: DeprecationWarning: ast.NameConstant is deprecated and will be removed in Python 3.14; use ast.Constant instead
  if not hasattr(ast, 'NameConstant'): ast.NameConstant = ast.Constant
.....
----------------------------------------------------------------------
Ran 5 tests in 0.002s

OK
"
2026-05-28T04:15:17.224038Z,refbench,benchmark_pipeline_20260528_040832,single-agent,ansible_refactor,move-quoting-splitter,failed,0,60.85,2026-05-28T04:15:17Z,,,,,,/workspace/benchmarks/refactorbench/outputs/logs/base_single-agent_copilot_qwen_qwen3.6-flash/ansible_refactor_move-quoting-splitter_1779941653637.terminal.txt,/workspace/outputs/platform/home/.copilot/session-state/92cc6da9-c5e7-4259-b3ee-086267033683/events.jsonl,/workspace/benchmarks/refactorbench/outputs/logs/base_single-agent_copilot_qwen_qwen3.6-flash/ansible_refactor_move-quoting-splitter_1779941653637.response.txt,1,6,"/workspace/benchmarks/refactorbench/outputs/workspaces/ansible_refactor_move-quoting-splitter_1779941653637/repo/lib/_refbench_ast_compat.py:2: DeprecationWarning: ast.Str is deprecated and will be removed in Python 3.14; use ast.Constant instead
  if not hasattr(ast, 'Str'): ast.Str = ast.Constant
/workspace/benchmarks/refactorbench/outputs/workspaces/ansible_refactor_move-quoting-splitter_1779941653637/repo/lib/_refbench_ast_compat.py:3: DeprecationWarning: ast.Bytes is deprecated and will be removed in Python 3.14; use ast.Constant instead
  if not hasattr(ast, 'Bytes'): ast.Bytes = ast.Constant
/workspace/benchmarks/refactorbench/outputs/workspaces/ansible_refactor_move-quoting-splitter_1779941653637/repo/lib/_refbench_ast_compat.py:4: DeprecationWarning: ast.Num is deprecated and will be removed in Python 3.14; use ast.Constant instead
  if not hasattr(ast, 'Num'): ast.Num = ast.Constant
/workspace/benchmarks/refactorbench/outputs/workspaces/ansible_refactor_move-quoting-splitter_1779941653637/repo/lib/_refbench_ast_compat.py:5: DeprecationWarning: ast.NameConstant is deprecated and will be removed in Python 3.14; use ast.Constant instead
  if not hasattr(ast, 'NameConstant'): ast.NameConstant = ast.Constant
FFFF.F
======================================================================
FAIL: test_config_imports_unquote (__main__.TestAnsibleImports.test_config_imports_unquote)
----------------------------------------------------------------------
Traceback (most recent call last):
  File ""/workspace/benchmarks/refactorbench/tests/ansible_refactor/move-quoting-splitter-test.py"", line 26, in test_config_imports_unquote
    self.assertTrue(unquote_imported, ""'is_quoted' not imported from 'ansible.parsing.splitter' in config.py"")
AssertionError: False is not true : 'is_quoted' not imported from 'ansible.parsing.splitter' in config.py

======================================================================
FAIL: test_dataloader_imports_unquote (__main__.TestAnsibleImpo"
2026-05-28T04:16:57.821728Z,refbench,benchmark_pipeline_20260528_040832,single-agent,ansible_refactor,new-inventory-patterns,success,0,97.27,2026-05-28T04:16:57Z,,,,,,/workspace/benchmarks/refactorbench/outputs/logs/base_single-agent_copilot_qwen_qwen3.6-flash/ansible_refactor_new-inventory-patterns_1779941717750.terminal.txt,/workspace/outputs/platform/home/.copilot/session-state/21b6ccb6-a093-4d36-bfca-41e2b4203ac1/events.jsonl,/workspace/benchmarks/refactorbench/outputs/logs/base_single-agent_copilot_qwen_qwen3.6-flash/ansible_refactor_new-inventory-patterns_1779941717750.response.txt,9,9,"/workspace/benchmarks/refactorbench/outputs/workspaces/ansible_refactor_new-inventory-patterns_1779941717750/repo/lib/_refbench_ast_compat.py:2: DeprecationWarning: ast.Str is deprecated and will be removed in Python 3.14; use ast.Constant instead
  if not hasattr(ast, 'Str'): ast.Str = ast.Constant
/workspace/benchmarks/refactorbench/outputs/workspaces/ansible_refactor_new-inventory-patterns_1779941717750/repo/lib/_refbench_ast_compat.py:3: DeprecationWarning: ast.Bytes is deprecated and will be removed in Python 3.14; use ast.Constant instead
  if not hasattr(ast, 'Bytes'): ast.Bytes = ast.Constant
/workspace/benchmarks/refactorbench/outputs/workspaces/ansible_refactor_new-inventory-patterns_1779941717750/repo/lib/_refbench_ast_compat.py:4: DeprecationWarning: ast.Num is deprecated and will be removed in Python 3.14; use ast.Constant instead
  if not hasattr(ast, 'Num'): ast.Num = ast.Constant
/workspace/benchmarks/refactorbench/outputs/workspaces/ansible_refactor_new-inventory-patterns_1779941717750/repo/lib/_refbench_ast_compat.py:5: DeprecationWarning: ast.NameConstant is deprecated and will be removed in Python 3.14; use ast.Constant instead
  if not hasattr(ast, 'NameConstant'): ast.NameConstant = ast.Constant
.........
----------------------------------------------------------------------
Ran 9 tests in 0.015s

OK
"
2026-05-28T04:18:22.269551Z,refbench,benchmark_pipeline_20260528_040832,single-agent,ansible_refactor,new-utils-class-connection,timed_out,1,81.12,2026-05-28T04:18:22Z,,,,,,/workspace/benchmarks/refactorbench/outputs/logs/base_single-agent_copilot_qwen_qwen3.6-flash/ansible_refactor_new-utils-class-connection_1779941818345.terminal.txt,/workspace/outputs/platform/home/.copilot/session-state/b8a8111b-db39-46d4-b89d-8fe7481ce6e6/events.jsonl,/workspace/benchmarks/refactorbench/outputs/logs/base_single-agent_copilot_qwen_qwen3.6-flash/ansible_refactor_new-utils-class-connection_1779941818345.response.txt,,7,No repository changes detected from Copilot response.
2026-05-28T04:21:44.369182Z,refbench,benchmark_pipeline_20260528_040832,single-agent,ansible_refactor,new-utils-from-basic,failed,0,198.77,2026-05-28T04:21:44Z,,,,,,/workspace/benchmarks/refactorbench/outputs/logs/base_single-agent_copilot_qwen_qwen3.6-flash/ansible_refactor_new-utils-from-basic_1779941902815.terminal.txt,/workspace/outputs/platform/home/.copilot/session-state/936b356f-b4a7-481c-b522-70029ec5fe7c/events.jsonl,/workspace/benchmarks/refactorbench/outputs/logs/base_single-agent_copilot_qwen_qwen3.6-flash/ansible_refactor_new-utils-from-basic_1779941902815.response.txt,,12,"/workspace/benchmarks/refactorbench/outputs/workspaces/ansible_refactor_new-utils-from-basic_1779941902815/repo/lib/_refbench_ast_compat.py:2: DeprecationWarning: ast.Str is deprecated and will be removed in Python 3.14; use ast.Constant instead
  if not hasattr(ast, 'Str'): ast.Str = ast.Constant
/workspace/benchmarks/refactorbench/outputs/workspaces/ansible_refactor_new-utils-from-basic_1779941902815/repo/lib/_refbench_ast_compat.py:3: DeprecationWarning: ast.Bytes is deprecated and will be removed in Python 3.14; use ast.Constant instead
  if not hasattr(ast, 'Bytes'): ast.Bytes = ast.Constant
/workspace/benchmarks/refactorbench/outputs/workspaces/ansible_refactor_new-utils-from-basic_1779941902815/repo/lib/_refbench_ast_compat.py:4: DeprecationWarning: ast.Num is deprecated and will be removed in Python 3.14; use ast.Constant instead
  if not hasattr(ast, 'Num'): ast.Num = ast.Constant
/workspace/benchmarks/refactorbench/outputs/workspaces/ansible_refactor_new-utils-from-basic_1779941902815/repo/lib/_refbench_ast_compat.py:5: DeprecationWarning: ast.NameConstant is deprecated and will be removed in Python 3.14; use ast.Constant instead
  if not hasattr(ast, 'NameConstant'): ast.NameConstant = ast.Constant
FFFFFFFFFFFF
======================================================================
FAIL: test_heuristic_log_sanitize_assignment_in_test_heuristic_log_sanitize (__main__.TestAnsibleImports.test_heuristic_log_sanitize_assignment_in_test_heuristic_log_sanitize)
----------------------------------------------------------------------
Traceback (most recent call last):
  File ""/workspace/benchmarks/refactorbench/tests/ansible_refactor/new-utils-from-basic-test.py"", line 194, in test_heuristic_log_sanitize_assignment_in_test_heuristic_log_sanitize
    self.assertTrue(assignment_found, ""Assignment 'heuristic_log_sanitize = utils.heuristic_log_sanitize' not found in test_heuristic_log_sanitize.py"")
AssertionError: False is not true : Assignment 'heuristic_log_sanitize ="
2026-05-28T04:23:09.237758Z,refbench,benchmark_pipeline_20260528_040832,single-agent,ansible_refactor,parse_key_value,success,0,81.46,2026-05-28T04:23:09Z,,,,,,/workspace/benchmarks/refactorbench/outputs/logs/base_single-agent_copilot_qwen_qwen3.6-flash/ansible_refactor_parse_key_value_1779942104902.terminal.txt,/workspace/outputs/platform/home/.copilot/session-state/820eebad-3c1d-43a8-a744-4774f6304784/events.jsonl,/workspace/benchmarks/refactorbench/outputs/logs/base_single-agent_copilot_qwen_qwen3.6-flash/ansible_refactor_parse_key_value_1779942104902.response.txt,21,21,"/workspace/benchmarks/refactorbench/outputs/workspaces/ansible_refactor_parse_key_value_1779942104902/repo/lib/_refbench_ast_compat.py:2: DeprecationWarning: ast.Str is deprecated and will be removed in Python 3.14; use ast.Constant instead
  if not hasattr(ast, 'Str'): ast.Str = ast.Constant
/workspace/benchmarks/refactorbench/outputs/workspaces/ansible_refactor_parse_key_value_1779942104902/repo/lib/_refbench_ast_compat.py:3: DeprecationWarning: ast.Bytes is deprecated and will be removed in Python 3.14; use ast.Constant instead
  if not hasattr(ast, 'Bytes'): ast.Bytes = ast.Constant
/workspace/benchmarks/refactorbench/outputs/workspaces/ansible_refactor_parse_key_value_1779942104902/repo/lib/_refbench_ast_compat.py:4: DeprecationWarning: ast.Num is deprecated and will be removed in Python 3.14; use ast.Constant instead
  if not hasattr(ast, 'Num'): ast.Num = ast.Constant
/workspace/benchmarks/refactorbench/outputs/workspaces/ansible_refactor_parse_key_value_1779942104902/repo/lib/_refbench_ast_compat.py:5: DeprecationWarning: ast.NameConstant is deprecated and will be removed in Python 3.14; use ast.Constant instead
  if not hasattr(ast, 'NameConstant'): ast.NameConstant = ast.Constant
.....................
----------------------------------------------------------------------
Ran 21 tests in 0.053s

OK
"
2026-05-28T04:23:57.072625Z,refbench,benchmark_pipeline_20260528_040832,single-agent,ansible_refactor,rename-lenient-lowercase,success,0,44.41,2026-05-28T04:23:57Z,,,,,,/workspace/benchmarks/refactorbench/outputs/logs/base_single-agent_copilot_qwen_qwen3.6-flash/ansible_refactor_rename-lenient-lowercase_1779942189758.terminal.txt,/workspace/outputs/platform/home/.copilot/session-state/fd2e127e-bfd0-438f-a595-2defa835ab20/events.jsonl,/workspace/benchmarks/refactorbench/outputs/logs/base_single-agent_copilot_qwen_qwen3.6-flash/ansible_refactor_rename-lenient-lowercase_1779942189758.response.txt,4,4,"/workspace/benchmarks/refactorbench/outputs/workspaces/ansible_refactor_rename-lenient-lowercase_1779942189758/repo/lib/_refbench_ast_compat.py:2: DeprecationWarning: ast.Str is deprecated and will be removed in Python 3.14; use ast.Constant instead
  if not hasattr(ast, 'Str'): ast.Str = ast.Constant
/workspace/benchmarks/refactorbench/outputs/workspaces/ansible_refactor_rename-lenient-lowercase_1779942189758/repo/lib/_refbench_ast_compat.py:3: DeprecationWarning: ast.Bytes is deprecated and will be removed in Python 3.14; use ast.Constant instead
  if not hasattr(ast, 'Bytes'): ast.Bytes = ast.Constant
/workspace/benchmarks/refactorbench/outputs/workspaces/ansible_refactor_rename-lenient-lowercase_1779942189758/repo/lib/_refbench_ast_compat.py:4: DeprecationWarning: ast.Num is deprecated and will be removed in Python 3.14; use ast.Constant instead
  if not hasattr(ast, 'Num'): ast.Num = ast.Constant
/workspace/benchmarks/refactorbench/outputs/workspaces/ansible_refactor_rename-lenient-lowercase_1779942189758/repo/lib/_refbench_ast_compat.py:5: DeprecationWarning: ast.NameConstant is deprecated and will be removed in Python 3.14; use ast.Constant instead
  if not hasattr(ast, 'NameConstant'): ast.NameConstant = ast.Constant
....
----------------------------------------------------------------------
Ran 4 tests in 0.026s

OK
"
2026-05-28T04:24:41.084808Z,refbench,benchmark_pipeline_20260528_040832,single-agent,ansible_refactor,sort-groups-to-group-sort,success,0,40.61,2026-05-28T04:24:41Z,,,,,,/workspace/benchmarks/refactorbench/outputs/logs/base_single-agent_copilot_qwen_qwen3.6-flash/ansible_refactor_sort-groups-to-group-sort_1779942237607.terminal.txt,/workspace/outputs/platform/home/.copilot/session-state/c62b0fe7-39c4-4cd9-8553-ab537f5be695/events.jsonl,/workspace/benchmarks/refactorbench/outputs/logs/base_single-agent_copilot_qwen_qwen3.6-flash/ansible_refactor_sort-groups-to-group-sort_1779942237607.response.txt,4,4,"/workspace/benchmarks/refactorbench/outputs/workspaces/ansible_refactor_sort-groups-to-group-sort_1779942237607/repo/lib/_refbench_ast_compat.py:2: DeprecationWarning: ast.Str is deprecated and will be removed in Python 3.14; use ast.Constant instead
  if not hasattr(ast, 'Str'): ast.Str = ast.Constant
/workspace/benchmarks/refactorbench/outputs/workspaces/ansible_refactor_sort-groups-to-group-sort_1779942237607/repo/lib/_refbench_ast_compat.py:3: DeprecationWarning: ast.Bytes is deprecated and will be removed in Python 3.14; use ast.Constant instead
  if not hasattr(ast, 'Bytes'): ast.Bytes = ast.Constant
/workspace/benchmarks/refactorbench/outputs/workspaces/ansible_refactor_sort-groups-to-group-sort_1779942237607/repo/lib/_refbench_ast_compat.py:4: DeprecationWarning: ast.Num is deprecated and will be removed in Python 3.14; use ast.Constant instead
  if not hasattr(ast, 'Num'): ast.Num = ast.Constant
/workspace/benchmarks/refactorbench/outputs/workspaces/ansible_refactor_sort-groups-to-group-sort_1779942237607/repo/lib/_refbench_ast_compat.py:5: DeprecationWarning: ast.NameConstant is deprecated and will be removed in Python 3.14; use ast.Constant instead
  if not hasattr(ast, 'NameConstant'): ast.NameConstant = ast.Constant
....
----------------------------------------------------------------------
Ran 4 tests in 0.017s

OK
"
2026-05-28T04:25:22.119416Z,refbench,benchmark_pipeline_20260528_040832,single-agent,celery_refactor,add-log-parameter-get-digest-algorithm,success,0,39.79,2026-05-28T04:25:22Z,,,,,,/workspace/benchmarks/refactorbench/outputs/logs/base_single-agent_copilot_qwen_qwen3.6-flash/celery_refactor_add-log-parameter-get-digest-algorithm_1779942281616.terminal.txt,/workspace/outputs/platform/home/.copilot/session-state/23332a7e-f987-4689-acff-0cd406a9c253/events.jsonl,/workspace/benchmarks/refactorbench/outputs/logs/base_single-agent_copilot_qwen_qwen3.6-flash/celery_refactor_add-log-parameter-get-digest-algorithm_1779942281616.response.txt,5,5,"/workspace/benchmarks/refactorbench/outputs/workspaces/celery_refactor_add-log-parameter-get-digest-algorithm_1779942281616/repo/celery/_refbench_ast_compat.py:2: DeprecationWarning: ast.Str is deprecated and will be removed in Python 3.14; use ast.Constant instead
  if not hasattr(ast, 'Str'): ast.Str = ast.Constant
/workspace/benchmarks/refactorbench/outputs/workspaces/celery_refactor_add-log-parameter-get-digest-algorithm_1779942281616/repo/celery/_refbench_ast_compat.py:3: DeprecationWarning: ast.Bytes is deprecated and will be removed in Python 3.14; use ast.Constant instead
  if not hasattr(ast, 'Bytes'): ast.Bytes = ast.Constant
/workspace/benchmarks/refactorbench/outputs/workspaces/celery_refactor_add-log-parameter-get-digest-algorithm_1779942281616/repo/celery/_refbench_ast_compat.py:4: DeprecationWarning: ast.Num is deprecated and will be removed in Python 3.14; use ast.Constant instead
  if not hasattr(ast, 'Num'): ast.Num = ast.Constant
/workspace/benchmarks/refactorbench/outputs/workspaces/celery_refactor_add-log-parameter-get-digest-algorithm_1779942281616/repo/celery/_refbench_ast_compat.py:5: DeprecationWarning: ast.NameConstant is deprecated and will be removed in Python 3.14; use ast.Constant instead
  if not hasattr(ast, 'NameConstant'): ast.NameConstant = ast.Constant
.....
----------------------------------------------------------------------
Ran 5 tests in 0.003s

OK
"
2026-05-28T04:26:13.417610Z,refbench,benchmark_pipeline_20260528_040832,single-agent,celery_refactor,add-log-parameter-node-format,success,0,50.1,2026-05-28T04:26:13Z,,,,,,/workspace/benchmarks/refactorbench/outputs/logs/base_single-agent_copilot_qwen_qwen3.6-flash/celery_refactor_add-log-parameter-node-format_1779942322651.terminal.txt,/workspace/outputs/platform/home/.copilot/session-state/124e9929-56a0-4412-8258-72b37108ec85/events.jsonl,/workspace/benchmarks/refactorbench/outputs/logs/base_single-agent_copilot_qwen_qwen3.6-flash/celery_refactor_add-log-parameter-node-format_1779942322651.response.txt,3,3,"/workspace/benchmarks/refactorbench/outputs/workspaces/celery_refactor_add-log-parameter-node-format_1779942322651/repo/celery/_refbench_ast_compat.py:2: DeprecationWarning: ast.Str is deprecated and will be removed in Python 3.14; use ast.Constant instead
  if not hasattr(ast, 'Str'): ast.Str = ast.Constant
/workspace/benchmarks/refactorbench/outputs/workspaces/celery_refactor_add-log-parameter-node-format_1779942322651/repo/celery/_refbench_ast_compat.py:3: DeprecationWarning: ast.Bytes is deprecated and will be removed in Python 3.14; use ast.Constant instead
  if not hasattr(ast, 'Bytes'): ast.Bytes = ast.Constant
/workspace/benchmarks/refactorbench/outputs/workspaces/celery_refactor_add-log-parameter-node-format_1779942322651/repo/celery/_refbench_ast_compat.py:4: DeprecationWarning: ast.Num is deprecated and will be removed in Python 3.14; use ast.Constant instead
  if not hasattr(ast, 'Num'): ast.Num = ast.Constant
/workspace/benchmarks/refactorbench/outputs/workspaces/celery_refactor_add-log-parameter-node-format_1779942322651/repo/celery/_refbench_ast_compat.py:5: DeprecationWarning: ast.NameConstant is deprecated and will be removed in Python 3.14; use ast.Constant instead
  if not hasattr(ast, 'NameConstant'): ast.NameConstant = ast.Constant
...
----------------------------------------------------------------------
Ran 3 tests in 0.007s

OK
"
2026-05-28T04:27:12.697093Z,refbench,benchmark_pipeline_20260528_040832,single-agent,celery_refactor,annotation-utils,failed,0,58.06,2026-05-28T04:27:12Z,,,,,,/workspace/benchmarks/refactorbench/outputs/logs/base_single-agent_copilot_qwen_qwen3.6-flash/celery_refactor_annotation-utils_1779942373968.terminal.txt,/workspace/outputs/platform/home/.copilot/session-state/befa1601-f765-469e-a615-b426fe83bb4f/events.jsonl,/workspace/benchmarks/refactorbench/outputs/logs/base_single-agent_copilot_qwen_qwen3.6-flash/celery_refactor_annotation-utils_1779942373968.response.txt,5,8,"/workspace/benchmarks/refactorbench/outputs/workspaces/celery_refactor_annotation-utils_1779942373968/repo/celery/_refbench_ast_compat.py:2: DeprecationWarning: ast.Str is deprecated and will be removed in Python 3.14; use ast.Constant instead
  if not hasattr(ast, 'Str'): ast.Str = ast.Constant
/workspace/benchmarks/refactorbench/outputs/workspaces/celery_refactor_annotation-utils_1779942373968/repo/celery/_refbench_ast_compat.py:3: DeprecationWarning: ast.Bytes is deprecated and will be removed in Python 3.14; use ast.Constant instead
  if not hasattr(ast, 'Bytes'): ast.Bytes = ast.Constant
/workspace/benchmarks/refactorbench/outputs/workspaces/celery_refactor_annotation-utils_1779942373968/repo/celery/_refbench_ast_compat.py:4: DeprecationWarning: ast.Num is deprecated and will be removed in Python 3.14; use ast.Constant instead
  if not hasattr(ast, 'Num'): ast.Num = ast.Constant
/workspace/benchmarks/refactorbench/outputs/workspaces/celery_refactor_annotation-utils_1779942373968/repo/celery/_refbench_ast_compat.py:5: DeprecationWarning: ast.NameConstant is deprecated and will be removed in Python 3.14; use ast.Constant instead
  if not hasattr(ast, 'NameConstant'): ast.NameConstant = ast.Constant
/workspace/benchmarks/refactorbench/tests/celery_refactor/annotation-utils-test.py:93: DeprecationWarning: ast.Str is deprecated and will be removed in Python 3.14; use ast.Constant instead
  elements = {element.s for element in node.value.elts if isinstance(element, ast.Str)}
/workspace/benchmarks/refactorbench/tests/celery_refactor/annotation-utils-test.py:93: DeprecationWarning: Attribute s is deprecated and will be removed in Python 3.14; use value instead
  elements = {element.s for element in node.value.elts if isinstance(element, ast.Str)}
..FF...F
======================================================================
FAIL: test_first_match_and_first_match_any_assignments (__main__.TestCeleryAnnotationsUtils.test_first_match_and_first_match_any_assignments)
----"
2026-05-28T04:28:46.396678Z,refbench,benchmark_pipeline_20260528_040832,single-agent,celery_refactor,autoretry-to-retry,failed,0,92.47,2026-05-28T04:28:46Z,,,,,,/workspace/benchmarks/refactorbench/outputs/logs/base_single-agent_copilot_qwen_qwen3.6-flash/celery_refactor_autoretry-to-retry_1779942433234.terminal.txt,/workspace/outputs/platform/home/.copilot/session-state/8e0042c2-c4f1-4441-9230-e102baacfc69/events.jsonl,/workspace/benchmarks/refactorbench/outputs/logs/base_single-agent_copilot_qwen_qwen3.6-flash/celery_refactor_autoretry-to-retry_1779942433234.response.txt,6,7,"/workspace/benchmarks/refactorbench/outputs/workspaces/celery_refactor_autoretry-to-retry_1779942433234/repo/celery/_refbench_ast_compat.py:2: DeprecationWarning: ast.Str is deprecated and will be removed in Python 3.14; use ast.Constant instead
  if not hasattr(ast, 'Str'): ast.Str = ast.Constant
/workspace/benchmarks/refactorbench/outputs/workspaces/celery_refactor_autoretry-to-retry_1779942433234/repo/celery/_refbench_ast_compat.py:3: DeprecationWarning: ast.Bytes is deprecated and will be removed in Python 3.14; use ast.Constant instead
  if not hasattr(ast, 'Bytes'): ast.Bytes = ast.Constant
/workspace/benchmarks/refactorbench/outputs/workspaces/celery_refactor_autoretry-to-retry_1779942433234/repo/celery/_refbench_ast_compat.py:4: DeprecationWarning: ast.Num is deprecated and will be removed in Python 3.14; use ast.Constant instead
  if not hasattr(ast, 'Num'): ast.Num = ast.Constant
/workspace/benchmarks/refactorbench/outputs/workspaces/celery_refactor_autoretry-to-retry_1779942433234/repo/celery/_refbench_ast_compat.py:5: DeprecationWarning: ast.NameConstant is deprecated and will be removed in Python 3.14; use ast.Constant instead
  if not hasattr(ast, 'NameConstant'): ast.NameConstant = ast.Constant
F......
======================================================================
FAIL: test_autoretry_file_does_not_exist (__main__.TestCeleryRetryDocumentation.test_autoretry_file_does_not_exist)
----------------------------------------------------------------------
Traceback (most recent call last):
  File ""/workspace/benchmarks/refactorbench/tests/celery_refactor/autoretry-to-retry-test.py"", line 13, in test_autoretry_file_does_not_exist
    self.assertFalse(os.path.exists(file_path), f""{file_path} should not exist"")
AssertionError: True is not false : ../celery/app/autoretry.py should not exist

----------------------------------------------------------------------
Ran 7 tests in 0.007s

FAILED (failures=1)
"
2026-05-28T04:29:41.693063Z,refbench,benchmark_pipeline_20260528_040832,single-agent,celery_refactor,combine-unpickle-task,failed,0,54.06,2026-05-28T04:29:41Z,,,,,,/workspace/benchmarks/refactorbench/outputs/logs/base_single-agent_copilot_qwen_qwen3.6-flash/celery_refactor_combine-unpickle-task_1779942526944.terminal.txt,/workspace/outputs/platform/home/.copilot/session-state/27f7880c-7a68-41af-a9f3-7f859150e477/events.jsonl,/workspace/benchmarks/refactorbench/outputs/logs/base_single-agent_copilot_qwen_qwen3.6-flash/celery_refactor_combine-unpickle-task_1779942526944.response.txt,5,6,"/workspace/benchmarks/refactorbench/outputs/workspaces/celery_refactor_combine-unpickle-task_1779942526944/repo/celery/_refbench_ast_compat.py:2: DeprecationWarning: ast.Str is deprecated and will be removed in Python 3.14; use ast.Constant instead
  if not hasattr(ast, 'Str'): ast.Str = ast.Constant
/workspace/benchmarks/refactorbench/outputs/workspaces/celery_refactor_combine-unpickle-task_1779942526944/repo/celery/_refbench_ast_compat.py:3: DeprecationWarning: ast.Bytes is deprecated and will be removed in Python 3.14; use ast.Constant instead
  if not hasattr(ast, 'Bytes'): ast.Bytes = ast.Constant
/workspace/benchmarks/refactorbench/outputs/workspaces/celery_refactor_combine-unpickle-task_1779942526944/repo/celery/_refbench_ast_compat.py:4: DeprecationWarning: ast.Num is deprecated and will be removed in Python 3.14; use ast.Constant instead
  if not hasattr(ast, 'Num'): ast.Num = ast.Constant
/workspace/benchmarks/refactorbench/outputs/workspaces/celery_refactor_combine-unpickle-task_1779942526944/repo/celery/_refbench_ast_compat.py:5: DeprecationWarning: ast.NameConstant is deprecated and will be removed in Python 3.14; use ast.Constant instead
  if not hasattr(ast, 'NameConstant'): ast.NameConstant = ast.Constant
.F....
======================================================================
FAIL: test_function_test_unpickle_exists_in_test_unpickle_test (__main__.TestCeleryRegistry.test_function_test_unpickle_exists_in_test_unpickle_test)
----------------------------------------------------------------------
Traceback (most recent call last):
  File ""/workspace/benchmarks/refactorbench/tests/celery_refactor/combine-unpickle-task-test.py"", line 134, in test_function_test_unpickle_exists_in_test_unpickle_test
    self.assertTrue(test_unpickle_function_found, ""Function 'test_unpickle' not found in class 'TestUnpickleTest' in test_registry.py"")
AssertionError: False is not true : Function 'test_unpickle' not found in class 'TestUnpickleTest' in test_registry.py

-"
2026-05-28T04:31:41.869428Z,refbench,benchmark_pipeline_20260528_040832,single-agent,celery_refactor,dump-message-to-serialization,success,0,118.89,2026-05-28T04:31:41Z,,,,,,/workspace/benchmarks/refactorbench/outputs/logs/base_single-agent_copilot_qwen_qwen3.6-flash/celery_refactor_dump-message-to-serialization_1779942582225.terminal.txt,/workspace/outputs/platform/home/.copilot/session-state/0de5f077-2755-45ec-b007-8cf6e9f94913/events.jsonl,/workspace/benchmarks/refactorbench/outputs/logs/base_single-agent_copilot_qwen_qwen3.6-flash/celery_refactor_dump-message-to-serialization_1779942582225.response.txt,3,3,"/workspace/benchmarks/refactorbench/outputs/workspaces/celery_refactor_dump-message-to-serialization_1779942582225/repo/celery/_refbench_ast_compat.py:2: DeprecationWarning: ast.Str is deprecated and will be removed in Python 3.14; use ast.Constant instead
  if not hasattr(ast, 'Str'): ast.Str = ast.Constant
/workspace/benchmarks/refactorbench/outputs/workspaces/celery_refactor_dump-message-to-serialization_1779942582225/repo/celery/_refbench_ast_compat.py:3: DeprecationWarning: ast.Bytes is deprecated and will be removed in Python 3.14; use ast.Constant instead
  if not hasattr(ast, 'Bytes'): ast.Bytes = ast.Constant
/workspace/benchmarks/refactorbench/outputs/workspaces/celery_refactor_dump-message-to-serialization_1779942582225/repo/celery/_refbench_ast_compat.py:4: DeprecationWarning: ast.Num is deprecated and will be removed in Python 3.14; use ast.Constant instead
  if not hasattr(ast, 'Num'): ast.Num = ast.Constant
/workspace/benchmarks/refactorbench/outputs/workspaces/celery_refactor_dump-message-to-serialization_1779942582225/repo/celery/_refbench_ast_compat.py:5: DeprecationWarning: ast.NameConstant is deprecated and will be removed in Python 3.14; use ast.Constant instead
  if not hasattr(ast, 'NameConstant'): ast.NameConstant = ast.Constant
...
----------------------------------------------------------------------
Ran 3 tests in 0.007s

OK
"
2026-05-28T04:33:17.433754Z,refbench,benchmark_pipeline_20260528_040832,single-agent,celery_refactor,ensure_serialize,success,0,94.75,2026-05-28T04:33:17Z,,,,,,/workspace/benchmarks/refactorbench/outputs/logs/base_single-agent_copilot_qwen_qwen3.6-flash/celery_refactor_ensure_serialize_1779942701945.terminal.txt,/workspace/outputs/platform/home/.copilot/session-state/f72fe93f-17fe-4e74-aca4-995a82461a1e/events.jsonl,/workspace/benchmarks/refactorbench/outputs/logs/base_single-agent_copilot_qwen_qwen3.6-flash/celery_refactor_ensure_serialize_1779942701945.response.txt,9,9,"/workspace/benchmarks/refactorbench/outputs/workspaces/celery_refactor_ensure_serialize_1779942701945/repo/celery/_refbench_ast_compat.py:2: DeprecationWarning: ast.Str is deprecated and will be removed in Python 3.14; use ast.Constant instead
  if not hasattr(ast, 'Str'): ast.Str = ast.Constant
/workspace/benchmarks/refactorbench/outputs/workspaces/celery_refactor_ensure_serialize_1779942701945/repo/celery/_refbench_ast_compat.py:3: DeprecationWarning: ast.Bytes is deprecated and will be removed in Python 3.14; use ast.Constant instead
  if not hasattr(ast, 'Bytes'): ast.Bytes = ast.Constant
/workspace/benchmarks/refactorbench/outputs/workspaces/celery_refactor_ensure_serialize_1779942701945/repo/celery/_refbench_ast_compat.py:4: DeprecationWarning: ast.Num is deprecated and will be removed in Python 3.14; use ast.Constant instead
  if not hasattr(ast, 'Num'): ast.Num = ast.Constant
/workspace/benchmarks/refactorbench/outputs/workspaces/celery_refactor_ensure_serialize_1779942701945/repo/celery/_refbench_ast_compat.py:5: DeprecationWarning: ast.NameConstant is deprecated and will be removed in Python 3.14; use ast.Constant instead
  if not hasattr(ast, 'NameConstant'): ast.NameConstant = ast.Constant
.........
----------------------------------------------------------------------
Ran 9 tests in 0.037s

OK
"
2026-05-28T04:34:12.319348Z,refbench,benchmark_pipeline_20260528_040832,single-agent,celery_refactor,evaluate-promises-to-serialization,success,0,54.1,2026-05-28T04:34:12Z,,,,,,/workspace/benchmarks/refactorbench/outputs/logs/base_single-agent_copilot_qwen_qwen3.6-flash/celery_refactor_evaluate-promises-to-serialization_1779942797507.terminal.txt,/workspace/outputs/platform/home/.copilot/session-state/8dd512e9-4dc9-429f-8020-d4f6b8b44a67/events.jsonl,/workspace/benchmarks/refactorbench/outputs/logs/base_single-agent_copilot_qwen_qwen3.6-flash/celery_refactor_evaluate-promises-to-serialization_1779942797507.response.txt,4,4,"/workspace/benchmarks/refactorbench/outputs/workspaces/celery_refactor_evaluate-promises-to-serialization_1779942797507/repo/celery/_refbench_ast_compat.py:2: DeprecationWarning: ast.Str is deprecated and will be removed in Python 3.14; use ast.Constant instead
  if not hasattr(ast, 'Str'): ast.Str = ast.Constant
/workspace/benchmarks/refactorbench/outputs/workspaces/celery_refactor_evaluate-promises-to-serialization_1779942797507/repo/celery/_refbench_ast_compat.py:3: DeprecationWarning: ast.Bytes is deprecated and will be removed in Python 3.14; use ast.Constant instead
  if not hasattr(ast, 'Bytes'): ast.Bytes = ast.Constant
/workspace/benchmarks/refactorbench/outputs/workspaces/celery_refactor_evaluate-promises-to-serialization_1779942797507/repo/celery/_refbench_ast_compat.py:4: DeprecationWarning: ast.Num is deprecated and will be removed in Python 3.14; use ast.Constant instead
  if not hasattr(ast, 'Num'): ast.Num = ast.Constant
/workspace/benchmarks/refactorbench/outputs/workspaces/celery_refactor_evaluate-promises-to-serialization_1779942797507/repo/celery/_refbench_ast_compat.py:5: DeprecationWarning: ast.NameConstant is deprecated and will be removed in Python 3.14; use ast.Constant instead
  if not hasattr(ast, 'NameConstant'): ast.NameConstant = ast.Constant
....
----------------------------------------------------------------------
Ran 4 tests in 0.006s

OK
"
2026-05-28T04:35:21.426399Z,refbench,benchmark_pipeline_20260528_040832,single-agent,celery_refactor,expand-router-string-to-utils,failed,0,68.33,2026-05-28T04:35:21Z,,,,,,/workspace/benchmarks/refactorbench/outputs/logs/base_single-agent_copilot_qwen_qwen3.6-flash/celery_refactor_expand-router-string-to-utils_1779942852396.terminal.txt,/workspace/outputs/platform/home/.copilot/session-state/3d0b096e-6290-4e2c-805c-c6d96cfabe8d/events.jsonl,/workspace/benchmarks/refactorbench/outputs/logs/base_single-agent_copilot_qwen_qwen3.6-flash/celery_refactor_expand-router-string-to-utils_1779942852396.response.txt,3,4,"/workspace/benchmarks/refactorbench/outputs/workspaces/celery_refactor_expand-router-string-to-utils_1779942852396/repo/celery/_refbench_ast_compat.py:2: DeprecationWarning: ast.Str is deprecated and will be removed in Python 3.14; use ast.Constant instead
  if not hasattr(ast, 'Str'): ast.Str = ast.Constant
/workspace/benchmarks/refactorbench/outputs/workspaces/celery_refactor_expand-router-string-to-utils_1779942852396/repo/celery/_refbench_ast_compat.py:3: DeprecationWarning: ast.Bytes is deprecated and will be removed in Python 3.14; use ast.Constant instead
  if not hasattr(ast, 'Bytes'): ast.Bytes = ast.Constant
/workspace/benchmarks/refactorbench/outputs/workspaces/celery_refactor_expand-router-string-to-utils_1779942852396/repo/celery/_refbench_ast_compat.py:4: DeprecationWarning: ast.Num is deprecated and will be removed in Python 3.14; use ast.Constant instead
  if not hasattr(ast, 'Num'): ast.Num = ast.Constant
/workspace/benchmarks/refactorbench/outputs/workspaces/celery_refactor_expand-router-string-to-utils_1779942852396/repo/celery/_refbench_ast_compat.py:5: DeprecationWarning: ast.NameConstant is deprecated and will be removed in Python 3.14; use ast.Constant instead
  if not hasattr(ast, 'NameConstant'): ast.NameConstant = ast.Constant
./workspace/benchmarks/refactorbench/tests/celery_refactor/expand-router-string-to-utils-test.py:62: DeprecationWarning: ast.Str is deprecated and will be removed in Python 3.14; use ast.Constant instead
  all_elements = {elt.s for elt in all_declaration.value.elts if isinstance(elt, ast.Str)}
/workspace/benchmarks/refactorbench/tests/celery_refactor/expand-router-string-to-utils-test.py:62: DeprecationWarning: Attribute s is deprecated and will be removed in Python 3.14; use value instead
  all_elements = {elt.s for elt in all_declaration.value.elts if isinstance(elt, ast.Str)}
.F.
======================================================================
FAIL: test_import_expand_router_string_in_routes (__main__.TestCel"
2026-05-28T04:36:14.306540Z,refbench,benchmark_pipeline_20260528_040832,single-agent,celery_refactor,object-mro-lookup,success,0,52.04,2026-05-28T04:36:14Z,,,,,,/workspace/benchmarks/refactorbench/outputs/logs/base_single-agent_copilot_qwen_qwen3.6-flash/celery_refactor_object-mro-lookup_1779942921503.terminal.txt,/workspace/outputs/platform/home/.copilot/session-state/4dd1cad0-61e8-4b2b-916d-a34631bad42f/events.jsonl,/workspace/benchmarks/refactorbench/outputs/logs/base_single-agent_copilot_qwen_qwen3.6-flash/celery_refactor_object-mro-lookup_1779942921503.response.txt,3,3,"/workspace/benchmarks/refactorbench/outputs/workspaces/celery_refactor_object-mro-lookup_1779942921503/repo/celery/_refbench_ast_compat.py:2: DeprecationWarning: ast.Str is deprecated and will be removed in Python 3.14; use ast.Constant instead
  if not hasattr(ast, 'Str'): ast.Str = ast.Constant
/workspace/benchmarks/refactorbench/outputs/workspaces/celery_refactor_object-mro-lookup_1779942921503/repo/celery/_refbench_ast_compat.py:3: DeprecationWarning: ast.Bytes is deprecated and will be removed in Python 3.14; use ast.Constant instead
  if not hasattr(ast, 'Bytes'): ast.Bytes = ast.Constant
/workspace/benchmarks/refactorbench/outputs/workspaces/celery_refactor_object-mro-lookup_1779942921503/repo/celery/_refbench_ast_compat.py:4: DeprecationWarning: ast.Num is deprecated and will be removed in Python 3.14; use ast.Constant instead
  if not hasattr(ast, 'Num'): ast.Num = ast.Constant
/workspace/benchmarks/refactorbench/outputs/workspaces/celery_refactor_object-mro-lookup_1779942921503/repo/celery/_refbench_ast_compat.py:5: DeprecationWarning: ast.NameConstant is deprecated and will be removed in Python 3.14; use ast.Constant instead
  if not hasattr(ast, 'NameConstant'): ast.NameConstant = ast.Constant
...
----------------------------------------------------------------------
Ran 3 tests in 0.034s

OK
"
2026-05-28T04:37:33.576331Z,refbench,benchmark_pipeline_20260528_040832,single-agent,celery_refactor,rename-host-format,failed,0,78.47,2026-05-28T04:37:33Z,,,,,,/workspace/benchmarks/refactorbench/outputs/logs/base_single-agent_copilot_qwen_qwen3.6-flash/celery_refactor_rename-host-format_1779942974384.terminal.txt,/workspace/outputs/platform/home/.copilot/session-state/2026111f-59ec-420e-b6d6-47e01b77cb37/events.jsonl,/workspace/benchmarks/refactorbench/outputs/logs/base_single-agent_copilot_qwen_qwen3.6-flash/celery_refactor_rename-host-format_1779942974384.response.txt,6,7,"/workspace/benchmarks/refactorbench/outputs/workspaces/celery_refactor_rename-host-format_1779942974384/repo/celery/_refbench_ast_compat.py:2: DeprecationWarning: ast.Str is deprecated and will be removed in Python 3.14; use ast.Constant instead
  if not hasattr(ast, 'Str'): ast.Str = ast.Constant
/workspace/benchmarks/refactorbench/outputs/workspaces/celery_refactor_rename-host-format_1779942974384/repo/celery/_refbench_ast_compat.py:3: DeprecationWarning: ast.Bytes is deprecated and will be removed in Python 3.14; use ast.Constant instead
  if not hasattr(ast, 'Bytes'): ast.Bytes = ast.Constant
/workspace/benchmarks/refactorbench/outputs/workspaces/celery_refactor_rename-host-format_1779942974384/repo/celery/_refbench_ast_compat.py:4: DeprecationWarning: ast.Num is deprecated and will be removed in Python 3.14; use ast.Constant instead
  if not hasattr(ast, 'Num'): ast.Num = ast.Constant
/workspace/benchmarks/refactorbench/outputs/workspaces/celery_refactor_rename-host-format_1779942974384/repo/celery/_refbench_ast_compat.py:5: DeprecationWarning: ast.NameConstant is deprecated and will be removed in Python 3.14; use ast.Constant instead
  if not hasattr(ast, 'NameConstant'): ast.NameConstant = ast.Constant
./workspace/benchmarks/refactorbench/tests/celery_refactor/rename-host-format-test.py:57: DeprecationWarning: ast.Str is deprecated and will be removed in Python 3.14; use ast.Constant instead
  elements = {element.s for element in all_declaration.elts if isinstance(element, ast.Str)}
/workspace/benchmarks/refactorbench/tests/celery_refactor/rename-host-format-test.py:57: DeprecationWarning: Attribute s is deprecated and will be removed in Python 3.14; use value instead
  elements = {element.s for element in all_declaration.elts if isinstance(element, ast.Str)}
F.....
======================================================================
FAIL: test_format_host_in_all_declaration (__main__.TestCeleryUtilsNodenames.test_format_host_in_all_declaration)
-----------"
2026-05-28T04:41:21.256354Z,refbench,benchmark_pipeline_20260528_040832,single-agent,celery_refactor,truncate-text,failed,0,226.85,2026-05-28T04:41:21Z,,,,,,/workspace/benchmarks/refactorbench/outputs/logs/base_single-agent_copilot_qwen_qwen3.6-flash/celery_refactor_truncate-text_1779943053654.terminal.txt,/workspace/outputs/platform/home/.copilot/session-state/0c98f7a8-68af-4475-8905-33aa583419cb/events.jsonl,/workspace/benchmarks/refactorbench/outputs/logs/base_single-agent_copilot_qwen_qwen3.6-flash/celery_refactor_truncate-text_1779943053654.response.txt,,9,"/workspace/benchmarks/refactorbench/outputs/workspaces/celery_refactor_truncate-text_1779943053654/repo/_refbench_ast_compat.py:2: DeprecationWarning: ast.Str is deprecated and will be removed in Python 3.14; use ast.Constant instead
  if not hasattr(ast, 'Str'): ast.Str = ast.Constant
/workspace/benchmarks/refactorbench/outputs/workspaces/celery_refactor_truncate-text_1779943053654/repo/_refbench_ast_compat.py:3: DeprecationWarning: ast.Bytes is deprecated and will be removed in Python 3.14; use ast.Constant instead
  if not hasattr(ast, 'Bytes'): ast.Bytes = ast.Constant
/workspace/benchmarks/refactorbench/outputs/workspaces/celery_refactor_truncate-text_1779943053654/repo/_refbench_ast_compat.py:4: DeprecationWarning: ast.Num is deprecated and will be removed in Python 3.14; use ast.Constant instead
  if not hasattr(ast, 'Num'): ast.Num = ast.Constant
/workspace/benchmarks/refactorbench/outputs/workspaces/celery_refactor_truncate-text_1779943053654/repo/_refbench_ast_compat.py:5: DeprecationWarning: ast.NameConstant is deprecated and will be removed in Python 3.14; use ast.Constant instead
  if not hasattr(ast, 'NameConstant'): ast.NameConstant = ast.Constant
FFFFFFFFF
======================================================================
FAIL: test_import_abbr_abbrtask_ensure_newlines_indent_pretty_truncate_text_in_test_text (__main__.TestCeleryUtils.test_import_abbr_abbrtask_ensure_newlines_indent_pretty_truncate_text_in_test_text)
----------------------------------------------------------------------
Traceback (most recent call last):
  File ""/workspace/benchmarks/refactorbench/tests/celery_refactor/truncate-text-test.py"", line 151, in test_import_abbr_abbrtask_ensure_newlines_indent_pretty_truncate_text_in_test_text
    self.assertTrue(os.path.exists(file_path), f""{file_path} does not exist"")
AssertionError: False is not true : ../t/unit/utils/test_text.py does not exist

======================================================================
FAIL: test_import"
2026-05-28T04:43:06.956998Z,refbench,benchmark_pipeline_20260528_040832,single-agent,django_refactor,add-log-parameter-constant-time-compare,failed,0,98.91,2026-05-28T04:43:06Z,,,,,,/workspace/benchmarks/refactorbench/outputs/logs/base_single-agent_copilot_qwen_qwen3.6-flash/django_refactor_add-log-parameter-constant-time-compare_1779943281332.terminal.txt,/workspace/outputs/platform/home/.copilot/session-state/90d2c910-ac9a-455c-8270-7fc51c14a885/events.jsonl,/workspace/benchmarks/refactorbench/outputs/logs/base_single-agent_copilot_qwen_qwen3.6-flash/django_refactor_add-log-parameter-constant-time-compare_1779943281332.response.txt,2,3,"/workspace/benchmarks/refactorbench/outputs/workspaces/django_refactor_add-log-parameter-constant-time-compare_1779943281332/repo/django/_refbench_ast_compat.py:2: DeprecationWarning: ast.Str is deprecated and will be removed in Python 3.14; use ast.Constant instead
  if not hasattr(ast, 'Str'): ast.Str = ast.Constant
/workspace/benchmarks/refactorbench/outputs/workspaces/django_refactor_add-log-parameter-constant-time-compare_1779943281332/repo/django/_refbench_ast_compat.py:3: DeprecationWarning: ast.Bytes is deprecated and will be removed in Python 3.14; use ast.Constant instead
  if not hasattr(ast, 'Bytes'): ast.Bytes = ast.Constant
/workspace/benchmarks/refactorbench/outputs/workspaces/django_refactor_add-log-parameter-constant-time-compare_1779943281332/repo/django/_refbench_ast_compat.py:4: DeprecationWarning: ast.Num is deprecated and will be removed in Python 3.14; use ast.Constant instead
  if not hasattr(ast, 'Num'): ast.Num = ast.Constant
/workspace/benchmarks/refactorbench/outputs/workspaces/django_refactor_add-log-parameter-constant-time-compare_1779943281332/repo/django/_refbench_ast_compat.py:5: DeprecationWarning: ast.NameConstant is deprecated and will be removed in Python 3.14; use ast.Constant instead
  if not hasattr(ast, 'NameConstant'): ast.NameConstant = ast.Constant
..F
======================================================================
FAIL: test_usages_in_tests_have_boolean_false (__main__.TestConstantTimeCompareLogging.test_usages_in_tests_have_boolean_false)
----------------------------------------------------------------------
Traceback (most recent call last):
  File ""/workspace/benchmarks/refactorbench/tests/django_refactor/constant-time-compare.py"", line 72, in test_usages_in_tests_have_boolean_false
    self.assertIsNotNone(boolean_arg, f""Boolean parameter 'log' missing or not False in {file_path}"")
AssertionError: unexpectedly None : Boolean parameter 'log' missing or not False in ../tests/utils_tests/test_crypto.py

----------"
2026-05-28T04:46:15.138763Z,refbench,benchmark_pipeline_20260528_040832,single-agent,django_refactor,add-log-parameter-get-resolver,failed,0,183.83,2026-05-28T04:46:15Z,,,,,,/workspace/benchmarks/refactorbench/outputs/logs/base_single-agent_copilot_qwen_qwen3.6-flash/django_refactor_add-log-parameter-get-resolver_1779943387029.terminal.txt,/workspace/outputs/platform/home/.copilot/session-state/d0361bb2-a012-48f1-b489-aa006738f5a2/events.jsonl,/workspace/benchmarks/refactorbench/outputs/logs/base_single-agent_copilot_qwen_qwen3.6-flash/django_refactor_add-log-parameter-get-resolver_1779943387029.response.txt,2,3,"/workspace/benchmarks/refactorbench/outputs/workspaces/django_refactor_add-log-parameter-get-resolver_1779943387029/repo/django/_refbench_ast_compat.py:2: DeprecationWarning: ast.Str is deprecated and will be removed in Python 3.14; use ast.Constant instead
  if not hasattr(ast, 'Str'): ast.Str = ast.Constant
/workspace/benchmarks/refactorbench/outputs/workspaces/django_refactor_add-log-parameter-get-resolver_1779943387029/repo/django/_refbench_ast_compat.py:3: DeprecationWarning: ast.Bytes is deprecated and will be removed in Python 3.14; use ast.Constant instead
  if not hasattr(ast, 'Bytes'): ast.Bytes = ast.Constant
/workspace/benchmarks/refactorbench/outputs/workspaces/django_refactor_add-log-parameter-get-resolver_1779943387029/repo/django/_refbench_ast_compat.py:4: DeprecationWarning: ast.Num is deprecated and will be removed in Python 3.14; use ast.Constant instead
  if not hasattr(ast, 'Num'): ast.Num = ast.Constant
/workspace/benchmarks/refactorbench/outputs/workspaces/django_refactor_add-log-parameter-get-resolver_1779943387029/repo/django/_refbench_ast_compat.py:5: DeprecationWarning: ast.NameConstant is deprecated and will be removed in Python 3.14; use ast.Constant instead
  if not hasattr(ast, 'NameConstant'): ast.NameConstant = ast.Constant
/workspace/benchmarks/refactorbench/tests/django_refactor/get_resolver.py:22: DeprecationWarning: ast.NameConstant is deprecated and will be removed in Python 3.14; use ast.Constant instead
  (kw for kw in node.args.defaults if isinstance(kw, ast.NameConstant) and kw.value is False),
./workspace/benchmarks/refactorbench/tests/django_refactor/get_resolver.py:59: DeprecationWarning: ast.NameConstant is deprecated and will be removed in Python 3.14; use ast.Constant instead
  boolean_arg = next((kw for kw in node.keywords if isinstance(kw.value, ast.NameConstant) and kw.value.value is True), None)
F/workspace/benchmarks/refactorbench/tests/django_refactor/get_resolver.py:76: DeprecationWarning: ast.NameConstant is de"
2026-05-28T04:47:27.659480Z,refbench,benchmark_pipeline_20260528_040832,single-agent,django_refactor,add-log-parameter-resolve-error-handler,failed,0,68.3,2026-05-28T04:47:27Z,,,,,,/workspace/benchmarks/refactorbench/outputs/logs/base_single-agent_copilot_qwen_qwen3.6-flash/django_refactor_add-log-parameter-resolve-error-handler_1779943575213.terminal.txt,/workspace/outputs/platform/home/.copilot/session-state/90209219-56a3-4243-8a7f-50e186c823a8/events.jsonl,/workspace/benchmarks/refactorbench/outputs/logs/base_single-agent_copilot_qwen_qwen3.6-flash/django_refactor_add-log-parameter-resolve-error-handler_1779943575213.response.txt,,2,"/workspace/benchmarks/refactorbench/outputs/workspaces/django_refactor_add-log-parameter-resolve-error-handler_1779943575213/repo/django/_refbench_ast_compat.py:2: DeprecationWarning: ast.Str is deprecated and will be removed in Python 3.14; use ast.Constant instead
  if not hasattr(ast, 'Str'): ast.Str = ast.Constant
/workspace/benchmarks/refactorbench/outputs/workspaces/django_refactor_add-log-parameter-resolve-error-handler_1779943575213/repo/django/_refbench_ast_compat.py:3: DeprecationWarning: ast.Bytes is deprecated and will be removed in Python 3.14; use ast.Constant instead
  if not hasattr(ast, 'Bytes'): ast.Bytes = ast.Constant
/workspace/benchmarks/refactorbench/outputs/workspaces/django_refactor_add-log-parameter-resolve-error-handler_1779943575213/repo/django/_refbench_ast_compat.py:4: DeprecationWarning: ast.Num is deprecated and will be removed in Python 3.14; use ast.Constant instead
  if not hasattr(ast, 'Num'): ast.Num = ast.Constant
/workspace/benchmarks/refactorbench/outputs/workspaces/django_refactor_add-log-parameter-resolve-error-handler_1779943575213/repo/django/_refbench_ast_compat.py:5: DeprecationWarning: ast.NameConstant is deprecated and will be removed in Python 3.14; use ast.Constant instead
  if not hasattr(ast, 'NameConstant'): ast.NameConstant = ast.Constant
/workspace/benchmarks/refactorbench/tests/django_refactor/resolve_error_handler.py:44: DeprecationWarning: ast.NameConstant is deprecated and will be removed in Python 3.14; use ast.Constant instead
  log_param = next((kw for kw in node.args.defaults if isinstance(kw, ast.NameConstant) and kw.value is False), None)
FF
======================================================================
FAIL: test_function_def (__main__.TestResolveErrorHandler.test_function_def)
----------------------------------------------------------------------
Traceback (most recent call last):
  File ""/workspace/benchmarks/refactorbench/tests/django_refactor/resolve_error_handler.py"", line 54, in test_fun"
2026-05-28T04:48:38.103436Z,refbench,benchmark_pipeline_20260528_040832,single-agent,django_refactor,add-none-handling-duration-string,success,0,66.13,2026-05-28T04:48:38Z,,,,,,/workspace/benchmarks/refactorbench/outputs/logs/base_single-agent_copilot_qwen_qwen3.6-flash/django_refactor_add-none-handling-duration-string_1779943647733.terminal.txt,/workspace/outputs/platform/home/.copilot/session-state/6fa36cc3-de37-490c-81c4-7804a15a30b7/events.jsonl,/workspace/benchmarks/refactorbench/outputs/logs/base_single-agent_copilot_qwen_qwen3.6-flash/django_refactor_add-none-handling-duration-string_1779943647733.response.txt,3,3,"/workspace/benchmarks/refactorbench/outputs/workspaces/django_refactor_add-none-handling-duration-string_1779943647733/repo/django/_refbench_ast_compat.py:2: DeprecationWarning: ast.Str is deprecated and will be removed in Python 3.14; use ast.Constant instead
  if not hasattr(ast, 'Str'): ast.Str = ast.Constant
/workspace/benchmarks/refactorbench/outputs/workspaces/django_refactor_add-none-handling-duration-string_1779943647733/repo/django/_refbench_ast_compat.py:3: DeprecationWarning: ast.Bytes is deprecated and will be removed in Python 3.14; use ast.Constant instead
  if not hasattr(ast, 'Bytes'): ast.Bytes = ast.Constant
/workspace/benchmarks/refactorbench/outputs/workspaces/django_refactor_add-none-handling-duration-string_1779943647733/repo/django/_refbench_ast_compat.py:4: DeprecationWarning: ast.Num is deprecated and will be removed in Python 3.14; use ast.Constant instead
  if not hasattr(ast, 'Num'): ast.Num = ast.Constant
/workspace/benchmarks/refactorbench/outputs/workspaces/django_refactor_add-none-handling-duration-string_1779943647733/repo/django/_refbench_ast_compat.py:5: DeprecationWarning: ast.NameConstant is deprecated and will be removed in Python 3.14; use ast.Constant instead
  if not hasattr(ast, 'NameConstant'): ast.NameConstant = ast.Constant
...
----------------------------------------------------------------------
Ran 3 tests in 0.018s

OK
"
2026-05-28T04:49:50.672555Z,refbench,benchmark_pipeline_20260528_040832,single-agent,django_refactor,combine-utils-dates-dateformat,success,0,68.23,2026-05-28T04:49:50Z,,,,,,/workspace/benchmarks/refactorbench/outputs/logs/base_single-agent_copilot_qwen_qwen3.6-flash/django_refactor_combine-utils-dates-dateformat_1779943718178.terminal.txt,/workspace/outputs/platform/home/.copilot/session-state/e19b605e-fe8f-4cc7-a91e-3135ac2b8b3a/events.jsonl,/workspace/benchmarks/refactorbench/outputs/logs/base_single-agent_copilot_qwen_qwen3.6-flash/django_refactor_combine-utils-dates-dateformat_1779943718178.response.txt,4,4,"/workspace/benchmarks/refactorbench/outputs/workspaces/django_refactor_combine-utils-dates-dateformat_1779943718178/repo/django/_refbench_ast_compat.py:2: DeprecationWarning: ast.Str is deprecated and will be removed in Python 3.14; use ast.Constant instead
  if not hasattr(ast, 'Str'): ast.Str = ast.Constant
/workspace/benchmarks/refactorbench/outputs/workspaces/django_refactor_combine-utils-dates-dateformat_1779943718178/repo/django/_refbench_ast_compat.py:3: DeprecationWarning: ast.Bytes is deprecated and will be removed in Python 3.14; use ast.Constant instead
  if not hasattr(ast, 'Bytes'): ast.Bytes = ast.Constant
/workspace/benchmarks/refactorbench/outputs/workspaces/django_refactor_combine-utils-dates-dateformat_1779943718178/repo/django/_refbench_ast_compat.py:4: DeprecationWarning: ast.Num is deprecated and will be removed in Python 3.14; use ast.Constant instead
  if not hasattr(ast, 'Num'): ast.Num = ast.Constant
/workspace/benchmarks/refactorbench/outputs/workspaces/django_refactor_combine-utils-dates-dateformat_1779943718178/repo/django/_refbench_ast_compat.py:5: DeprecationWarning: ast.NameConstant is deprecated and will be removed in Python 3.14; use ast.Constant instead
  if not hasattr(ast, 'NameConstant'): ast.NameConstant = ast.Constant
....
----------------------------------------------------------------------
Ran 4 tests in 0.026s

OK
"
2026-05-28T04:53:31.635022Z,refbench,benchmark_pipeline_20260528_040832,single-agent,django_refactor,combine-utils-hashable-itercompat,failed,0,216.52,2026-05-28T04:53:31Z,,,,,,/workspace/benchmarks/refactorbench/outputs/logs/base_single-agent_copilot_qwen_qwen3.6-flash/django_refactor_combine-utils-hashable-itercompat_1779943790734.terminal.txt,/workspace/outputs/platform/home/.copilot/session-state/b466f996-a8d4-40ce-bd12-5901c5017436/events.jsonl,/workspace/benchmarks/refactorbench/outputs/logs/base_single-agent_copilot_qwen_qwen3.6-flash/django_refactor_combine-utils-hashable-itercompat_1779943790734.response.txt,3,4,"/workspace/benchmarks/refactorbench/outputs/workspaces/django_refactor_combine-utils-hashable-itercompat_1779943790734/repo/django/_refbench_ast_compat.py:2: DeprecationWarning: ast.Str is deprecated and will be removed in Python 3.14; use ast.Constant instead
  if not hasattr(ast, 'Str'): ast.Str = ast.Constant
/workspace/benchmarks/refactorbench/outputs/workspaces/django_refactor_combine-utils-hashable-itercompat_1779943790734/repo/django/_refbench_ast_compat.py:3: DeprecationWarning: ast.Bytes is deprecated and will be removed in Python 3.14; use ast.Constant instead
  if not hasattr(ast, 'Bytes'): ast.Bytes = ast.Constant
/workspace/benchmarks/refactorbench/outputs/workspaces/django_refactor_combine-utils-hashable-itercompat_1779943790734/repo/django/_refbench_ast_compat.py:4: DeprecationWarning: ast.Num is deprecated and will be removed in Python 3.14; use ast.Constant instead
  if not hasattr(ast, 'Num'): ast.Num = ast.Constant
/workspace/benchmarks/refactorbench/outputs/workspaces/django_refactor_combine-utils-hashable-itercompat_1779943790734/repo/django/_refbench_ast_compat.py:5: DeprecationWarning: ast.NameConstant is deprecated and will be removed in Python 3.14; use ast.Constant instead
  if not hasattr(ast, 'NameConstant'): ast.NameConstant = ast.Constant
...F
======================================================================
FAIL: test_old_files_deleted (__main__.TestUtilsMigration.test_old_files_deleted)
----------------------------------------------------------------------
Traceback (most recent call last):
  File ""/workspace/benchmarks/refactorbench/tests/django_refactor/hashable-itercompat.py"", line 30, in test_old_files_deleted
    self.assertFalse(os.path.exists(self.hashable_file_path), ""hashable.py should be deleted"")
AssertionError: True is not false : hashable.py should be deleted

----------------------------------------------------------------------
Ran 4 tests in 0.155s

FAILED (failures=1)
"
2026-05-28T04:54:26.477026Z,refbench,benchmark_pipeline_20260528_040832,single-agent,django_refactor,new-converter-to-python-class,failed,0,50.26,2026-05-28T04:54:26Z,,,,,,/workspace/benchmarks/refactorbench/outputs/logs/base_single-agent_copilot_qwen_qwen3.6-flash/django_refactor_new-converter-to-python-class_1779944012008.terminal.txt,/workspace/outputs/platform/home/.copilot/session-state/07bd36cd-1a46-4786-90ce-4b666066b314/events.jsonl,/workspace/benchmarks/refactorbench/outputs/logs/base_single-agent_copilot_qwen_qwen3.6-flash/django_refactor_new-converter-to-python-class_1779944012008.response.txt,1,3,"/workspace/benchmarks/refactorbench/outputs/workspaces/django_refactor_new-converter-to-python-class_1779944012008/repo/django/_refbench_ast_compat.py:2: DeprecationWarning: ast.Str is deprecated and will be removed in Python 3.14; use ast.Constant instead
  if not hasattr(ast, 'Str'): ast.Str = ast.Constant
/workspace/benchmarks/refactorbench/outputs/workspaces/django_refactor_new-converter-to-python-class_1779944012008/repo/django/_refbench_ast_compat.py:3: DeprecationWarning: ast.Bytes is deprecated and will be removed in Python 3.14; use ast.Constant instead
  if not hasattr(ast, 'Bytes'): ast.Bytes = ast.Constant
/workspace/benchmarks/refactorbench/outputs/workspaces/django_refactor_new-converter-to-python-class_1779944012008/repo/django/_refbench_ast_compat.py:4: DeprecationWarning: ast.Num is deprecated and will be removed in Python 3.14; use ast.Constant instead
  if not hasattr(ast, 'Num'): ast.Num = ast.Constant
/workspace/benchmarks/refactorbench/outputs/workspaces/django_refactor_new-converter-to-python-class_1779944012008/repo/django/_refbench_ast_compat.py:5: DeprecationWarning: ast.NameConstant is deprecated and will be removed in Python 3.14; use ast.Constant instead
  if not hasattr(ast, 'NameConstant'): ast.NameConstant = ast.Constant
.FF
======================================================================
FAIL: test_converter_to_python_functions (__main__.TestBackendsUtils.test_converter_to_python_functions)
----------------------------------------------------------------------
Traceback (most recent call last):
  File ""/workspace/benchmarks/refactorbench/tests/django_refactor/converter-to-python.py"", line 47, in test_converter_to_python_functions
    self.assertTrue(found, f""Function '{func}' not found in ConverterToPython class"")
AssertionError: False is not true : Function 'typecast_date' not found in ConverterToPython class

======================================================================
FAIL: test_converter_to_python_imports (__main_"
2026-05-28T04:56:58.607939Z,refbench,benchmark_pipeline_20260528_040832,single-agent,django_refactor,new-path-traversal-exception,failed,0,147.5,2026-05-28T04:56:58Z,,,,,,/workspace/benchmarks/refactorbench/outputs/logs/base_single-agent_copilot_qwen_qwen3.6-flash/django_refactor_new-path-traversal-exception_1779944066846.terminal.txt,/workspace/outputs/platform/home/.copilot/session-state/f7a0479a-8410-4250-a322-42a5ca6bb30d/events.jsonl,/workspace/benchmarks/refactorbench/outputs/logs/base_single-agent_copilot_qwen_qwen3.6-flash/django_refactor_new-path-traversal-exception_1779944066846.response.txt,7,9,"/workspace/benchmarks/refactorbench/outputs/workspaces/django_refactor_new-path-traversal-exception_1779944066846/repo/django/_refbench_ast_compat.py:2: DeprecationWarning: ast.Str is deprecated and will be removed in Python 3.14; use ast.Constant instead
  if not hasattr(ast, 'Str'): ast.Str = ast.Constant
/workspace/benchmarks/refactorbench/outputs/workspaces/django_refactor_new-path-traversal-exception_1779944066846/repo/django/_refbench_ast_compat.py:3: DeprecationWarning: ast.Bytes is deprecated and will be removed in Python 3.14; use ast.Constant instead
  if not hasattr(ast, 'Bytes'): ast.Bytes = ast.Constant
/workspace/benchmarks/refactorbench/outputs/workspaces/django_refactor_new-path-traversal-exception_1779944066846/repo/django/_refbench_ast_compat.py:4: DeprecationWarning: ast.Num is deprecated and will be removed in Python 3.14; use ast.Constant instead
  if not hasattr(ast, 'Num'): ast.Num = ast.Constant
/workspace/benchmarks/refactorbench/outputs/workspaces/django_refactor_new-path-traversal-exception_1779944066846/repo/django/_refbench_ast_compat.py:5: DeprecationWarning: ast.NameConstant is deprecated and will be removed in Python 3.14; use ast.Constant instead
  if not hasattr(ast, 'NameConstant'): ast.NameConstant = ast.Constant
..F..F...
======================================================================
FAIL: test_os_utils_tests_imports_and_uses_pathtraversal (__main__.TestPathTraversalException.test_os_utils_tests_imports_and_uses_pathtraversal)
----------------------------------------------------------------------
Traceback (most recent call last):
  File ""/workspace/benchmarks/refactorbench/tests/django_refactor/path-traversal.py"", line 195, in test_os_utils_tests_imports_and_uses_pathtraversal
    self.assertTrue(import_exists, ""PathTraversal is not imported in /tests/utils_tests/test_os_utils.py"")
AssertionError: False is not true : PathTraversal is not imported in /tests/utils_tests/test_os_utils.py

==================================="
2026-05-28T04:57:57.763679Z,refbench,benchmark_pipeline_20260528_040832,single-agent,django_refactor,new-reference-context-field-class,timed_out,1,54.46,2026-05-28T04:57:57Z,,,,,,/workspace/benchmarks/refactorbench/outputs/logs/base_single-agent_copilot_qwen_qwen3.6-flash/django_refactor_new-reference-context-field-class_1779944218992.terminal.txt,/workspace/outputs/platform/home/.copilot/session-state/ff44a80a-d3e6-4e4c-b31f-a4ced0fa36aa/events.jsonl,/workspace/benchmarks/refactorbench/outputs/logs/base_single-agent_copilot_qwen_qwen3.6-flash/django_refactor_new-reference-context-field-class_1779944218992.response.txt,,4,No repository changes detected from Copilot response.
2026-05-28T05:01:27.091426Z,refbench,benchmark_pipeline_20260528_040832,single-agent,django_refactor,new-reference-context-graph-class,failed,0,204.55,2026-05-28T05:01:27Z,,,,,,/workspace/benchmarks/refactorbench/outputs/logs/base_single-agent_copilot_qwen_qwen3.6-flash/django_refactor_new-reference-context-graph-class_1779944278134.terminal.txt,/workspace/outputs/platform/home/.copilot/session-state/761db837-ecec-467b-ba39-79a4293a987f/events.jsonl,/workspace/benchmarks/refactorbench/outputs/logs/base_single-agent_copilot_qwen_qwen3.6-flash/django_refactor_new-reference-context-graph-class_1779944278134.response.txt,5,9,"/workspace/benchmarks/refactorbench/outputs/workspaces/django_refactor_new-reference-context-graph-class_1779944278134/repo/django/_refbench_ast_compat.py:2: DeprecationWarning: ast.Str is deprecated and will be removed in Python 3.14; use ast.Constant instead
  if not hasattr(ast, 'Str'): ast.Str = ast.Constant
/workspace/benchmarks/refactorbench/outputs/workspaces/django_refactor_new-reference-context-graph-class_1779944278134/repo/django/_refbench_ast_compat.py:3: DeprecationWarning: ast.Bytes is deprecated and will be removed in Python 3.14; use ast.Constant instead
  if not hasattr(ast, 'Bytes'): ast.Bytes = ast.Constant
/workspace/benchmarks/refactorbench/outputs/workspaces/django_refactor_new-reference-context-graph-class_1779944278134/repo/django/_refbench_ast_compat.py:4: DeprecationWarning: ast.Num is deprecated and will be removed in Python 3.14; use ast.Constant instead
  if not hasattr(ast, 'Num'): ast.Num = ast.Constant
/workspace/benchmarks/refactorbench/outputs/workspaces/django_refactor_new-reference-context-graph-class_1779944278134/repo/django/_refbench_ast_compat.py:5: DeprecationWarning: ast.NameConstant is deprecated and will be removed in Python 3.14; use ast.Constant instead
  if not hasattr(ast, 'NameConstant'): ast.NameConstant = ast.Constant
....FFFF.
======================================================================
FAIL: test_reference_context_import_in_autodetector (__main__.TestReferenceContextInAddDependency.test_reference_context_import_in_autodetector)
----------------------------------------------------------------------
Traceback (most recent call last):
  File ""/workspace/benchmarks/refactorbench/tests/django_refactor/reference-context-graph.py"", line 60, in test_reference_context_import_in_autodetector
    self.assertTrue(import_found, f""ReferenceContext not imported in {file_path}"")
AssertionError: False is not true : ReferenceContext not imported in ../tests/migrations/test_autodetector.py

================================"
2026-05-28T05:04:35.894628Z,refbench,benchmark_pipeline_20260528_040832,single-agent,django_refactor,new-timezone-class,timed_out,1,184.11,2026-05-28T05:04:35Z,,,,,,/workspace/benchmarks/refactorbench/outputs/logs/base_single-agent_copilot_qwen_qwen3.6-flash/django_refactor_new-timezone-class_1779944487460.terminal.txt,/workspace/outputs/platform/home/.copilot/session-state/43847561-0d52-42bd-b219-cfe5ee72440b/events.jsonl,/workspace/benchmarks/refactorbench/outputs/logs/base_single-agent_copilot_qwen_qwen3.6-flash/django_refactor_new-timezone-class_1779944487460.response.txt,,4,No repository changes detected from Copilot response.
2026-05-28T05:06:02.981573Z,refbench,benchmark_pipeline_20260528_040832,single-agent,django_refactor,new-utils-adapt-method-mode,success,0,82.44,2026-05-28T05:06:02Z,,,,,,/workspace/benchmarks/refactorbench/outputs/logs/base_single-agent_copilot_qwen_qwen3.6-flash/django_refactor_new-utils-adapt-method-mode_1779944676278.terminal.txt,/workspace/outputs/platform/home/.copilot/session-state/6576cfb4-f31e-47c4-9bbd-c10e9979d3fe/events.jsonl,/workspace/benchmarks/refactorbench/outputs/logs/base_single-agent_copilot_qwen_qwen3.6-flash/django_refactor_new-utils-adapt-method-mode_1779944676278.response.txt,3,3,"/workspace/benchmarks/refactorbench/outputs/workspaces/django_refactor_new-utils-adapt-method-mode_1779944676278/repo/django/_refbench_ast_compat.py:2: DeprecationWarning: ast.Str is deprecated and will be removed in Python 3.14; use ast.Constant instead
  if not hasattr(ast, 'Str'): ast.Str = ast.Constant
/workspace/benchmarks/refactorbench/outputs/workspaces/django_refactor_new-utils-adapt-method-mode_1779944676278/repo/django/_refbench_ast_compat.py:3: DeprecationWarning: ast.Bytes is deprecated and will be removed in Python 3.14; use ast.Constant instead
  if not hasattr(ast, 'Bytes'): ast.Bytes = ast.Constant
/workspace/benchmarks/refactorbench/outputs/workspaces/django_refactor_new-utils-adapt-method-mode_1779944676278/repo/django/_refbench_ast_compat.py:4: DeprecationWarning: ast.Num is deprecated and will be removed in Python 3.14; use ast.Constant instead
  if not hasattr(ast, 'Num'): ast.Num = ast.Constant
/workspace/benchmarks/refactorbench/outputs/workspaces/django_refactor_new-utils-adapt-method-mode_1779944676278/repo/django/_refbench_ast_compat.py:5: DeprecationWarning: ast.NameConstant is deprecated and will be removed in Python 3.14; use ast.Constant instead
  if not hasattr(ast, 'NameConstant'): ast.NameConstant = ast.Constant
...
----------------------------------------------------------------------
Ran 3 tests in 0.004s

OK
"
2026-05-28T05:07:07.597471Z,refbench,benchmark_pipeline_20260528_040832,single-agent,django_refactor,new-utils-check-response,success,0,60.11,2026-05-28T05:07:07Z,,,,,,/workspace/benchmarks/refactorbench/outputs/logs/base_single-agent_copilot_qwen_qwen3.6-flash/django_refactor_new-utils-check-response_1779944763353.terminal.txt,/workspace/outputs/platform/home/.copilot/session-state/2c096af5-c3ac-48c2-ad0d-eb4103793f8f/events.jsonl,/workspace/benchmarks/refactorbench/outputs/logs/base_single-agent_copilot_qwen_qwen3.6-flash/django_refactor_new-utils-check-response_1779944763353.response.txt,2,2,"/workspace/benchmarks/refactorbench/outputs/workspaces/django_refactor_new-utils-check-response_1779944763353/repo/django/_refbench_ast_compat.py:2: DeprecationWarning: ast.Str is deprecated and will be removed in Python 3.14; use ast.Constant instead
  if not hasattr(ast, 'Str'): ast.Str = ast.Constant
/workspace/benchmarks/refactorbench/outputs/workspaces/django_refactor_new-utils-check-response_1779944763353/repo/django/_refbench_ast_compat.py:3: DeprecationWarning: ast.Bytes is deprecated and will be removed in Python 3.14; use ast.Constant instead
  if not hasattr(ast, 'Bytes'): ast.Bytes = ast.Constant
/workspace/benchmarks/refactorbench/outputs/workspaces/django_refactor_new-utils-check-response_1779944763353/repo/django/_refbench_ast_compat.py:4: DeprecationWarning: ast.Num is deprecated and will be removed in Python 3.14; use ast.Constant instead
  if not hasattr(ast, 'Num'): ast.Num = ast.Constant
/workspace/benchmarks/refactorbench/outputs/workspaces/django_refactor_new-utils-check-response_1779944763353/repo/django/_refbench_ast_compat.py:5: DeprecationWarning: ast.NameConstant is deprecated and will be removed in Python 3.14; use ast.Constant instead
  if not hasattr(ast, 'NameConstant'): ast.NameConstant = ast.Constant
..
----------------------------------------------------------------------
Ran 2 tests in 0.003s

OK
"
2026-05-28T05:08:34.469388Z,refbench,benchmark_pipeline_20260528_040832,single-agent,django_refactor,new-utils-path-from-module,success,0,82.24,2026-05-28T05:08:34Z,,,,,,/workspace/benchmarks/refactorbench/outputs/logs/base_single-agent_copilot_qwen_qwen3.6-flash/django_refactor_new-utils-path-from-module_1779944827992.terminal.txt,/workspace/outputs/platform/home/.copilot/session-state/1eb685f9-ef66-40bd-ae02-7a78862e3e32/events.jsonl,/workspace/benchmarks/refactorbench/outputs/logs/base_single-agent_copilot_qwen_qwen3.6-flash/django_refactor_new-utils-path-from-module_1779944827992.response.txt,2,2,"/workspace/benchmarks/refactorbench/outputs/workspaces/django_refactor_new-utils-path-from-module_1779944827992/repo/django/_refbench_ast_compat.py:2: DeprecationWarning: ast.Str is deprecated and will be removed in Python 3.14; use ast.Constant instead
  if not hasattr(ast, 'Str'): ast.Str = ast.Constant
/workspace/benchmarks/refactorbench/outputs/workspaces/django_refactor_new-utils-path-from-module_1779944827992/repo/django/_refbench_ast_compat.py:3: DeprecationWarning: ast.Bytes is deprecated and will be removed in Python 3.14; use ast.Constant instead
  if not hasattr(ast, 'Bytes'): ast.Bytes = ast.Constant
/workspace/benchmarks/refactorbench/outputs/workspaces/django_refactor_new-utils-path-from-module_1779944827992/repo/django/_refbench_ast_compat.py:4: DeprecationWarning: ast.Num is deprecated and will be removed in Python 3.14; use ast.Constant instead
  if not hasattr(ast, 'Num'): ast.Num = ast.Constant
/workspace/benchmarks/refactorbench/outputs/workspaces/django_refactor_new-utils-path-from-module_1779944827992/repo/django/_refbench_ast_compat.py:5: DeprecationWarning: ast.NameConstant is deprecated and will be removed in Python 3.14; use ast.Constant instead
  if not hasattr(ast, 'NameConstant'): ast.NameConstant = ast.Constant
..
----------------------------------------------------------------------
Ran 2 tests in 0.002s

OK
"
2026-05-28T05:09:37.323834Z,refbench,benchmark_pipeline_20260528_040832,single-agent,django_refactor,remove-core-cache-utils,failed,0,58.27,2026-05-28T05:09:37Z,,,,,,/workspace/benchmarks/refactorbench/outputs/logs/base_single-agent_copilot_qwen_qwen3.6-flash/django_refactor_remove-core-cache-utils_1779944914841.terminal.txt,/workspace/outputs/platform/home/.copilot/session-state/3971cbfa-f192-44d8-9853-5c9d0d1f41b5/events.jsonl,/workspace/benchmarks/refactorbench/outputs/logs/base_single-agent_copilot_qwen_qwen3.6-flash/django_refactor_remove-core-cache-utils_1779944914841.response.txt,4,5,"/workspace/benchmarks/refactorbench/outputs/workspaces/django_refactor_remove-core-cache-utils_1779944914841/repo/django/_refbench_ast_compat.py:2: DeprecationWarning: ast.Str is deprecated and will be removed in Python 3.14; use ast.Constant instead
  if not hasattr(ast, 'Str'): ast.Str = ast.Constant
/workspace/benchmarks/refactorbench/outputs/workspaces/django_refactor_remove-core-cache-utils_1779944914841/repo/django/_refbench_ast_compat.py:3: DeprecationWarning: ast.Bytes is deprecated and will be removed in Python 3.14; use ast.Constant instead
  if not hasattr(ast, 'Bytes'): ast.Bytes = ast.Constant
/workspace/benchmarks/refactorbench/outputs/workspaces/django_refactor_remove-core-cache-utils_1779944914841/repo/django/_refbench_ast_compat.py:4: DeprecationWarning: ast.Num is deprecated and will be removed in Python 3.14; use ast.Constant instead
  if not hasattr(ast, 'Num'): ast.Num = ast.Constant
/workspace/benchmarks/refactorbench/outputs/workspaces/django_refactor_remove-core-cache-utils_1779944914841/repo/django/_refbench_ast_compat.py:5: DeprecationWarning: ast.NameConstant is deprecated and will be removed in Python 3.14; use ast.Constant instead
  if not hasattr(ast, 'NameConstant'): ast.NameConstant = ast.Constant
....F
======================================================================
FAIL: test_utils_py_removed (__main__.TestCacheMigration.test_utils_py_removed)
----------------------------------------------------------------------
Traceback (most recent call last):
  File ""/workspace/benchmarks/refactorbench/tests/django_refactor/core-cache-utils.py"", line 10, in test_utils_py_removed
    self.assertFalse(os.path.exists(file_path), f""{file_path} should be removed but still exists"")
AssertionError: True is not false : ../django/core/cache/utils.py should be removed but still exists

----------------------------------------------------------------------
Ran 5 tests in 0.027s

FAILED (failures=1)
"
2026-05-28T05:17:06.119322Z,refbench,benchmark_pipeline_20260528_040832,single-agent,django_refactor,remove-db-models-constants,success,0,444.07,2026-05-28T05:17:06Z,,,,,,/workspace/benchmarks/refactorbench/outputs/logs/base_single-agent_copilot_qwen_qwen3.6-flash/django_refactor_remove-db-models-constants_1779944977699.terminal.txt,/workspace/outputs/platform/home/.copilot/session-state/d80a3720-735d-42b2-a389-b9e813097d24/events.jsonl,/workspace/benchmarks/refactorbench/outputs/logs/base_single-agent_copilot_qwen_qwen3.6-flash/django_refactor_remove-db-models-constants_1779944977699.response.txt,19,19,"/workspace/benchmarks/refactorbench/outputs/workspaces/django_refactor_remove-db-models-constants_1779944977699/repo/django/_refbench_ast_compat.py:2: DeprecationWarning: ast.Str is deprecated and will be removed in Python 3.14; use ast.Constant instead
  if not hasattr(ast, 'Str'): ast.Str = ast.Constant
/workspace/benchmarks/refactorbench/outputs/workspaces/django_refactor_remove-db-models-constants_1779944977699/repo/django/_refbench_ast_compat.py:3: DeprecationWarning: ast.Bytes is deprecated and will be removed in Python 3.14; use ast.Constant instead
  if not hasattr(ast, 'Bytes'): ast.Bytes = ast.Constant
/workspace/benchmarks/refactorbench/outputs/workspaces/django_refactor_remove-db-models-constants_1779944977699/repo/django/_refbench_ast_compat.py:4: DeprecationWarning: ast.Num is deprecated and will be removed in Python 3.14; use ast.Constant instead
  if not hasattr(ast, 'Num'): ast.Num = ast.Constant
/workspace/benchmarks/refactorbench/outputs/workspaces/django_refactor_remove-db-models-constants_1779944977699/repo/django/_refbench_ast_compat.py:5: DeprecationWarning: ast.NameConstant is deprecated and will be removed in Python 3.14; use ast.Constant instead
  if not hasattr(ast, 'NameConstant'): ast.NameConstant = ast.Constant
...................
----------------------------------------------------------------------
Ran 19 tests in 0.130s

OK
"
2026-05-28T05:19:22.639617Z,refbench,benchmark_pipeline_20260528_040832,single-agent,django_refactor,rename-file-move-safe,success,0,131.93,2026-05-28T05:19:22Z,,,,,,/workspace/benchmarks/refactorbench/outputs/logs/base_single-agent_copilot_qwen_qwen3.6-flash/django_refactor_rename-file-move-safe_1779945426493.terminal.txt,/workspace/outputs/platform/home/.copilot/session-state/6a4e1186-c8fc-423f-83f8-94e9dfd978d2/events.jsonl,/workspace/benchmarks/refactorbench/outputs/logs/base_single-agent_copilot_qwen_qwen3.6-flash/django_refactor_rename-file-move-safe_1779945426493.response.txt,6,6,"/workspace/benchmarks/refactorbench/outputs/workspaces/django_refactor_rename-file-move-safe_1779945426493/repo/django/_refbench_ast_compat.py:2: DeprecationWarning: ast.Str is deprecated and will be removed in Python 3.14; use ast.Constant instead
  if not hasattr(ast, 'Str'): ast.Str = ast.Constant
/workspace/benchmarks/refactorbench/outputs/workspaces/django_refactor_rename-file-move-safe_1779945426493/repo/django/_refbench_ast_compat.py:3: DeprecationWarning: ast.Bytes is deprecated and will be removed in Python 3.14; use ast.Constant instead
  if not hasattr(ast, 'Bytes'): ast.Bytes = ast.Constant
/workspace/benchmarks/refactorbench/outputs/workspaces/django_refactor_rename-file-move-safe_1779945426493/repo/django/_refbench_ast_compat.py:4: DeprecationWarning: ast.Num is deprecated and will be removed in Python 3.14; use ast.Constant instead
  if not hasattr(ast, 'Num'): ast.Num = ast.Constant
/workspace/benchmarks/refactorbench/outputs/workspaces/django_refactor_rename-file-move-safe_1779945426493/repo/django/_refbench_ast_compat.py:5: DeprecationWarning: ast.NameConstant is deprecated and will be removed in Python 3.14; use ast.Constant instead
  if not hasattr(ast, 'NameConstant'): ast.NameConstant = ast.Constant
/workspace/benchmarks/refactorbench/tests/django_refactor/safe-file-move.py:119: DeprecationWarning: Attribute s is deprecated and will be removed in Python 3.14; use value instead
  all_values = [elt.s for elt in all_node.value.elts if isinstance(elt, ast.Constant)]
......
----------------------------------------------------------------------
Ran 6 tests in 0.025s

OK
"
2026-05-28T05:20:19.305604Z,refbench,benchmark_pipeline_20260528_040832,single-agent,django_refactor,split-parse-apps-and-model-labels,failed,0,52.09,2026-05-28T05:20:19Z,,,,,,/workspace/benchmarks/refactorbench/outputs/logs/base_single-agent_copilot_qwen_qwen3.6-flash/django_refactor_split-parse-apps-and-model-labels_1779945563010.terminal.txt,/workspace/outputs/platform/home/.copilot/session-state/672b1503-081d-4ebb-86de-fc06075c89f9/events.jsonl,/workspace/benchmarks/refactorbench/outputs/logs/base_single-agent_copilot_qwen_qwen3.6-flash/django_refactor_split-parse-apps-and-model-labels_1779945563010.response.txt,2,5,"/workspace/benchmarks/refactorbench/outputs/workspaces/django_refactor_split-parse-apps-and-model-labels_1779945563010/repo/django/_refbench_ast_compat.py:2: DeprecationWarning: ast.Str is deprecated and will be removed in Python 3.14; use ast.Constant instead
  if not hasattr(ast, 'Str'): ast.Str = ast.Constant
/workspace/benchmarks/refactorbench/outputs/workspaces/django_refactor_split-parse-apps-and-model-labels_1779945563010/repo/django/_refbench_ast_compat.py:3: DeprecationWarning: ast.Bytes is deprecated and will be removed in Python 3.14; use ast.Constant instead
  if not hasattr(ast, 'Bytes'): ast.Bytes = ast.Constant
/workspace/benchmarks/refactorbench/outputs/workspaces/django_refactor_split-parse-apps-and-model-labels_1779945563010/repo/django/_refbench_ast_compat.py:4: DeprecationWarning: ast.Num is deprecated and will be removed in Python 3.14; use ast.Constant instead
  if not hasattr(ast, 'Num'): ast.Num = ast.Constant
/workspace/benchmarks/refactorbench/outputs/workspaces/django_refactor_split-parse-apps-and-model-labels_1779945563010/repo/django/_refbench_ast_compat.py:5: DeprecationWarning: ast.NameConstant is deprecated and will be removed in Python 3.14; use ast.Constant instead
  if not hasattr(ast, 'NameConstant'): ast.NameConstant = ast.Constant
.F/workspace/benchmarks/refactorbench/tests/django_refactor/split-parse-apps-models.py:19: DeprecationWarning: Attribute s is deprecated and will be removed in Python 3.14; use value instead
  isinstance(stmt, ast.If) and ""."" in stmt.test.left.s
.FF
======================================================================
FAIL: test_import_of_new_functions (__main__.TestFunctionSplitting.test_import_of_new_functions)
----------------------------------------------------------------------
Traceback (most recent call last):
  File ""/workspace/benchmarks/refactorbench/tests/django_refactor/split-parse-apps-models.py"", line 90, in test_import_of_new_functions
    self.assertTrue(imports_models, f""'get_models_f"
2026-05-28T05:21:24.614721Z,refbench,benchmark_pipeline_20260528_040832,single-agent,fastapi_refactor,add-log-parameter-generate-option-id-for-path,success,0,62.36,2026-05-28T05:21:24Z,,,,,,/workspace/benchmarks/refactorbench/outputs/logs/base_single-agent_copilot_qwen_qwen3.6-flash/fastapi_refactor_add-log-parameter-generate-option-id-for-path_1779945619682.terminal.txt,/workspace/outputs/platform/home/.copilot/session-state/1ffb8238-8819-4444-8e7f-315f77b8741c/events.jsonl,/workspace/benchmarks/refactorbench/outputs/logs/base_single-agent_copilot_qwen_qwen3.6-flash/fastapi_refactor_add-log-parameter-generate-option-id-for-path_1779945619682.response.txt,5,5,"/workspace/benchmarks/refactorbench/outputs/workspaces/fastapi_refactor_add-log-parameter-generate-option-id-for-path_1779945619682/repo/fastapi/_refbench_ast_compat.py:2: DeprecationWarning: ast.Str is deprecated and will be removed in Python 3.14; use ast.Constant instead
  if not hasattr(ast, 'Str'): ast.Str = ast.Constant
/workspace/benchmarks/refactorbench/outputs/workspaces/fastapi_refactor_add-log-parameter-generate-option-id-for-path_1779945619682/repo/fastapi/_refbench_ast_compat.py:3: DeprecationWarning: ast.Bytes is deprecated and will be removed in Python 3.14; use ast.Constant instead
  if not hasattr(ast, 'Bytes'): ast.Bytes = ast.Constant
/workspace/benchmarks/refactorbench/outputs/workspaces/fastapi_refactor_add-log-parameter-generate-option-id-for-path_1779945619682/repo/fastapi/_refbench_ast_compat.py:4: DeprecationWarning: ast.Num is deprecated and will be removed in Python 3.14; use ast.Constant instead
  if not hasattr(ast, 'Num'): ast.Num = ast.Constant
/workspace/benchmarks/refactorbench/outputs/workspaces/fastapi_refactor_add-log-parameter-generate-option-id-for-path_1779945619682/repo/fastapi/_refbench_ast_compat.py:5: DeprecationWarning: ast.NameConstant is deprecated and will be removed in Python 3.14; use ast.Constant instead
  if not hasattr(ast, 'NameConstant'): ast.NameConstant = ast.Constant
.....
----------------------------------------------------------------------
Ran 5 tests in 0.012s

OK
"
2026-05-28T05:23:26.094747Z,refbench,benchmark_pipeline_20260528_040832,single-agent,fastapi_refactor,exception-handlers-to-handlers,failed,0,119.33,2026-05-28T05:23:26Z,,,,,,/workspace/benchmarks/refactorbench/outputs/logs/base_single-agent_copilot_qwen_qwen3.6-flash/fastapi_refactor_exception-handlers-to-handlers_1779945684984.terminal.txt,/workspace/outputs/platform/home/.copilot/session-state/6c8a903e-1751-4e07-8d5c-ada848b4deaa/events.jsonl,/workspace/benchmarks/refactorbench/outputs/logs/base_single-agent_copilot_qwen_qwen3.6-flash/fastapi_refactor_exception-handlers-to-handlers_1779945684984.response.txt,11,12,"/workspace/benchmarks/refactorbench/outputs/workspaces/fastapi_refactor_exception-handlers-to-handlers_1779945684984/repo/fastapi/_refbench_ast_compat.py:2: DeprecationWarning: ast.Str is deprecated and will be removed in Python 3.14; use ast.Constant instead
  if not hasattr(ast, 'Str'): ast.Str = ast.Constant
/workspace/benchmarks/refactorbench/outputs/workspaces/fastapi_refactor_exception-handlers-to-handlers_1779945684984/repo/fastapi/_refbench_ast_compat.py:3: DeprecationWarning: ast.Bytes is deprecated and will be removed in Python 3.14; use ast.Constant instead
  if not hasattr(ast, 'Bytes'): ast.Bytes = ast.Constant
/workspace/benchmarks/refactorbench/outputs/workspaces/fastapi_refactor_exception-handlers-to-handlers_1779945684984/repo/fastapi/_refbench_ast_compat.py:4: DeprecationWarning: ast.Num is deprecated and will be removed in Python 3.14; use ast.Constant instead
  if not hasattr(ast, 'Num'): ast.Num = ast.Constant
/workspace/benchmarks/refactorbench/outputs/workspaces/fastapi_refactor_exception-handlers-to-handlers_1779945684984/repo/fastapi/_refbench_ast_compat.py:5: DeprecationWarning: ast.NameConstant is deprecated and will be removed in Python 3.14; use ast.Constant instead
  if not hasattr(ast, 'NameConstant'): ast.NameConstant = ast.Constant
.....F......
======================================================================
FAIL: test_handlers_and_exception_handlers_files (__main__.TestExceptionHandlersReference.test_handlers_and_exception_handlers_files)
----------------------------------------------------------------------
Traceback (most recent call last):
  File ""/workspace/benchmarks/refactorbench/tests/fastapi_refactor/exception-handlers-to-handlers-test.py"", line 78, in test_handlers_and_exception_handlers_files
    self.assertFalse(os.path.exists(exception_handlers_path), f""{exception_handlers_path} should not exist"")
AssertionError: True is not false : ../fastapi/exception_handlers.py should not exist

--------------------------------"
2026-05-28T05:24:26.627740Z,refbench,benchmark_pipeline_20260528_040832,single-agent,fastapi_refactor,get-auth-scheme-param,success,0,58.38,2026-05-28T05:24:26Z,,,,,,/workspace/benchmarks/refactorbench/outputs/logs/base_single-agent_copilot_qwen_qwen3.6-flash/fastapi_refactor_get-auth-scheme-param_1779945806478.terminal.txt,/workspace/outputs/platform/home/.copilot/session-state/d87d7523-b828-4d47-b19f-e65eceb685fb/events.jsonl,/workspace/benchmarks/refactorbench/outputs/logs/base_single-agent_copilot_qwen_qwen3.6-flash/fastapi_refactor_get-auth-scheme-param_1779945806478.response.txt,6,6,"/workspace/benchmarks/refactorbench/outputs/workspaces/fastapi_refactor_get-auth-scheme-param_1779945806478/repo/fastapi/_refbench_ast_compat.py:2: DeprecationWarning: ast.Str is deprecated and will be removed in Python 3.14; use ast.Constant instead
  if not hasattr(ast, 'Str'): ast.Str = ast.Constant
/workspace/benchmarks/refactorbench/outputs/workspaces/fastapi_refactor_get-auth-scheme-param_1779945806478/repo/fastapi/_refbench_ast_compat.py:3: DeprecationWarning: ast.Bytes is deprecated and will be removed in Python 3.14; use ast.Constant instead
  if not hasattr(ast, 'Bytes'): ast.Bytes = ast.Constant
/workspace/benchmarks/refactorbench/outputs/workspaces/fastapi_refactor_get-auth-scheme-param_1779945806478/repo/fastapi/_refbench_ast_compat.py:4: DeprecationWarning: ast.Num is deprecated and will be removed in Python 3.14; use ast.Constant instead
  if not hasattr(ast, 'Num'): ast.Num = ast.Constant
/workspace/benchmarks/refactorbench/outputs/workspaces/fastapi_refactor_get-auth-scheme-param_1779945806478/repo/fastapi/_refbench_ast_compat.py:5: DeprecationWarning: ast.NameConstant is deprecated and will be removed in Python 3.14; use ast.Constant instead
  if not hasattr(ast, 'NameConstant'): ast.NameConstant = ast.Constant
......
----------------------------------------------------------------------
Ran 6 tests in 0.002s

OK
"
2026-05-28T05:25:37.367124Z,refbench,benchmark_pipeline_20260528_040832,single-agent,fastapi_refactor,openapi-get-utils,success,0,68.57,2026-05-28T05:25:37Z,,,,,,/workspace/benchmarks/refactorbench/outputs/logs/base_single-agent_copilot_qwen_qwen3.6-flash/fastapi_refactor_openapi-get-utils_1779945867011.terminal.txt,/workspace/outputs/platform/home/.copilot/session-state/4539ff66-c2c9-41ab-b162-0212eb34f632/events.jsonl,/workspace/benchmarks/refactorbench/outputs/logs/base_single-agent_copilot_qwen_qwen3.6-flash/fastapi_refactor_openapi-get-utils_1779945867011.response.txt,9,9,"/workspace/benchmarks/refactorbench/outputs/workspaces/fastapi_refactor_openapi-get-utils_1779945867011/repo/fastapi/_refbench_ast_compat.py:2: DeprecationWarning: ast.Str is deprecated and will be removed in Python 3.14; use ast.Constant instead
  if not hasattr(ast, 'Str'): ast.Str = ast.Constant
/workspace/benchmarks/refactorbench/outputs/workspaces/fastapi_refactor_openapi-get-utils_1779945867011/repo/fastapi/_refbench_ast_compat.py:3: DeprecationWarning: ast.Bytes is deprecated and will be removed in Python 3.14; use ast.Constant instead
  if not hasattr(ast, 'Bytes'): ast.Bytes = ast.Constant
/workspace/benchmarks/refactorbench/outputs/workspaces/fastapi_refactor_openapi-get-utils_1779945867011/repo/fastapi/_refbench_ast_compat.py:4: DeprecationWarning: ast.Num is deprecated and will be removed in Python 3.14; use ast.Constant instead
  if not hasattr(ast, 'Num'): ast.Num = ast.Constant
/workspace/benchmarks/refactorbench/outputs/workspaces/fastapi_refactor_openapi-get-utils_1779945867011/repo/fastapi/_refbench_ast_compat.py:5: DeprecationWarning: ast.NameConstant is deprecated and will be removed in Python 3.14; use ast.Constant instead
  if not hasattr(ast, 'NameConstant'): ast.NameConstant = ast.Constant
..../workspace/benchmarks/refactorbench/tests/fastapi_refactor/openapi-get-utils-test.py:42: DeprecationWarning: ast.Str is deprecated and will be removed in Python 3.14; use ast.Constant instead
  isinstance(body_node.value.args[0], ast.Str) and
/workspace/benchmarks/refactorbench/tests/fastapi_refactor/openapi-get-utils-test.py:44: DeprecationWarning: Attribute s is deprecated and will be removed in Python 3.14; use value instead
  ""it is not used internally, and will be removed soon"" in body_node.value.args[0].s):
.....
----------------------------------------------------------------------
Ran 9 tests in 0.005s

OK
"
2026-05-28T05:27:00.114224Z,refbench,benchmark_pipeline_20260528_040832,single-agent,fastapi_refactor,params-to-param,failed,0,80.45,2026-05-28T05:27:00Z,,,,,,/workspace/benchmarks/refactorbench/outputs/logs/base_single-agent_copilot_qwen_qwen3.6-flash/fastapi_refactor_params-to-param_1779945937745.terminal.txt,/workspace/outputs/platform/home/.copilot/session-state/5ae99da2-47d6-4dca-8ff7-c501edf4a3b8/events.jsonl,/workspace/benchmarks/refactorbench/outputs/logs/base_single-agent_copilot_qwen_qwen3.6-flash/fastapi_refactor_params-to-param_1779945937745.response.txt,10,22,"/workspace/benchmarks/refactorbench/outputs/workspaces/fastapi_refactor_params-to-param_1779945937745/repo/fastapi/_refbench_ast_compat.py:2: DeprecationWarning: ast.Str is deprecated and will be removed in Python 3.14; use ast.Constant instead
  if not hasattr(ast, 'Str'): ast.Str = ast.Constant
/workspace/benchmarks/refactorbench/outputs/workspaces/fastapi_refactor_params-to-param_1779945937745/repo/fastapi/_refbench_ast_compat.py:3: DeprecationWarning: ast.Bytes is deprecated and will be removed in Python 3.14; use ast.Constant instead
  if not hasattr(ast, 'Bytes'): ast.Bytes = ast.Constant
/workspace/benchmarks/refactorbench/outputs/workspaces/fastapi_refactor_params-to-param_1779945937745/repo/fastapi/_refbench_ast_compat.py:4: DeprecationWarning: ast.Num is deprecated and will be removed in Python 3.14; use ast.Constant instead
  if not hasattr(ast, 'Num'): ast.Num = ast.Constant
/workspace/benchmarks/refactorbench/outputs/workspaces/fastapi_refactor_params-to-param_1779945937745/repo/fastapi/_refbench_ast_compat.py:5: DeprecationWarning: ast.NameConstant is deprecated and will be removed in Python 3.14; use ast.Constant instead
  if not hasattr(ast, 'NameConstant'): ast.NameConstant = ast.Constant
.....FFFFFFFFFFFF.....
======================================================================
FAIL: test_no_params_import_in_applications (__main__.TestFastAPIImportRefactor.test_no_params_import_in_applications)
----------------------------------------------------------------------
Traceback (most recent call last):
  File ""/workspace/benchmarks/refactorbench/tests/fastapi_refactor/params-to-param-test.py"", line 215, in test_no_params_import_in_applications
    self.fail(""'from fastapi.params import' should not be used in applications.py"")
AssertionError: 'from fastapi.params import' should not be used in applications.py

======================================================================
FAIL: test_no_params_import_in_compat (__main__.TestFastAPIImportRefactor"
2026-05-28T05:27:36.232427Z,refbench,benchmark_pipeline_20260528_040832,single-agent,fastapi_refactor,value-is-a-sequence,success,0,33.89,2026-05-28T05:27:36Z,,,,,,/workspace/benchmarks/refactorbench/outputs/logs/base_single-agent_copilot_qwen_qwen3.6-flash/fastapi_refactor_value-is-a-sequence_1779946020499.terminal.txt,/workspace/outputs/platform/home/.copilot/session-state/d9700dce-5908-4b74-9f81-e7dedaa091a5/events.jsonl,/workspace/benchmarks/refactorbench/outputs/logs/base_single-agent_copilot_qwen_qwen3.6-flash/fastapi_refactor_value-is-a-sequence_1779946020499.response.txt,5,5,"/workspace/benchmarks/refactorbench/outputs/workspaces/fastapi_refactor_value-is-a-sequence_1779946020499/repo/fastapi/_refbench_ast_compat.py:2: DeprecationWarning: ast.Str is deprecated and will be removed in Python 3.14; use ast.Constant instead
  if not hasattr(ast, 'Str'): ast.Str = ast.Constant
/workspace/benchmarks/refactorbench/outputs/workspaces/fastapi_refactor_value-is-a-sequence_1779946020499/repo/fastapi/_refbench_ast_compat.py:3: DeprecationWarning: ast.Bytes is deprecated and will be removed in Python 3.14; use ast.Constant instead
  if not hasattr(ast, 'Bytes'): ast.Bytes = ast.Constant
/workspace/benchmarks/refactorbench/outputs/workspaces/fastapi_refactor_value-is-a-sequence_1779946020499/repo/fastapi/_refbench_ast_compat.py:4: DeprecationWarning: ast.Num is deprecated and will be removed in Python 3.14; use ast.Constant instead
  if not hasattr(ast, 'Num'): ast.Num = ast.Constant
/workspace/benchmarks/refactorbench/outputs/workspaces/fastapi_refactor_value-is-a-sequence_1779946020499/repo/fastapi/_refbench_ast_compat.py:5: DeprecationWarning: ast.NameConstant is deprecated and will be removed in Python 3.14; use ast.Constant instead
  if not hasattr(ast, 'NameConstant'): ast.NameConstant = ast.Constant
.....
----------------------------------------------------------------------
Ran 5 tests in 0.025s

OK
"
2026-05-28T05:28:26.999077Z,refbench,benchmark_pipeline_20260528_040832,single-agent,flask_refactor,add-log-parameter-get-debug-flag,success,0,49.93,2026-05-28T05:28:26Z,,,,,,/workspace/benchmarks/refactorbench/outputs/logs/base_single-agent_copilot_qwen_qwen3.6-flash/flask_refactor_add-log-parameter-get-debug-flag_1779946056440.terminal.txt,/workspace/outputs/platform/home/.copilot/session-state/a247cf84-ef3b-41fc-8b30-1600c9ce544a/events.jsonl,/workspace/benchmarks/refactorbench/outputs/logs/base_single-agent_copilot_qwen_qwen3.6-flash/flask_refactor_add-log-parameter-get-debug-flag_1779946056440.response.txt,7,7,"/workspace/benchmarks/refactorbench/outputs/workspaces/flask_refactor_add-log-parameter-get-debug-flag_1779946056440/repo/src/_refbench_ast_compat.py:2: DeprecationWarning: ast.Str is deprecated and will be removed in Python 3.14; use ast.Constant instead
  if not hasattr(ast, 'Str'): ast.Str = ast.Constant
/workspace/benchmarks/refactorbench/outputs/workspaces/flask_refactor_add-log-parameter-get-debug-flag_1779946056440/repo/src/_refbench_ast_compat.py:3: DeprecationWarning: ast.Bytes is deprecated and will be removed in Python 3.14; use ast.Constant instead
  if not hasattr(ast, 'Bytes'): ast.Bytes = ast.Constant
/workspace/benchmarks/refactorbench/outputs/workspaces/flask_refactor_add-log-parameter-get-debug-flag_1779946056440/repo/src/_refbench_ast_compat.py:4: DeprecationWarning: ast.Num is deprecated and will be removed in Python 3.14; use ast.Constant instead
  if not hasattr(ast, 'Num'): ast.Num = ast.Constant
/workspace/benchmarks/refactorbench/outputs/workspaces/flask_refactor_add-log-parameter-get-debug-flag_1779946056440/repo/src/_refbench_ast_compat.py:5: DeprecationWarning: ast.NameConstant is deprecated and will be removed in Python 3.14; use ast.Constant instead
  if not hasattr(ast, 'NameConstant'): ast.NameConstant = ast.Constant
.......
----------------------------------------------------------------------
Ran 7 tests in 0.031s

OK
"
2026-05-28T05:29:37.933201Z,refbench,benchmark_pipeline_20260528_040832,single-agent,flask_refactor,add-log-parameter-get-flashed-messages,success,0,70.22,2026-05-28T05:29:37Z,,,,,,/workspace/benchmarks/refactorbench/outputs/logs/base_single-agent_copilot_qwen_qwen3.6-flash/flask_refactor_add-log-parameter-get-flashed-messages_1779946107212.terminal.txt,/workspace/outputs/platform/home/.copilot/session-state/7b0daa0a-ec59-4584-8dd8-0bbecbbc9196/events.jsonl,/workspace/benchmarks/refactorbench/outputs/logs/base_single-agent_copilot_qwen_qwen3.6-flash/flask_refactor_add-log-parameter-get-flashed-messages_1779946107212.response.txt,3,3,"/workspace/benchmarks/refactorbench/outputs/workspaces/flask_refactor_add-log-parameter-get-flashed-messages_1779946107212/repo/src/_refbench_ast_compat.py:2: DeprecationWarning: ast.Str is deprecated and will be removed in Python 3.14; use ast.Constant instead
  if not hasattr(ast, 'Str'): ast.Str = ast.Constant
/workspace/benchmarks/refactorbench/outputs/workspaces/flask_refactor_add-log-parameter-get-flashed-messages_1779946107212/repo/src/_refbench_ast_compat.py:3: DeprecationWarning: ast.Bytes is deprecated and will be removed in Python 3.14; use ast.Constant instead
  if not hasattr(ast, 'Bytes'): ast.Bytes = ast.Constant
/workspace/benchmarks/refactorbench/outputs/workspaces/flask_refactor_add-log-parameter-get-flashed-messages_1779946107212/repo/src/_refbench_ast_compat.py:4: DeprecationWarning: ast.Num is deprecated and will be removed in Python 3.14; use ast.Constant instead
  if not hasattr(ast, 'Num'): ast.Num = ast.Constant
/workspace/benchmarks/refactorbench/outputs/workspaces/flask_refactor_add-log-parameter-get-flashed-messages_1779946107212/repo/src/_refbench_ast_compat.py:5: DeprecationWarning: ast.NameConstant is deprecated and will be removed in Python 3.14; use ast.Constant instead
  if not hasattr(ast, 'NameConstant'): ast.NameConstant = ast.Constant
...
----------------------------------------------------------------------
Ran 3 tests in 0.029s

OK
"
2026-05-28T05:29:54.068772Z,refbench,benchmark_pipeline_20260528_040832,single-agent,flask_refactor,debughelpers-to-helpers.py,timed_out,1,15.36,2026-05-28T05:29:54Z,,,,,,/workspace/benchmarks/refactorbench/outputs/logs/base_single-agent_copilot_qwen_qwen3.6-flash/flask_refactor_debughelpers-to-helpers.py_1779946178149.terminal.txt,/workspace/outputs/platform/home/.copilot/session-state/7b0daa0a-ec59-4584-8dd8-0bbecbbc9196/events.jsonl,/workspace/benchmarks/refactorbench/outputs/logs/base_single-agent_copilot_qwen_qwen3.6-flash/flask_refactor_debughelpers-to-helpers.py_1779946178149.response.txt,,5,No repository changes detected from Copilot response.
2026-05-28T05:30:58.033017Z,refbench,benchmark_pipeline_20260528_040832,single-agent,flask_refactor,rename-send-from-directory,timed_out,1,63.13,2026-05-28T05:30:58Z,,,,,,/workspace/benchmarks/refactorbench/outputs/logs/base_single-agent_copilot_qwen_qwen3.6-flash/flask_refactor_rename-send-from-directory_1779946194318.terminal.txt,/workspace/outputs/platform/home/.copilot/session-state/6bfb86da-76d1-4fdf-b37e-e9d7fb99ce11/events.jsonl,/workspace/benchmarks/refactorbench/outputs/logs/base_single-agent_copilot_qwen_qwen3.6-flash/flask_refactor_rename-send-from-directory_1779946194318.response.txt,1,4,No repository changes detected from Copilot response.
2026-05-28T05:32:13.145045Z,refbench,benchmark_pipeline_20260528_040832,single-agent,flask_refactor,render-template-str,success,0,74.38,2026-05-28T05:32:13Z,,,,,,/workspace/benchmarks/refactorbench/outputs/logs/base_single-agent_copilot_qwen_qwen3.6-flash/flask_refactor_render-template-str_1779946258243.terminal.txt,/workspace/outputs/platform/home/.copilot/session-state/6c516ae1-4051-4768-adf1-930a2340ac70/events.jsonl,/workspace/benchmarks/refactorbench/outputs/logs/base_single-agent_copilot_qwen_qwen3.6-flash/flask_refactor_render-template-str_1779946258243.response.txt,10,10,"/workspace/benchmarks/refactorbench/outputs/workspaces/flask_refactor_render-template-str_1779946258243/repo/src/_refbench_ast_compat.py:2: DeprecationWarning: ast.Str is deprecated and will be removed in Python 3.14; use ast.Constant instead
  if not hasattr(ast, 'Str'): ast.Str = ast.Constant
/workspace/benchmarks/refactorbench/outputs/workspaces/flask_refactor_render-template-str_1779946258243/repo/src/_refbench_ast_compat.py:3: DeprecationWarning: ast.Bytes is deprecated and will be removed in Python 3.14; use ast.Constant instead
  if not hasattr(ast, 'Bytes'): ast.Bytes = ast.Constant
/workspace/benchmarks/refactorbench/outputs/workspaces/flask_refactor_render-template-str_1779946258243/repo/src/_refbench_ast_compat.py:4: DeprecationWarning: ast.Num is deprecated and will be removed in Python 3.14; use ast.Constant instead
  if not hasattr(ast, 'Num'): ast.Num = ast.Constant
/workspace/benchmarks/refactorbench/outputs/workspaces/flask_refactor_render-template-str_1779946258243/repo/src/_refbench_ast_compat.py:5: DeprecationWarning: ast.NameConstant is deprecated and will be removed in Python 3.14; use ast.Constant instead
  if not hasattr(ast, 'NameConstant'): ast.NameConstant = ast.Constant
..........
----------------------------------------------------------------------
Ran 10 tests in 0.032s

OK
"
2026-05-28T05:32:51.504304Z,refbench,benchmark_pipeline_20260528_040832,single-agent,flask_refactor,stream-template-str,failed,0,37.62,2026-05-28T05:32:51Z,,,,,,/workspace/benchmarks/refactorbench/outputs/logs/base_single-agent_copilot_qwen_qwen3.6-flash/flask_refactor_stream-template-str_1779946333382.terminal.txt,/workspace/outputs/platform/home/.copilot/session-state/52dd1741-f63f-44c1-9a2f-77994e667064/events.jsonl,/workspace/benchmarks/refactorbench/outputs/logs/base_single-agent_copilot_qwen_qwen3.6-flash/flask_refactor_stream-template-str_1779946333382.response.txt,3,4,"/workspace/benchmarks/refactorbench/outputs/workspaces/flask_refactor_stream-template-str_1779946333382/repo/src/_refbench_ast_compat.py:2: DeprecationWarning: ast.Str is deprecated and will be removed in Python 3.14; use ast.Constant instead
  if not hasattr(ast, 'Str'): ast.Str = ast.Constant
/workspace/benchmarks/refactorbench/outputs/workspaces/flask_refactor_stream-template-str_1779946333382/repo/src/_refbench_ast_compat.py:3: DeprecationWarning: ast.Bytes is deprecated and will be removed in Python 3.14; use ast.Constant instead
  if not hasattr(ast, 'Bytes'): ast.Bytes = ast.Constant
/workspace/benchmarks/refactorbench/outputs/workspaces/flask_refactor_stream-template-str_1779946333382/repo/src/_refbench_ast_compat.py:4: DeprecationWarning: ast.Num is deprecated and will be removed in Python 3.14; use ast.Constant instead
  if not hasattr(ast, 'Num'): ast.Num = ast.Constant
/workspace/benchmarks/refactorbench/outputs/workspaces/flask_refactor_stream-template-str_1779946333382/repo/src/_refbench_ast_compat.py:5: DeprecationWarning: ast.NameConstant is deprecated and will be removed in Python 3.14; use ast.Constant instead
  if not hasattr(ast, 'NameConstant'): ast.NameConstant = ast.Constant
.F..
======================================================================
FAIL: test_import_in_init (__main__.TestHelpersFunctions.test_import_in_init)
----------------------------------------------------------------------
Traceback (most recent call last):
  File ""/workspace/benchmarks/refactorbench/tests/flask_refactor/stream-template-str-test.py"", line 52, in test_import_in_init
    self.assertTrue(import_found, ""Import 'from .templating import stream_template_str as stream_template_string' not found in __init__.py"")
AssertionError: False is not true : Import 'from .templating import stream_template_str as stream_template_string' not found in __init__.py

----------------------------------------------------------------------
Ran 4 tests in 0.010s

FAILED (failures=1)
"
2026-05-28T05:33:40.057679Z,refbench,benchmark_pipeline_20260528_040832,single-agent,requests_refactor,add-log-parameter-get-encoding-from-headers,failed,0,47.8,2026-05-28T05:33:40Z,,,,,,/workspace/benchmarks/refactorbench/outputs/logs/base_single-agent_copilot_qwen_qwen3.6-flash/requests_refactor_add-log-parameter-get-encoding-from-headers_1779946371538.terminal.txt,/workspace/outputs/platform/home/.copilot/session-state/947a9e3a-5974-4326-b365-02b73c65875c/events.jsonl,/workspace/benchmarks/refactorbench/outputs/logs/base_single-agent_copilot_qwen_qwen3.6-flash/requests_refactor_add-log-parameter-get-encoding-from-headers_1779946371538.response.txt,2,3,"/workspace/benchmarks/refactorbench/outputs/workspaces/requests_refactor_add-log-parameter-get-encoding-from-headers_1779946371538/repo/src/_refbench_ast_compat.py:2: DeprecationWarning: ast.Str is deprecated and will be removed in Python 3.14; use ast.Constant instead
  if not hasattr(ast, 'Str'): ast.Str = ast.Constant
/workspace/benchmarks/refactorbench/outputs/workspaces/requests_refactor_add-log-parameter-get-encoding-from-headers_1779946371538/repo/src/_refbench_ast_compat.py:3: DeprecationWarning: ast.Bytes is deprecated and will be removed in Python 3.14; use ast.Constant instead
  if not hasattr(ast, 'Bytes'): ast.Bytes = ast.Constant
/workspace/benchmarks/refactorbench/outputs/workspaces/requests_refactor_add-log-parameter-get-encoding-from-headers_1779946371538/repo/src/_refbench_ast_compat.py:4: DeprecationWarning: ast.Num is deprecated and will be removed in Python 3.14; use ast.Constant instead
  if not hasattr(ast, 'Num'): ast.Num = ast.Constant
/workspace/benchmarks/refactorbench/outputs/workspaces/requests_refactor_add-log-parameter-get-encoding-from-headers_1779946371538/repo/src/_refbench_ast_compat.py:5: DeprecationWarning: ast.NameConstant is deprecated and will be removed in Python 3.14; use ast.Constant instead
  if not hasattr(ast, 'NameConstant'): ast.NameConstant = ast.Constant
..F
======================================================================
FAIL: test_log_param_in_function_call_false (__main__.TestFunctionParameter.test_log_param_in_function_call_false)
----------------------------------------------------------------------
Traceback (most recent call last):
  File ""/workspace/benchmarks/refactorbench/tests/requests_refactor/get-encoding-from-headers.py"", line 83, in test_log_param_in_function_call_false
    self.assertTrue(log_param_set_to_true, ""Function 'get_encoding_from_headers' is called without 'log=False' in the function call in tests"")
AssertionError: False is not true : Function 'get_encoding_from_headers' is called with"
2026-05-28T05:34:42.667659Z,refbench,benchmark_pipeline_20260528_040832,single-agent,requests_refactor,add-log-parameter-resolve-proxies,success,0,62.04,2026-05-28T05:34:42Z,,,,,,/workspace/benchmarks/refactorbench/outputs/logs/base_single-agent_copilot_qwen_qwen3.6-flash/requests_refactor_add-log-parameter-resolve-proxies_1779946420088.terminal.txt,/workspace/outputs/platform/home/.copilot/session-state/99f86ab6-772f-4b78-b09e-74ea696c5227/events.jsonl,/workspace/benchmarks/refactorbench/outputs/logs/base_single-agent_copilot_qwen_qwen3.6-flash/requests_refactor_add-log-parameter-resolve-proxies_1779946420088.response.txt,2,2,"/workspace/benchmarks/refactorbench/outputs/workspaces/requests_refactor_add-log-parameter-resolve-proxies_1779946420088/repo/src/_refbench_ast_compat.py:2: DeprecationWarning: ast.Str is deprecated and will be removed in Python 3.14; use ast.Constant instead
  if not hasattr(ast, 'Str'): ast.Str = ast.Constant
/workspace/benchmarks/refactorbench/outputs/workspaces/requests_refactor_add-log-parameter-resolve-proxies_1779946420088/repo/src/_refbench_ast_compat.py:3: DeprecationWarning: ast.Bytes is deprecated and will be removed in Python 3.14; use ast.Constant instead
  if not hasattr(ast, 'Bytes'): ast.Bytes = ast.Constant
/workspace/benchmarks/refactorbench/outputs/workspaces/requests_refactor_add-log-parameter-resolve-proxies_1779946420088/repo/src/_refbench_ast_compat.py:4: DeprecationWarning: ast.Num is deprecated and will be removed in Python 3.14; use ast.Constant instead
  if not hasattr(ast, 'Num'): ast.Num = ast.Constant
/workspace/benchmarks/refactorbench/outputs/workspaces/requests_refactor_add-log-parameter-resolve-proxies_1779946420088/repo/src/_refbench_ast_compat.py:5: DeprecationWarning: ast.NameConstant is deprecated and will be removed in Python 3.14; use ast.Constant instead
  if not hasattr(ast, 'NameConstant'): ast.NameConstant = ast.Constant
..
----------------------------------------------------------------------
Ran 2 tests in 0.009s

OK
"
2026-05-28T05:35:29.114124Z,refbench,benchmark_pipeline_20260528_040832,single-agent,requests_refactor,add-log-parameter-select-proxy,timed_out,1,45.88,2026-05-28T05:35:29Z,,,,,,/workspace/benchmarks/refactorbench/outputs/logs/base_single-agent_copilot_qwen_qwen3.6-flash/requests_refactor_add-log-parameter-select-proxy_1779946482698.terminal.txt,/workspace/outputs/platform/home/.copilot/session-state/17f5641e-4e39-4390-a535-250d2773ac67/events.jsonl,/workspace/benchmarks/refactorbench/outputs/logs/base_single-agent_copilot_qwen_qwen3.6-flash/requests_refactor_add-log-parameter-select-proxy_1779946482698.response.txt,,2,No repository changes detected from Copilot response.
2026-05-28T05:36:54.054251Z,refbench,benchmark_pipeline_20260528_040832,single-agent,requests_refactor,combine-from-key-to-key,success,0,84.28,2026-05-28T05:36:54Z,,,,,,/workspace/benchmarks/refactorbench/outputs/logs/base_single-agent_copilot_qwen_qwen3.6-flash/requests_refactor_combine-from-key-to-key_1779946529151.terminal.txt,/workspace/outputs/platform/home/.copilot/session-state/c9679b80-702b-49f7-b87e-2927b70682f0/events.jsonl,/workspace/benchmarks/refactorbench/outputs/logs/base_single-agent_copilot_qwen_qwen3.6-flash/requests_refactor_combine-from-key-to-key_1779946529151.response.txt,5,5,"/workspace/benchmarks/refactorbench/outputs/workspaces/requests_refactor_combine-from-key-to-key_1779946529151/repo/src/_refbench_ast_compat.py:2: DeprecationWarning: ast.Str is deprecated and will be removed in Python 3.14; use ast.Constant instead
  if not hasattr(ast, 'Str'): ast.Str = ast.Constant
/workspace/benchmarks/refactorbench/outputs/workspaces/requests_refactor_combine-from-key-to-key_1779946529151/repo/src/_refbench_ast_compat.py:3: DeprecationWarning: ast.Bytes is deprecated and will be removed in Python 3.14; use ast.Constant instead
  if not hasattr(ast, 'Bytes'): ast.Bytes = ast.Constant
/workspace/benchmarks/refactorbench/outputs/workspaces/requests_refactor_combine-from-key-to-key_1779946529151/repo/src/_refbench_ast_compat.py:4: DeprecationWarning: ast.Num is deprecated and will be removed in Python 3.14; use ast.Constant instead
  if not hasattr(ast, 'Num'): ast.Num = ast.Constant
/workspace/benchmarks/refactorbench/outputs/workspaces/requests_refactor_combine-from-key-to-key_1779946529151/repo/src/_refbench_ast_compat.py:5: DeprecationWarning: ast.NameConstant is deprecated and will be removed in Python 3.14; use ast.Constant instead
  if not hasattr(ast, 'NameConstant'): ast.NameConstant = ast.Constant
.....
----------------------------------------------------------------------
Ran 5 tests in 0.057s

OK
"
2026-05-28T05:40:28.910149Z,refbench,benchmark_pipeline_20260528_040832,single-agent,requests_refactor,combine-internal-utils-utils,failed,0,214.26,2026-05-28T05:40:28Z,,,,,,/workspace/benchmarks/refactorbench/outputs/logs/base_single-agent_copilot_qwen_qwen3.6-flash/requests_refactor_combine-internal-utils-utils_1779946614085.terminal.txt,/workspace/outputs/platform/home/.copilot/session-state/3d486ca4-af2d-4fc8-a89c-edf7acb8f803/events.jsonl,/workspace/benchmarks/refactorbench/outputs/logs/base_single-agent_copilot_qwen_qwen3.6-flash/requests_refactor_combine-internal-utils-utils_1779946614085.response.txt,1,7,"/workspace/benchmarks/refactorbench/outputs/workspaces/requests_refactor_combine-internal-utils-utils_1779946614085/repo/src/_refbench_ast_compat.py:2: DeprecationWarning: ast.Str is deprecated and will be removed in Python 3.14; use ast.Constant instead
  if not hasattr(ast, 'Str'): ast.Str = ast.Constant
/workspace/benchmarks/refactorbench/outputs/workspaces/requests_refactor_combine-internal-utils-utils_1779946614085/repo/src/_refbench_ast_compat.py:3: DeprecationWarning: ast.Bytes is deprecated and will be removed in Python 3.14; use ast.Constant instead
  if not hasattr(ast, 'Bytes'): ast.Bytes = ast.Constant
/workspace/benchmarks/refactorbench/outputs/workspaces/requests_refactor_combine-internal-utils-utils_1779946614085/repo/src/_refbench_ast_compat.py:4: DeprecationWarning: ast.Num is deprecated and will be removed in Python 3.14; use ast.Constant instead
  if not hasattr(ast, 'Num'): ast.Num = ast.Constant
/workspace/benchmarks/refactorbench/outputs/workspaces/requests_refactor_combine-internal-utils-utils_1779946614085/repo/src/_refbench_ast_compat.py:5: DeprecationWarning: ast.NameConstant is deprecated and will be removed in Python 3.14; use ast.Constant instead
  if not hasattr(ast, 'NameConstant'): ast.NameConstant = ast.Constant
FFFFFF.
======================================================================
FAIL: test_auth_py_imports_updated (__main__.TestCacheMigration.test_auth_py_imports_updated)
----------------------------------------------------------------------
Traceback (most recent call last):
  File ""/workspace/benchmarks/refactorbench/tests/requests_refactor/internal-utils-utils.py"", line 33, in test_auth_py_imports_updated
    self.assertTrue(import_found, f""Import 'from requests.utils import to_native_string' not found in {file_path}"")
AssertionError: False is not true : Import 'from requests.utils import to_native_string' not found in ../src/requests/auth.py

======================================================================
FAIL: t"
2026-05-28T05:48:21.850108Z,refbench,benchmark_pipeline_20260528_040832,single-agent,requests_refactor,move-hooks-sessions,failed,0,472.27,2026-05-28T05:48:21Z,,,,,,/workspace/benchmarks/refactorbench/outputs/logs/base_single-agent_copilot_qwen_qwen3.6-flash/requests_refactor_move-hooks-sessions_1779946828942.terminal.txt,/workspace/outputs/platform/home/.copilot/session-state/06e1082b-6b85-4a8f-ba25-5bda0353183c/events.jsonl,/workspace/benchmarks/refactorbench/outputs/logs/base_single-agent_copilot_qwen_qwen3.6-flash/requests_refactor_move-hooks-sessions_1779946828942.response.txt,4,7,"/workspace/benchmarks/refactorbench/outputs/workspaces/requests_refactor_move-hooks-sessions_1779946828942/repo/src/_refbench_ast_compat.py:2: DeprecationWarning: ast.Str is deprecated and will be removed in Python 3.14; use ast.Constant instead
  if not hasattr(ast, 'Str'): ast.Str = ast.Constant
/workspace/benchmarks/refactorbench/outputs/workspaces/requests_refactor_move-hooks-sessions_1779946828942/repo/src/_refbench_ast_compat.py:3: DeprecationWarning: ast.Bytes is deprecated and will be removed in Python 3.14; use ast.Constant instead
  if not hasattr(ast, 'Bytes'): ast.Bytes = ast.Constant
/workspace/benchmarks/refactorbench/outputs/workspaces/requests_refactor_move-hooks-sessions_1779946828942/repo/src/_refbench_ast_compat.py:4: DeprecationWarning: ast.Num is deprecated and will be removed in Python 3.14; use ast.Constant instead
  if not hasattr(ast, 'Num'): ast.Num = ast.Constant
/workspace/benchmarks/refactorbench/outputs/workspaces/requests_refactor_move-hooks-sessions_1779946828942/repo/src/_refbench_ast_compat.py:5: DeprecationWarning: ast.NameConstant is deprecated and will be removed in Python 3.14; use ast.Constant instead
  if not hasattr(ast, 'NameConstant'): ast.NameConstant = ast.Constant
..FF.F.
======================================================================
FAIL: test_hooks_py_removed (__main__.TestHooksMigration.test_hooks_py_removed)
----------------------------------------------------------------------
Traceback (most recent call last):
  File ""/workspace/benchmarks/refactorbench/tests/requests_refactor/move-hooks-sessions.py"", line 12, in test_hooks_py_removed
    self.assertFalse(os.path.exists(file_path), f""{file_path} should not exist"")
AssertionError: True is not false : ../src/requests/hooks.py should not exist

======================================================================
FAIL: test_models_imports_default_hooks (__main__.TestHooksMigration.test_models_imports_default_hooks)
--------------------------------------------"
2026-05-28T05:52:42.352103Z,refbench,benchmark_pipeline_20260528_040832,single-agent,requests_refactor,new-cookie-utils-class,failed,0,259.88,2026-05-28T05:52:42Z,,,,,,/workspace/benchmarks/refactorbench/outputs/logs/base_single-agent_copilot_qwen_qwen3.6-flash/requests_refactor_new-cookie-utils-class_1779947301870.terminal.txt,/workspace/outputs/platform/home/.copilot/session-state/808da5a5-4d4a-4f2c-b841-a66014c5af0c/events.jsonl,/workspace/benchmarks/refactorbench/outputs/logs/base_single-agent_copilot_qwen_qwen3.6-flash/requests_refactor_new-cookie-utils-class_1779947301870.response.txt,,4,"/workspace/benchmarks/refactorbench/outputs/workspaces/requests_refactor_new-cookie-utils-class_1779947301870/repo/src/_refbench_ast_compat.py:2: DeprecationWarning: ast.Str is deprecated and will be removed in Python 3.14; use ast.Constant instead
  if not hasattr(ast, 'Str'): ast.Str = ast.Constant
/workspace/benchmarks/refactorbench/outputs/workspaces/requests_refactor_new-cookie-utils-class_1779947301870/repo/src/_refbench_ast_compat.py:3: DeprecationWarning: ast.Bytes is deprecated and will be removed in Python 3.14; use ast.Constant instead
  if not hasattr(ast, 'Bytes'): ast.Bytes = ast.Constant
/workspace/benchmarks/refactorbench/outputs/workspaces/requests_refactor_new-cookie-utils-class_1779947301870/repo/src/_refbench_ast_compat.py:4: DeprecationWarning: ast.Num is deprecated and will be removed in Python 3.14; use ast.Constant instead
  if not hasattr(ast, 'Num'): ast.Num = ast.Constant
/workspace/benchmarks/refactorbench/outputs/workspaces/requests_refactor_new-cookie-utils-class_1779947301870/repo/src/_refbench_ast_compat.py:5: DeprecationWarning: ast.NameConstant is deprecated and will be removed in Python 3.14; use ast.Constant instead
  if not hasattr(ast, 'NameConstant'): ast.NameConstant = ast.Constant
.FFFFFF.
======================================================================
FAIL: test_file_imports_cookie_utils (__main__.TestCookieUtilsMigration.test_file_imports_cookie_utils) (test_file_path='../src/requests/adapters.py')
----------------------------------------------------------------------
Traceback (most recent call last):
  File ""/workspace/benchmarks/refactorbench/tests/requests_refactor/cookie-utils.py"", line 89, in test_file_imports_cookie_utils
    self.assertTrue(import_found, f""Import 'from requests.cookies import CookieUtils' not found in {test_file_path}"")
AssertionError: False is not true : Import 'from requests.cookies import CookieUtils' not found in ../src/requests/adapters.py

==============================================="
2026-05-28T05:53:34.823276Z,refbench,benchmark_pipeline_20260528_040832,single-agent,requests_refactor,rename-lookup-dict-dict-lookup,success,0,51.92,2026-05-28T05:53:34Z,,,,,,/workspace/benchmarks/refactorbench/outputs/logs/base_single-agent_copilot_qwen_qwen3.6-flash/requests_refactor_rename-lookup-dict-dict-lookup_1779947562372.terminal.txt,/workspace/outputs/platform/home/.copilot/session-state/bf485b40-6b66-49d0-be5b-46f96e8cccb6/events.jsonl,/workspace/benchmarks/refactorbench/outputs/logs/base_single-agent_copilot_qwen_qwen3.6-flash/requests_refactor_rename-lookup-dict-dict-lookup_1779947562372.response.txt,7,7,"/workspace/benchmarks/refactorbench/outputs/workspaces/requests_refactor_rename-lookup-dict-dict-lookup_1779947562372/repo/src/_refbench_ast_compat.py:2: DeprecationWarning: ast.Str is deprecated and will be removed in Python 3.14; use ast.Constant instead
  if not hasattr(ast, 'Str'): ast.Str = ast.Constant
/workspace/benchmarks/refactorbench/outputs/workspaces/requests_refactor_rename-lookup-dict-dict-lookup_1779947562372/repo/src/_refbench_ast_compat.py:3: DeprecationWarning: ast.Bytes is deprecated and will be removed in Python 3.14; use ast.Constant instead
  if not hasattr(ast, 'Bytes'): ast.Bytes = ast.Constant
/workspace/benchmarks/refactorbench/outputs/workspaces/requests_refactor_rename-lookup-dict-dict-lookup_1779947562372/repo/src/_refbench_ast_compat.py:4: DeprecationWarning: ast.Num is deprecated and will be removed in Python 3.14; use ast.Constant instead
  if not hasattr(ast, 'Num'): ast.Num = ast.Constant
/workspace/benchmarks/refactorbench/outputs/workspaces/requests_refactor_rename-lookup-dict-dict-lookup_1779947562372/repo/src/_refbench_ast_compat.py:5: DeprecationWarning: ast.NameConstant is deprecated and will be removed in Python 3.14; use ast.Constant instead
  if not hasattr(ast, 'NameConstant'): ast.NameConstant = ast.Constant
.......
----------------------------------------------------------------------
Ran 7 tests in 0.006s

OK
"
2026-05-28T05:54:43.563292Z,refbench,benchmark_pipeline_20260528_040832,single-agent,requests_refactor,rename-super-len-complex-len,failed,0,68.15,2026-05-28T05:54:43Z,,,,,,/workspace/benchmarks/refactorbench/outputs/logs/base_single-agent_copilot_qwen_qwen3.6-flash/requests_refactor_rename-super-len-complex-len_1779947614842.terminal.txt,/workspace/outputs/platform/home/.copilot/session-state/2f81deb0-9447-4021-a0c2-b3e8b3dd2a77/events.jsonl,/workspace/benchmarks/refactorbench/outputs/logs/base_single-agent_copilot_qwen_qwen3.6-flash/requests_refactor_rename-super-len-complex-len_1779947614842.response.txt,2,3,"/workspace/benchmarks/refactorbench/outputs/workspaces/requests_refactor_rename-super-len-complex-len_1779947614842/repo/src/_refbench_ast_compat.py:2: DeprecationWarning: ast.Str is deprecated and will be removed in Python 3.14; use ast.Constant instead
  if not hasattr(ast, 'Str'): ast.Str = ast.Constant
/workspace/benchmarks/refactorbench/outputs/workspaces/requests_refactor_rename-super-len-complex-len_1779947614842/repo/src/_refbench_ast_compat.py:3: DeprecationWarning: ast.Bytes is deprecated and will be removed in Python 3.14; use ast.Constant instead
  if not hasattr(ast, 'Bytes'): ast.Bytes = ast.Constant
/workspace/benchmarks/refactorbench/outputs/workspaces/requests_refactor_rename-super-len-complex-len_1779947614842/repo/src/_refbench_ast_compat.py:4: DeprecationWarning: ast.Num is deprecated and will be removed in Python 3.14; use ast.Constant instead
  if not hasattr(ast, 'Num'): ast.Num = ast.Constant
/workspace/benchmarks/refactorbench/outputs/workspaces/requests_refactor_rename-super-len-complex-len_1779947614842/repo/src/_refbench_ast_compat.py:5: DeprecationWarning: ast.NameConstant is deprecated and will be removed in Python 3.14; use ast.Constant instead
  if not hasattr(ast, 'NameConstant'): ast.NameConstant = ast.Constant
..E
======================================================================
ERROR: test_super_len_renamed_to_complex_len (__main__.TestFunctionRenaming.test_super_len_renamed_to_complex_len)
----------------------------------------------------------------------
Traceback (most recent call last):
  File ""/workspace/benchmarks/refactorbench/tests/requests_refactor/super-to-complex-len.py"", line 20, in test_super_len_renamed_to_complex_len
    tree = ast.parse(file.read())
           ^^^^^^^^^^^^^^^^^^^^^^
  File ""/usr/local/lib/python3.12/ast.py"", line 52, in parse
    return compile(source, filename, mode, flags,
           ^^^^^^^^^^^^^^^^^^^^^^^^^^^^^^^^^^^^^^
  File ""<unknown>"", line 40
    super_len = complex_len
          "
2026-05-28T05:56:10.494487Z,refbench,benchmark_pipeline_20260528_040832,single-agent,requests_refactor,split-warnings-exceptions,success,0,86.35,2026-05-28T05:56:10Z,,,,,,/workspace/benchmarks/refactorbench/outputs/logs/base_single-agent_copilot_qwen_qwen3.6-flash/requests_refactor_split-warnings-exceptions_1779947683584.terminal.txt,/workspace/outputs/platform/home/.copilot/session-state/e8b795f7-facb-4a55-9c91-e65341e8d376/events.jsonl,/workspace/benchmarks/refactorbench/outputs/logs/base_single-agent_copilot_qwen_qwen3.6-flash/requests_refactor_split-warnings-exceptions_1779947683584.response.txt,9,9,"/workspace/benchmarks/refactorbench/outputs/workspaces/requests_refactor_split-warnings-exceptions_1779947683584/repo/src/_refbench_ast_compat.py:2: DeprecationWarning: ast.Str is deprecated and will be removed in Python 3.14; use ast.Constant instead
  if not hasattr(ast, 'Str'): ast.Str = ast.Constant
/workspace/benchmarks/refactorbench/outputs/workspaces/requests_refactor_split-warnings-exceptions_1779947683584/repo/src/_refbench_ast_compat.py:3: DeprecationWarning: ast.Bytes is deprecated and will be removed in Python 3.14; use ast.Constant instead
  if not hasattr(ast, 'Bytes'): ast.Bytes = ast.Constant
/workspace/benchmarks/refactorbench/outputs/workspaces/requests_refactor_split-warnings-exceptions_1779947683584/repo/src/_refbench_ast_compat.py:4: DeprecationWarning: ast.Num is deprecated and will be removed in Python 3.14; use ast.Constant instead
  if not hasattr(ast, 'Num'): ast.Num = ast.Constant
/workspace/benchmarks/refactorbench/outputs/workspaces/requests_refactor_split-warnings-exceptions_1779947683584/repo/src/_refbench_ast_compat.py:5: DeprecationWarning: ast.NameConstant is deprecated and will be removed in Python 3.14; use ast.Constant instead
  if not hasattr(ast, 'NameConstant'): ast.NameConstant = ast.Constant
.........
----------------------------------------------------------------------
Ran 9 tests in 0.014s

OK
"
2026-05-28T05:57:03.257265Z,refbench,benchmark_pipeline_20260528_040832,single-agent,salt_refactor,add-log-parameter-delete-directory,success,0,47.97,2026-05-28T05:57:03Z,,,,,,/workspace/benchmarks/refactorbench/outputs/logs/base_single-agent_copilot_qwen_qwen3.6-flash/salt_refactor_add-log-parameter-delete-directory_1779947770514.terminal.txt,/workspace/outputs/platform/home/.copilot/session-state/dea7fcf0-49c4-4486-ba9a-f74c13d8647b/events.jsonl,/workspace/benchmarks/refactorbench/outputs/logs/base_single-agent_copilot_qwen_qwen3.6-flash/salt_refactor_add-log-parameter-delete-directory_1779947770514.response.txt,4,4,"/workspace/benchmarks/refactorbench/outputs/workspaces/salt_refactor_add-log-parameter-delete-directory_1779947770514/repo/salt/_refbench_ast_compat.py:2: DeprecationWarning: ast.Str is deprecated and will be removed in Python 3.14; use ast.Constant instead
  if not hasattr(ast, 'Str'): ast.Str = ast.Constant
/workspace/benchmarks/refactorbench/outputs/workspaces/salt_refactor_add-log-parameter-delete-directory_1779947770514/repo/salt/_refbench_ast_compat.py:3: DeprecationWarning: ast.Bytes is deprecated and will be removed in Python 3.14; use ast.Constant instead
  if not hasattr(ast, 'Bytes'): ast.Bytes = ast.Constant
/workspace/benchmarks/refactorbench/outputs/workspaces/salt_refactor_add-log-parameter-delete-directory_1779947770514/repo/salt/_refbench_ast_compat.py:4: DeprecationWarning: ast.Num is deprecated and will be removed in Python 3.14; use ast.Constant instead
  if not hasattr(ast, 'Num'): ast.Num = ast.Constant
/workspace/benchmarks/refactorbench/outputs/workspaces/salt_refactor_add-log-parameter-delete-directory_1779947770514/repo/salt/_refbench_ast_compat.py:5: DeprecationWarning: ast.NameConstant is deprecated and will be removed in Python 3.14; use ast.Constant instead
  if not hasattr(ast, 'NameConstant'): ast.NameConstant = ast.Constant
....
----------------------------------------------------------------------
Ran 4 tests in 0.043s

OK
"
2026-05-28T05:58:58.924194Z,refbench,benchmark_pipeline_20260528_040832,single-agent,salt_refactor,add-log-parameter-get-capability-definitions,success,0,112.41,2026-05-28T05:58:58Z,,,,,,/workspace/benchmarks/refactorbench/outputs/logs/base_single-agent_copilot_qwen_qwen3.6-flash/salt_refactor_add-log-parameter-get-capability-definitions_1779947823278.terminal.txt,/workspace/outputs/platform/home/.copilot/session-state/1f8c1a76-c8d5-45e8-a0e5-4126fe1841d7/events.jsonl,/workspace/benchmarks/refactorbench/outputs/logs/base_single-agent_copilot_qwen_qwen3.6-flash/salt_refactor_add-log-parameter-get-capability-definitions_1779947823278.response.txt,3,3,"/workspace/benchmarks/refactorbench/outputs/workspaces/salt_refactor_add-log-parameter-get-capability-definitions_1779947823278/repo/salt/_refbench_ast_compat.py:2: DeprecationWarning: ast.Str is deprecated and will be removed in Python 3.14; use ast.Constant instead
  if not hasattr(ast, 'Str'): ast.Str = ast.Constant
/workspace/benchmarks/refactorbench/outputs/workspaces/salt_refactor_add-log-parameter-get-capability-definitions_1779947823278/repo/salt/_refbench_ast_compat.py:3: DeprecationWarning: ast.Bytes is deprecated and will be removed in Python 3.14; use ast.Constant instead
  if not hasattr(ast, 'Bytes'): ast.Bytes = ast.Constant
/workspace/benchmarks/refactorbench/outputs/workspaces/salt_refactor_add-log-parameter-get-capability-definitions_1779947823278/repo/salt/_refbench_ast_compat.py:4: DeprecationWarning: ast.Num is deprecated and will be removed in Python 3.14; use ast.Constant instead
  if not hasattr(ast, 'Num'): ast.Num = ast.Constant
/workspace/benchmarks/refactorbench/outputs/workspaces/salt_refactor_add-log-parameter-get-capability-definitions_1779947823278/repo/salt/_refbench_ast_compat.py:5: DeprecationWarning: ast.NameConstant is deprecated and will be removed in Python 3.14; use ast.Constant instead
  if not hasattr(ast, 'NameConstant'): ast.NameConstant = ast.Constant
...
----------------------------------------------------------------------
Ran 3 tests in 0.096s

OK
"
2026-05-28T06:01:03.836176Z,refbench,benchmark_pipeline_20260528_040832,single-agent,salt_refactor,add-log-parameter-recursive-diff,success,0,121.55,2026-05-28T06:01:03Z,,,,,,/workspace/benchmarks/refactorbench/outputs/logs/base_single-agent_copilot_qwen_qwen3.6-flash/salt_refactor_add-log-parameter-recursive-diff_1779947938944.terminal.txt,/workspace/outputs/platform/home/.copilot/session-state/9304110d-c64c-48e0-a2a5-3d346d5504a1/events.jsonl,/workspace/benchmarks/refactorbench/outputs/logs/base_single-agent_copilot_qwen_qwen3.6-flash/salt_refactor_add-log-parameter-recursive-diff_1779947938944.response.txt,6,6,"/workspace/benchmarks/refactorbench/outputs/workspaces/salt_refactor_add-log-parameter-recursive-diff_1779947938944/repo/salt/_refbench_ast_compat.py:2: DeprecationWarning: ast.Str is deprecated and will be removed in Python 3.14; use ast.Constant instead
  if not hasattr(ast, 'Str'): ast.Str = ast.Constant
/workspace/benchmarks/refactorbench/outputs/workspaces/salt_refactor_add-log-parameter-recursive-diff_1779947938944/repo/salt/_refbench_ast_compat.py:3: DeprecationWarning: ast.Bytes is deprecated and will be removed in Python 3.14; use ast.Constant instead
  if not hasattr(ast, 'Bytes'): ast.Bytes = ast.Constant
/workspace/benchmarks/refactorbench/outputs/workspaces/salt_refactor_add-log-parameter-recursive-diff_1779947938944/repo/salt/_refbench_ast_compat.py:4: DeprecationWarning: ast.Num is deprecated and will be removed in Python 3.14; use ast.Constant instead
  if not hasattr(ast, 'Num'): ast.Num = ast.Constant
/workspace/benchmarks/refactorbench/outputs/workspaces/salt_refactor_add-log-parameter-recursive-diff_1779947938944/repo/salt/_refbench_ast_compat.py:5: DeprecationWarning: ast.NameConstant is deprecated and will be removed in Python 3.14; use ast.Constant instead
  if not hasattr(ast, 'NameConstant'): ast.NameConstant = ast.Constant
......
----------------------------------------------------------------------
Ran 6 tests in 0.105s

OK
"
2026-05-28T06:01:55.829432Z,refbench,benchmark_pipeline_20260528_040832,single-agent,salt_refactor,cant-create,failed,0,48.69,2026-05-28T06:01:55Z,,,,,,/workspace/benchmarks/refactorbench/outputs/logs/base_single-agent_copilot_qwen_qwen3.6-flash/salt_refactor_cant-create_1779948063858.terminal.txt,/workspace/outputs/platform/home/.copilot/session-state/c401e942-b7d6-4290-b3c3-6b6e89d7c833/events.jsonl,/workspace/benchmarks/refactorbench/outputs/logs/base_single-agent_copilot_qwen_qwen3.6-flash/salt_refactor_cant-create_1779948063858.response.txt,6,8,"/workspace/benchmarks/refactorbench/outputs/workspaces/salt_refactor_cant-create_1779948063858/repo/salt/_refbench_ast_compat.py:2: DeprecationWarning: ast.Str is deprecated and will be removed in Python 3.14; use ast.Constant instead
  if not hasattr(ast, 'Str'): ast.Str = ast.Constant
/workspace/benchmarks/refactorbench/outputs/workspaces/salt_refactor_cant-create_1779948063858/repo/salt/_refbench_ast_compat.py:3: DeprecationWarning: ast.Bytes is deprecated and will be removed in Python 3.14; use ast.Constant instead
  if not hasattr(ast, 'Bytes'): ast.Bytes = ast.Constant
/workspace/benchmarks/refactorbench/outputs/workspaces/salt_refactor_cant-create_1779948063858/repo/salt/_refbench_ast_compat.py:4: DeprecationWarning: ast.Num is deprecated and will be removed in Python 3.14; use ast.Constant instead
  if not hasattr(ast, 'Num'): ast.Num = ast.Constant
/workspace/benchmarks/refactorbench/outputs/workspaces/salt_refactor_cant-create_1779948063858/repo/salt/_refbench_ast_compat.py:5: DeprecationWarning: ast.NameConstant is deprecated and will be removed in Python 3.14; use ast.Constant instead
  if not hasattr(ast, 'NameConstant'): ast.NameConstant = ast.Constant
....FF..
======================================================================
FAIL: test_exitcodes_does_not_have_ex_cantcreat (__main__.TestSaltExitCodes.test_exitcodes_does_not_have_ex_cantcreat)
----------------------------------------------------------------------
Traceback (most recent call last):
  File ""/workspace/benchmarks/refactorbench/tests/salt_refactor/cant-create-test.py"", line 90, in test_exitcodes_does_not_have_ex_cantcreat
    self.assertFalse(ex_cantcreat_found, f""'EX_CANTCREAT' (misspelled) found in {file_path}"")
AssertionError: True is not false : 'EX_CANTCREAT' (misspelled) found in ../salt/defaults/exitcodes.py

======================================================================
FAIL: test_ssh_py_shim_does_not_have_ex_cantcreat (__main__.TestSaltExitCodes.test_ssh_py_shim_does_n"
2026-05-28T06:02:58.273033Z,refbench,benchmark_pipeline_20260528_040832,single-agent,salt_refactor,channel-to-transport,failed,0,59.14,2026-05-28T06:02:58Z,,,,,,/workspace/benchmarks/refactorbench/outputs/logs/base_single-agent_copilot_qwen_qwen3.6-flash/salt_refactor_channel-to-transport_1779948115848.terminal.txt,/workspace/outputs/platform/home/.copilot/session-state/80afbd9d-581e-4d5e-bbe7-286c05900605/events.jsonl,/workspace/benchmarks/refactorbench/outputs/logs/base_single-agent_copilot_qwen_qwen3.6-flash/salt_refactor_channel-to-transport_1779948115848.response.txt,3,6,"/workspace/benchmarks/refactorbench/outputs/workspaces/salt_refactor_channel-to-transport_1779948115848/repo/salt/_refbench_ast_compat.py:2: DeprecationWarning: ast.Str is deprecated and will be removed in Python 3.14; use ast.Constant instead
  if not hasattr(ast, 'Str'): ast.Str = ast.Constant
/workspace/benchmarks/refactorbench/outputs/workspaces/salt_refactor_channel-to-transport_1779948115848/repo/salt/_refbench_ast_compat.py:3: DeprecationWarning: ast.Bytes is deprecated and will be removed in Python 3.14; use ast.Constant instead
  if not hasattr(ast, 'Bytes'): ast.Bytes = ast.Constant
/workspace/benchmarks/refactorbench/outputs/workspaces/salt_refactor_channel-to-transport_1779948115848/repo/salt/_refbench_ast_compat.py:4: DeprecationWarning: ast.Num is deprecated and will be removed in Python 3.14; use ast.Constant instead
  if not hasattr(ast, 'Num'): ast.Num = ast.Constant
/workspace/benchmarks/refactorbench/outputs/workspaces/salt_refactor_channel-to-transport_1779948115848/repo/salt/_refbench_ast_compat.py:5: DeprecationWarning: ast.NameConstant is deprecated and will be removed in Python 3.14; use ast.Constant instead
  if not hasattr(ast, 'NameConstant'): ast.NameConstant = ast.Constant
.FF..F
======================================================================
FAIL: test_imports_salt_utils_transport (__main__.TestSaltUtilsAndMaster.test_imports_salt_utils_transport)
----------------------------------------------------------------------
Traceback (most recent call last):
  File ""/workspace/benchmarks/refactorbench/tests/salt_refactor/channel-to-transport-test.py"", line 58, in test_imports_salt_utils_transport
    self.assertTrue(import_statement_exists, f""'import salt.utils.transport' is not found in {file_path}"")
AssertionError: False is not true : 'import salt.utils.transport' is not found in ../salt/channel/server.py

======================================================================
FAIL: test_master_imports_iter_transport_opts (__main__.Tes"
2026-05-28T06:03:50.051276Z,refbench,benchmark_pipeline_20260528_040832,single-agent,salt_refactor,ex-pillar-fail,success,0,48.33,2026-05-28T06:03:50Z,,,,,,/workspace/benchmarks/refactorbench/outputs/logs/base_single-agent_copilot_qwen_qwen3.6-flash/salt_refactor_ex-pillar-fail_1779948178292.terminal.txt,/workspace/outputs/platform/home/.copilot/session-state/25bdbe2b-25f8-422b-91f0-1e35c97626d5/events.jsonl,/workspace/benchmarks/refactorbench/outputs/logs/base_single-agent_copilot_qwen_qwen3.6-flash/salt_refactor_ex-pillar-fail_1779948178292.response.txt,5,5,"/workspace/benchmarks/refactorbench/outputs/workspaces/salt_refactor_ex-pillar-fail_1779948178292/repo/salt/_refbench_ast_compat.py:2: DeprecationWarning: ast.Str is deprecated and will be removed in Python 3.14; use ast.Constant instead
  if not hasattr(ast, 'Str'): ast.Str = ast.Constant
/workspace/benchmarks/refactorbench/outputs/workspaces/salt_refactor_ex-pillar-fail_1779948178292/repo/salt/_refbench_ast_compat.py:3: DeprecationWarning: ast.Bytes is deprecated and will be removed in Python 3.14; use ast.Constant instead
  if not hasattr(ast, 'Bytes'): ast.Bytes = ast.Constant
/workspace/benchmarks/refactorbench/outputs/workspaces/salt_refactor_ex-pillar-fail_1779948178292/repo/salt/_refbench_ast_compat.py:4: DeprecationWarning: ast.Num is deprecated and will be removed in Python 3.14; use ast.Constant instead
  if not hasattr(ast, 'Num'): ast.Num = ast.Constant
/workspace/benchmarks/refactorbench/outputs/workspaces/salt_refactor_ex-pillar-fail_1779948178292/repo/salt/_refbench_ast_compat.py:5: DeprecationWarning: ast.NameConstant is deprecated and will be removed in Python 3.14; use ast.Constant instead
  if not hasattr(ast, 'NameConstant'): ast.NameConstant = ast.Constant
.....
----------------------------------------------------------------------
Ran 5 tests in 0.065s

OK
"
2026-05-28T06:04:38.902097Z,refbench,benchmark_pipeline_20260528_040832,single-agent,salt_refactor,ex-state-fail,failed,0,45.12,2026-05-28T06:04:38Z,,,,,,/workspace/benchmarks/refactorbench/outputs/logs/base_single-agent_copilot_qwen_qwen3.6-flash/salt_refactor_ex-state-fail_1779948230463.terminal.txt,/workspace/outputs/platform/home/.copilot/session-state/08395a7f-4cd4-47f8-acb7-27bf765c563b/events.jsonl,/workspace/benchmarks/refactorbench/outputs/logs/base_single-agent_copilot_qwen_qwen3.6-flash/salt_refactor_ex-state-fail_1779948230463.response.txt,5,6,"/workspace/benchmarks/refactorbench/outputs/workspaces/salt_refactor_ex-state-fail_1779948230463/repo/salt/_refbench_ast_compat.py:2: DeprecationWarning: ast.Str is deprecated and will be removed in Python 3.14; use ast.Constant instead
  if not hasattr(ast, 'Str'): ast.Str = ast.Constant
/workspace/benchmarks/refactorbench/outputs/workspaces/salt_refactor_ex-state-fail_1779948230463/repo/salt/_refbench_ast_compat.py:3: DeprecationWarning: ast.Bytes is deprecated and will be removed in Python 3.14; use ast.Constant instead
  if not hasattr(ast, 'Bytes'): ast.Bytes = ast.Constant
/workspace/benchmarks/refactorbench/outputs/workspaces/salt_refactor_ex-state-fail_1779948230463/repo/salt/_refbench_ast_compat.py:4: DeprecationWarning: ast.Num is deprecated and will be removed in Python 3.14; use ast.Constant instead
  if not hasattr(ast, 'Num'): ast.Num = ast.Constant
/workspace/benchmarks/refactorbench/outputs/workspaces/salt_refactor_ex-state-fail_1779948230463/repo/salt/_refbench_ast_compat.py:5: DeprecationWarning: ast.NameConstant is deprecated and will be removed in Python 3.14; use ast.Constant instead
  if not hasattr(ast, 'NameConstant'): ast.NameConstant = ast.Constant
...F..
======================================================================
FAIL: test_ex_state_failure_not_in_exitcodes (__main__.TestSaltUtilsStateFail.test_ex_state_failure_not_in_exitcodes)
----------------------------------------------------------------------
Traceback (most recent call last):
  File ""/workspace/benchmarks/refactorbench/tests/salt_refactor/ex-state-fail-test.py"", line 22, in test_ex_state_failure_not_in_exitcodes
    self.assertFalse(ex_state_failure_found, f""'EX_STATE_FAILURE' should not exist in {file_path}"")
AssertionError: True is not false : 'EX_STATE_FAILURE' should not exist in ../salt/defaults/exitcodes.py

----------------------------------------------------------------------
Ran 6 tests in 0.039s

FAILED (failures=1)
"
2026-05-28T06:06:46.297161Z,refbench,benchmark_pipeline_20260528_040832,single-agent,salt_refactor,exactly-n-boto-mod,failed,0,123.61,2026-05-28T06:06:46Z,,,,,,/workspace/benchmarks/refactorbench/outputs/logs/base_single-agent_copilot_qwen_qwen3.6-flash/salt_refactor_exactly-n-boto-mod_1779948279328.terminal.txt,/workspace/outputs/platform/home/.copilot/session-state/c89710ba-fbe0-4ee3-badb-3f66b6431579/events.jsonl,/workspace/benchmarks/refactorbench/outputs/logs/base_single-agent_copilot_qwen_qwen3.6-flash/salt_refactor_exactly-n-boto-mod_1779948279328.response.txt,2,4,"/workspace/benchmarks/refactorbench/outputs/workspaces/salt_refactor_exactly-n-boto-mod_1779948279328/repo/salt/_refbench_ast_compat.py:2: DeprecationWarning: ast.Str is deprecated and will be removed in Python 3.14; use ast.Constant instead
  if not hasattr(ast, 'Str'): ast.Str = ast.Constant
/workspace/benchmarks/refactorbench/outputs/workspaces/salt_refactor_exactly-n-boto-mod_1779948279328/repo/salt/_refbench_ast_compat.py:3: DeprecationWarning: ast.Bytes is deprecated and will be removed in Python 3.14; use ast.Constant instead
  if not hasattr(ast, 'Bytes'): ast.Bytes = ast.Constant
/workspace/benchmarks/refactorbench/outputs/workspaces/salt_refactor_exactly-n-boto-mod_1779948279328/repo/salt/_refbench_ast_compat.py:4: DeprecationWarning: ast.Num is deprecated and will be removed in Python 3.14; use ast.Constant instead
  if not hasattr(ast, 'Num'): ast.Num = ast.Constant
/workspace/benchmarks/refactorbench/outputs/workspaces/salt_refactor_exactly-n-boto-mod_1779948279328/repo/salt/_refbench_ast_compat.py:5: DeprecationWarning: ast.NameConstant is deprecated and will be removed in Python 3.14; use ast.Constant instead
  if not hasattr(ast, 'NameConstant'): ast.NameConstant = ast.Constant
FF..
======================================================================
FAIL: test_exactly_n_definition_exists (__main__.TestBoto3ModDefinitions.test_exactly_n_definition_exists)
----------------------------------------------------------------------
Traceback (most recent call last):
  File ""/workspace/benchmarks/refactorbench/tests/salt_refactor/exactly-n-boto-mod-test.py"", line 57, in test_exactly_n_definition_exists
    self.assertIsNotNone(exactly_n_function, f""'exactly_n' function not found in {file_path}"")
AssertionError: unexpectedly None : 'exactly_n' function not found in ../salt/utils/boto3mod.py

======================================================================
FAIL: test_exactly_one_definition_exists (__main__.TestBoto3ModDefinitions.test_exactly_one_defin"
2026-05-28T06:07:33.623662Z,refbench,benchmark_pipeline_20260528_040832,single-agent,salt_refactor,get-unavail,success,0,43.57,2026-05-28T06:07:33Z,,,,,,/workspace/benchmarks/refactorbench/outputs/logs/base_single-agent_copilot_qwen_qwen3.6-flash/salt_refactor_get-unavail_1779948406711.terminal.txt,/workspace/outputs/platform/home/.copilot/session-state/1a2e2225-d9ab-4e49-9331-4de43251a4b9/events.jsonl,/workspace/benchmarks/refactorbench/outputs/logs/base_single-agent_copilot_qwen_qwen3.6-flash/salt_refactor_get-unavail_1779948406711.response.txt,10,10,"/workspace/benchmarks/refactorbench/outputs/workspaces/salt_refactor_get-unavail_1779948406711/repo/salt/_refbench_ast_compat.py:2: DeprecationWarning: ast.Str is deprecated and will be removed in Python 3.14; use ast.Constant instead
  if not hasattr(ast, 'Str'): ast.Str = ast.Constant
/workspace/benchmarks/refactorbench/outputs/workspaces/salt_refactor_get-unavail_1779948406711/repo/salt/_refbench_ast_compat.py:3: DeprecationWarning: ast.Bytes is deprecated and will be removed in Python 3.14; use ast.Constant instead
  if not hasattr(ast, 'Bytes'): ast.Bytes = ast.Constant
/workspace/benchmarks/refactorbench/outputs/workspaces/salt_refactor_get-unavail_1779948406711/repo/salt/_refbench_ast_compat.py:4: DeprecationWarning: ast.Num is deprecated and will be removed in Python 3.14; use ast.Constant instead
  if not hasattr(ast, 'Num'): ast.Num = ast.Constant
/workspace/benchmarks/refactorbench/outputs/workspaces/salt_refactor_get-unavail_1779948406711/repo/salt/_refbench_ast_compat.py:5: DeprecationWarning: ast.NameConstant is deprecated and will be removed in Python 3.14; use ast.Constant instead
  if not hasattr(ast, 'NameConstant'): ast.NameConstant = ast.Constant
..........
----------------------------------------------------------------------
Ran 10 tests in 0.108s

OK
"
2026-05-28T06:08:38.749369Z,refbench,benchmark_pipeline_20260528_040832,single-agent,salt_refactor,iam-to-aws,success,0,61.48,2026-05-28T06:08:38Z,,,,,,/workspace/benchmarks/refactorbench/outputs/logs/base_single-agent_copilot_qwen_qwen3.6-flash/salt_refactor_iam-to-aws_1779948454034.terminal.txt,/workspace/outputs/platform/home/.copilot/session-state/b412f147-ad2b-4c0c-a731-a36ea44aeaa2/events.jsonl,/workspace/benchmarks/refactorbench/outputs/logs/base_single-agent_copilot_qwen_qwen3.6-flash/salt_refactor_iam-to-aws_1779948454034.response.txt,5,5,"/workspace/benchmarks/refactorbench/outputs/workspaces/salt_refactor_iam-to-aws_1779948454034/repo/salt/_refbench_ast_compat.py:2: DeprecationWarning: ast.Str is deprecated and will be removed in Python 3.14; use ast.Constant instead
  if not hasattr(ast, 'Str'): ast.Str = ast.Constant
/workspace/benchmarks/refactorbench/outputs/workspaces/salt_refactor_iam-to-aws_1779948454034/repo/salt/_refbench_ast_compat.py:3: DeprecationWarning: ast.Bytes is deprecated and will be removed in Python 3.14; use ast.Constant instead
  if not hasattr(ast, 'Bytes'): ast.Bytes = ast.Constant
/workspace/benchmarks/refactorbench/outputs/workspaces/salt_refactor_iam-to-aws_1779948454034/repo/salt/_refbench_ast_compat.py:4: DeprecationWarning: ast.Num is deprecated and will be removed in Python 3.14; use ast.Constant instead
  if not hasattr(ast, 'Num'): ast.Num = ast.Constant
/workspace/benchmarks/refactorbench/outputs/workspaces/salt_refactor_iam-to-aws_1779948454034/repo/salt/_refbench_ast_compat.py:5: DeprecationWarning: ast.NameConstant is deprecated and will be removed in Python 3.14; use ast.Constant instead
  if not hasattr(ast, 'NameConstant'): ast.NameConstant = ast.Constant
.....
----------------------------------------------------------------------
Ran 5 tests in 0.014s

OK
"
2026-05-28T06:09:41.735424Z,refbench,benchmark_pipeline_20260528_040832,single-agent,salt_refactor,mksls-to-specific,success,0,59.12,2026-05-28T06:09:41Z,,,,,,/workspace/benchmarks/refactorbench/outputs/logs/base_single-agent_copilot_qwen_qwen3.6-flash/salt_refactor_mksls-to-specific_1779948519165.terminal.txt,/workspace/outputs/platform/home/.copilot/session-state/17951c09-7bbb-4810-b3dd-3b30fb2bc7f9/events.jsonl,/workspace/benchmarks/refactorbench/outputs/logs/base_single-agent_copilot_qwen_qwen3.6-flash/salt_refactor_mksls-to-specific_1779948519165.response.txt,6,6,"/workspace/benchmarks/refactorbench/outputs/workspaces/salt_refactor_mksls-to-specific_1779948519165/repo/salt/_refbench_ast_compat.py:2: DeprecationWarning: ast.Str is deprecated and will be removed in Python 3.14; use ast.Constant instead
  if not hasattr(ast, 'Str'): ast.Str = ast.Constant
/workspace/benchmarks/refactorbench/outputs/workspaces/salt_refactor_mksls-to-specific_1779948519165/repo/salt/_refbench_ast_compat.py:3: DeprecationWarning: ast.Bytes is deprecated and will be removed in Python 3.14; use ast.Constant instead
  if not hasattr(ast, 'Bytes'): ast.Bytes = ast.Constant
/workspace/benchmarks/refactorbench/outputs/workspaces/salt_refactor_mksls-to-specific_1779948519165/repo/salt/_refbench_ast_compat.py:4: DeprecationWarning: ast.Num is deprecated and will be removed in Python 3.14; use ast.Constant instead
  if not hasattr(ast, 'Num'): ast.Num = ast.Constant
/workspace/benchmarks/refactorbench/outputs/workspaces/salt_refactor_mksls-to-specific_1779948519165/repo/salt/_refbench_ast_compat.py:5: DeprecationWarning: ast.NameConstant is deprecated and will be removed in Python 3.14; use ast.Constant instead
  if not hasattr(ast, 'NameConstant'): ast.NameConstant = ast.Constant
......
----------------------------------------------------------------------
Ran 6 tests in 0.033s

OK
"
2026-05-28T06:11:46.901527Z,refbench,benchmark_pipeline_20260528_040832,single-agent,salt_refactor,namecheap-xmlutil,success,0,121.54,2026-05-28T06:11:46Z,,,,,,/workspace/benchmarks/refactorbench/outputs/logs/base_single-agent_copilot_qwen_qwen3.6-flash/salt_refactor_namecheap-xmlutil_1779948582147.terminal.txt,/workspace/outputs/platform/home/.copilot/session-state/542e4b16-8a98-40a0-bbd8-9a1db074edf2/events.jsonl,/workspace/benchmarks/refactorbench/outputs/logs/base_single-agent_copilot_qwen_qwen3.6-flash/salt_refactor_namecheap-xmlutil_1779948582147.response.txt,6,6,"/workspace/benchmarks/refactorbench/outputs/workspaces/salt_refactor_namecheap-xmlutil_1779948582147/repo/salt/_refbench_ast_compat.py:2: DeprecationWarning: ast.Str is deprecated and will be removed in Python 3.14; use ast.Constant instead
  if not hasattr(ast, 'Str'): ast.Str = ast.Constant
/workspace/benchmarks/refactorbench/outputs/workspaces/salt_refactor_namecheap-xmlutil_1779948582147/repo/salt/_refbench_ast_compat.py:3: DeprecationWarning: ast.Bytes is deprecated and will be removed in Python 3.14; use ast.Constant instead
  if not hasattr(ast, 'Bytes'): ast.Bytes = ast.Constant
/workspace/benchmarks/refactorbench/outputs/workspaces/salt_refactor_namecheap-xmlutil_1779948582147/repo/salt/_refbench_ast_compat.py:4: DeprecationWarning: ast.Num is deprecated and will be removed in Python 3.14; use ast.Constant instead
  if not hasattr(ast, 'Num'): ast.Num = ast.Constant
/workspace/benchmarks/refactorbench/outputs/workspaces/salt_refactor_namecheap-xmlutil_1779948582147/repo/salt/_refbench_ast_compat.py:5: DeprecationWarning: ast.NameConstant is deprecated and will be removed in Python 3.14; use ast.Constant instead
  if not hasattr(ast, 'NameConstant'): ast.NameConstant = ast.Constant
......
----------------------------------------------------------------------
Ran 6 tests in 0.011s

OK
"
2026-05-28T06:13:03.459976Z,refbench,benchmark_pipeline_20260528_040832,single-agent,salt_refactor,paged-call-boto-mod,failed,0,72.86,2026-05-28T06:13:03Z,,,,,,/workspace/benchmarks/refactorbench/outputs/logs/base_single-agent_copilot_qwen_qwen3.6-flash/salt_refactor_paged-call-boto-mod_1779948707321.terminal.txt,/workspace/outputs/platform/home/.copilot/session-state/ba1153a1-a80b-4e03-a0a2-e62137178d4c/events.jsonl,/workspace/benchmarks/refactorbench/outputs/logs/base_single-agent_copilot_qwen_qwen3.6-flash/salt_refactor_paged-call-boto-mod_1779948707321.response.txt,1,4,"/workspace/benchmarks/refactorbench/outputs/workspaces/salt_refactor_paged-call-boto-mod_1779948707321/repo/salt/_refbench_ast_compat.py:2: DeprecationWarning: ast.Str is deprecated and will be removed in Python 3.14; use ast.Constant instead
  if not hasattr(ast, 'Str'): ast.Str = ast.Constant
/workspace/benchmarks/refactorbench/outputs/workspaces/salt_refactor_paged-call-boto-mod_1779948707321/repo/salt/_refbench_ast_compat.py:3: DeprecationWarning: ast.Bytes is deprecated and will be removed in Python 3.14; use ast.Constant instead
  if not hasattr(ast, 'Bytes'): ast.Bytes = ast.Constant
/workspace/benchmarks/refactorbench/outputs/workspaces/salt_refactor_paged-call-boto-mod_1779948707321/repo/salt/_refbench_ast_compat.py:4: DeprecationWarning: ast.Num is deprecated and will be removed in Python 3.14; use ast.Constant instead
  if not hasattr(ast, 'Num'): ast.Num = ast.Constant
/workspace/benchmarks/refactorbench/outputs/workspaces/salt_refactor_paged-call-boto-mod_1779948707321/repo/salt/_refbench_ast_compat.py:5: DeprecationWarning: ast.NameConstant is deprecated and will be removed in Python 3.14; use ast.Constant instead
  if not hasattr(ast, 'NameConstant'): ast.NameConstant = ast.Constant
F/workspace/benchmarks/refactorbench/tests/salt_refactor/paged-call-boto-mod-test.py:74: DeprecationWarning: ast.Str is deprecated and will be removed in Python 3.14; use ast.Constant instead
  has_docstring = isinstance(paged_call_function.body[0], ast.Expr) and isinstance(paged_call_function.body[0].value, ast.Str)
/workspace/benchmarks/refactorbench/tests/salt_refactor/paged-call-boto-mod-test.py:77: DeprecationWarning: ast.Str is deprecated and will be removed in Python 3.14; use ast.Constant instead
  isinstance(node.args[0], ast.Str) and node.args[0].s == 'marker_flag'
/workspace/benchmarks/refactorbench/tests/salt_refactor/paged-call-boto-mod-test.py:77: DeprecationWarning: Attribute s is deprecated and will be removed in Python 3.14; use value instead
  isinstance("
2026-05-28T06:14:20.454891Z,refbench,benchmark_pipeline_20260528_040832,single-agent,salt_refactor,pem-fingerprint,success,0,73.24,2026-05-28T06:14:20Z,,,,,,/workspace/benchmarks/refactorbench/outputs/logs/base_single-agent_copilot_qwen_qwen3.6-flash/salt_refactor_pem-fingerprint_1779948783876.terminal.txt,/workspace/outputs/platform/home/.copilot/session-state/f072eaa6-d21a-46a8-a492-084f4f5dd857/events.jsonl,/workspace/benchmarks/refactorbench/outputs/logs/base_single-agent_copilot_qwen_qwen3.6-flash/salt_refactor_pem-fingerprint_1779948783876.response.txt,10,10,"/workspace/benchmarks/refactorbench/outputs/workspaces/salt_refactor_pem-fingerprint_1779948783876/repo/salt/_refbench_ast_compat.py:2: DeprecationWarning: ast.Str is deprecated and will be removed in Python 3.14; use ast.Constant instead
  if not hasattr(ast, 'Str'): ast.Str = ast.Constant
/workspace/benchmarks/refactorbench/outputs/workspaces/salt_refactor_pem-fingerprint_1779948783876/repo/salt/_refbench_ast_compat.py:3: DeprecationWarning: ast.Bytes is deprecated and will be removed in Python 3.14; use ast.Constant instead
  if not hasattr(ast, 'Bytes'): ast.Bytes = ast.Constant
/workspace/benchmarks/refactorbench/outputs/workspaces/salt_refactor_pem-fingerprint_1779948783876/repo/salt/_refbench_ast_compat.py:4: DeprecationWarning: ast.Num is deprecated and will be removed in Python 3.14; use ast.Constant instead
  if not hasattr(ast, 'Num'): ast.Num = ast.Constant
/workspace/benchmarks/refactorbench/outputs/workspaces/salt_refactor_pem-fingerprint_1779948783876/repo/salt/_refbench_ast_compat.py:5: DeprecationWarning: ast.NameConstant is deprecated and will be removed in Python 3.14; use ast.Constant instead
  if not hasattr(ast, 'NameConstant'): ast.NameConstant = ast.Constant
..........
----------------------------------------------------------------------
Ran 10 tests in 0.110s

OK
"
2026-05-28T06:15:06.474776Z,refbench,benchmark_pipeline_20260528_040832,single-agent,salt_refactor,perm-denied,failed,0,42.3,2026-05-28T06:15:06Z,,,,,,/workspace/benchmarks/refactorbench/outputs/logs/base_single-agent_copilot_qwen_qwen3.6-flash/salt_refactor_perm-denied_1779948860866.terminal.txt,/workspace/outputs/platform/home/.copilot/session-state/20e3d173-8502-476a-ad79-8c23f410f967/events.jsonl,/workspace/benchmarks/refactorbench/outputs/logs/base_single-agent_copilot_qwen_qwen3.6-flash/salt_refactor_perm-denied_1779948860866.response.txt,4,5,"/workspace/benchmarks/refactorbench/outputs/workspaces/salt_refactor_perm-denied_1779948860866/repo/salt/_refbench_ast_compat.py:2: DeprecationWarning: ast.Str is deprecated and will be removed in Python 3.14; use ast.Constant instead
  if not hasattr(ast, 'Str'): ast.Str = ast.Constant
/workspace/benchmarks/refactorbench/outputs/workspaces/salt_refactor_perm-denied_1779948860866/repo/salt/_refbench_ast_compat.py:3: DeprecationWarning: ast.Bytes is deprecated and will be removed in Python 3.14; use ast.Constant instead
  if not hasattr(ast, 'Bytes'): ast.Bytes = ast.Constant
/workspace/benchmarks/refactorbench/outputs/workspaces/salt_refactor_perm-denied_1779948860866/repo/salt/_refbench_ast_compat.py:4: DeprecationWarning: ast.Num is deprecated and will be removed in Python 3.14; use ast.Constant instead
  if not hasattr(ast, 'Num'): ast.Num = ast.Constant
/workspace/benchmarks/refactorbench/outputs/workspaces/salt_refactor_perm-denied_1779948860866/repo/salt/_refbench_ast_compat.py:5: DeprecationWarning: ast.NameConstant is deprecated and will be removed in Python 3.14; use ast.Constant instead
  if not hasattr(ast, 'NameConstant'): ast.NameConstant = ast.Constant
..F..
======================================================================
FAIL: test_ex_noperm_not_in_exitcodes (__main__.TestSaltUtilsSMB.test_ex_noperm_not_in_exitcodes)
----------------------------------------------------------------------
Traceback (most recent call last):
  File ""/workspace/benchmarks/refactorbench/tests/salt_refactor/perm-denied-test.py"", line 39, in test_ex_noperm_not_in_exitcodes
    self.assertFalse(ex_noperm_found, f""'EX_NOPERM' (misspelled) found in {file_path}"")
AssertionError: True is not false : 'EX_NOPERM' (misspelled) found in ../salt/defaults/exitcodes.py

----------------------------------------------------------------------
Ran 5 tests in 0.055s

FAILED (failures=1)
"
2026-05-28T06:15:55.875906Z,refbench,benchmark_pipeline_20260528_040832,single-agent,scrapy_refactor,add-log-parameter-disconnect-all,success,0,48.22,2026-05-28T06:15:55Z,,,,,,/workspace/benchmarks/refactorbench/outputs/logs/base_single-agent_copilot_qwen_qwen3.6-flash/scrapy_refactor_add-log-parameter-disconnect-all_1779948906880.terminal.txt,/workspace/outputs/platform/home/.copilot/session-state/f9861857-43bb-440b-aa72-75e121c5f444/events.jsonl,/workspace/benchmarks/refactorbench/outputs/logs/base_single-agent_copilot_qwen_qwen3.6-flash/scrapy_refactor_add-log-parameter-disconnect-all_1779948906880.response.txt,6,6,"/workspace/benchmarks/refactorbench/outputs/workspaces/scrapy_refactor_add-log-parameter-disconnect-all_1779948906880/repo/scrapy/_refbench_ast_compat.py:2: DeprecationWarning: ast.Str is deprecated and will be removed in Python 3.14; use ast.Constant instead
  if not hasattr(ast, 'Str'): ast.Str = ast.Constant
/workspace/benchmarks/refactorbench/outputs/workspaces/scrapy_refactor_add-log-parameter-disconnect-all_1779948906880/repo/scrapy/_refbench_ast_compat.py:3: DeprecationWarning: ast.Bytes is deprecated and will be removed in Python 3.14; use ast.Constant instead
  if not hasattr(ast, 'Bytes'): ast.Bytes = ast.Constant
/workspace/benchmarks/refactorbench/outputs/workspaces/scrapy_refactor_add-log-parameter-disconnect-all_1779948906880/repo/scrapy/_refbench_ast_compat.py:4: DeprecationWarning: ast.Num is deprecated and will be removed in Python 3.14; use ast.Constant instead
  if not hasattr(ast, 'Num'): ast.Num = ast.Constant
/workspace/benchmarks/refactorbench/outputs/workspaces/scrapy_refactor_add-log-parameter-disconnect-all_1779948906880/repo/scrapy/_refbench_ast_compat.py:5: DeprecationWarning: ast.NameConstant is deprecated and will be removed in Python 3.14; use ast.Constant instead
  if not hasattr(ast, 'NameConstant'): ast.NameConstant = ast.Constant
......
----------------------------------------------------------------------
Ran 6 tests in 0.020s

OK
"
2026-05-28T06:16:43.142835Z,refbench,benchmark_pipeline_20260528_040832,single-agent,scrapy_refactor,add-log-parameter-job-dir,failed,0,46.22,2026-05-28T06:16:43Z,,,,,,/workspace/benchmarks/refactorbench/outputs/logs/base_single-agent_copilot_qwen_qwen3.6-flash/scrapy_refactor_add-log-parameter-job-dir_1779948956289.terminal.txt,/workspace/outputs/platform/home/.copilot/session-state/bfec953c-d2d4-42a5-9851-d031df84cc98/events.jsonl,/workspace/benchmarks/refactorbench/outputs/logs/base_single-agent_copilot_qwen_qwen3.6-flash/scrapy_refactor_add-log-parameter-job-dir_1779948956289.response.txt,3,5,"/workspace/benchmarks/refactorbench/outputs/workspaces/scrapy_refactor_add-log-parameter-job-dir_1779948956289/repo/scrapy/_refbench_ast_compat.py:2: DeprecationWarning: ast.Str is deprecated and will be removed in Python 3.14; use ast.Constant instead
  if not hasattr(ast, 'Str'): ast.Str = ast.Constant
/workspace/benchmarks/refactorbench/outputs/workspaces/scrapy_refactor_add-log-parameter-job-dir_1779948956289/repo/scrapy/_refbench_ast_compat.py:3: DeprecationWarning: ast.Bytes is deprecated and will be removed in Python 3.14; use ast.Constant instead
  if not hasattr(ast, 'Bytes'): ast.Bytes = ast.Constant
/workspace/benchmarks/refactorbench/outputs/workspaces/scrapy_refactor_add-log-parameter-job-dir_1779948956289/repo/scrapy/_refbench_ast_compat.py:4: DeprecationWarning: ast.Num is deprecated and will be removed in Python 3.14; use ast.Constant instead
  if not hasattr(ast, 'Num'): ast.Num = ast.Constant
/workspace/benchmarks/refactorbench/outputs/workspaces/scrapy_refactor_add-log-parameter-job-dir_1779948956289/repo/scrapy/_refbench_ast_compat.py:5: DeprecationWarning: ast.NameConstant is deprecated and will be removed in Python 3.14; use ast.Constant instead
  if not hasattr(ast, 'NameConstant'): ast.NameConstant = ast.Constant
...FF
======================================================================
FAIL: test_job_dir_has_log_parameter (__main__.TestScrapyMigration.test_job_dir_has_log_parameter)
----------------------------------------------------------------------
Traceback (most recent call last):
  File ""/workspace/benchmarks/refactorbench/tests/scrapy_refactor/add-log-parameter-job-dir.py"", line 32, in test_job_dir_has_log_parameter
    self.assertTrue(log_param_found, ""Parameter 'log' not found in 'job_dir' function"")
AssertionError: False is not true : Parameter 'log' not found in 'job_dir' function

======================================================================
FAIL: test_logging_imported_in_job (__main__.TestScrapyMigration.test_logging"
2026-05-28T06:20:37.119517Z,refbench,benchmark_pipeline_20260528_040832,single-agent,scrapy_refactor,add-log-parameter-xmliter,failed,0,232.92,2026-05-28T06:20:37Z,,,,,,/workspace/benchmarks/refactorbench/outputs/logs/base_single-agent_copilot_qwen_qwen3.6-flash/scrapy_refactor_add-log-parameter-xmliter_1779949003564.terminal.txt,/workspace/outputs/platform/home/.copilot/session-state/3e954684-2cea-49c5-b3d8-77adc765c4fb/events.jsonl,/workspace/benchmarks/refactorbench/outputs/logs/base_single-agent_copilot_qwen_qwen3.6-flash/scrapy_refactor_add-log-parameter-xmliter_1779949003564.response.txt,2,3,"/workspace/benchmarks/refactorbench/outputs/workspaces/scrapy_refactor_add-log-parameter-xmliter_1779949003564/repo/scrapy/_refbench_ast_compat.py:2: DeprecationWarning: ast.Str is deprecated and will be removed in Python 3.14; use ast.Constant instead
  if not hasattr(ast, 'Str'): ast.Str = ast.Constant
/workspace/benchmarks/refactorbench/outputs/workspaces/scrapy_refactor_add-log-parameter-xmliter_1779949003564/repo/scrapy/_refbench_ast_compat.py:3: DeprecationWarning: ast.Bytes is deprecated and will be removed in Python 3.14; use ast.Constant instead
  if not hasattr(ast, 'Bytes'): ast.Bytes = ast.Constant
/workspace/benchmarks/refactorbench/outputs/workspaces/scrapy_refactor_add-log-parameter-xmliter_1779949003564/repo/scrapy/_refbench_ast_compat.py:4: DeprecationWarning: ast.Num is deprecated and will be removed in Python 3.14; use ast.Constant instead
  if not hasattr(ast, 'Num'): ast.Num = ast.Constant
/workspace/benchmarks/refactorbench/outputs/workspaces/scrapy_refactor_add-log-parameter-xmliter_1779949003564/repo/scrapy/_refbench_ast_compat.py:5: DeprecationWarning: ast.NameConstant is deprecated and will be removed in Python 3.14; use ast.Constant instead
  if not hasattr(ast, 'NameConstant'): ast.NameConstant = ast.Constant
..F
======================================================================
FAIL: test_xmliter_has_log_parameter (__main__.TestScrapyMigration.test_xmliter_has_log_parameter)
----------------------------------------------------------------------
Traceback (most recent call last):
  File ""/workspace/benchmarks/refactorbench/tests/scrapy_refactor/add-log-parameter-xmliter.py"", line 31, in test_xmliter_has_log_parameter
    self.assertTrue(log_param_found, ""Parameter 'log: bool' not found in 'xmliter' function"")
AssertionError: False is not true : Parameter 'log: bool' not found in 'xmliter' function

----------------------------------------------------------------------
Ran 3 tests in 0.011s

FAILED (failures=1)
"
2026-05-28T06:21:50.681568Z,refbench,benchmark_pipeline_20260528_040832,single-agent,scrapy_refactor,genspider-functions-to-utils-url,failed,0,72.48,2026-05-28T06:21:50Z,,,,,,/workspace/benchmarks/refactorbench/outputs/logs/base_single-agent_copilot_qwen_qwen3.6-flash/scrapy_refactor_genspider-functions-to-utils-url_1779949237546.terminal.txt,/workspace/outputs/platform/home/.copilot/session-state/73d48f3d-a6ac-4448-8aab-f032a6fa4c85/events.jsonl,/workspace/benchmarks/refactorbench/outputs/logs/base_single-agent_copilot_qwen_qwen3.6-flash/scrapy_refactor_genspider-functions-to-utils-url_1779949237546.response.txt,,4,"/workspace/benchmarks/refactorbench/outputs/workspaces/scrapy_refactor_genspider-functions-to-utils-url_1779949237546/repo/scrapy/_refbench_ast_compat.py:2: DeprecationWarning: ast.Str is deprecated and will be removed in Python 3.14; use ast.Constant instead
  if not hasattr(ast, 'Str'): ast.Str = ast.Constant
/workspace/benchmarks/refactorbench/outputs/workspaces/scrapy_refactor_genspider-functions-to-utils-url_1779949237546/repo/scrapy/_refbench_ast_compat.py:3: DeprecationWarning: ast.Bytes is deprecated and will be removed in Python 3.14; use ast.Constant instead
  if not hasattr(ast, 'Bytes'): ast.Bytes = ast.Constant
/workspace/benchmarks/refactorbench/outputs/workspaces/scrapy_refactor_genspider-functions-to-utils-url_1779949237546/repo/scrapy/_refbench_ast_compat.py:4: DeprecationWarning: ast.Num is deprecated and will be removed in Python 3.14; use ast.Constant instead
  if not hasattr(ast, 'Num'): ast.Num = ast.Constant
/workspace/benchmarks/refactorbench/outputs/workspaces/scrapy_refactor_genspider-functions-to-utils-url_1779949237546/repo/scrapy/_refbench_ast_compat.py:5: DeprecationWarning: ast.NameConstant is deprecated and will be removed in Python 3.14; use ast.Constant instead
  if not hasattr(ast, 'NameConstant'): ast.NameConstant = ast.Constant
FFFF
======================================================================
FAIL: test_functions_moved_to_utils_url (__main__.TestFunctionMigration.test_functions_moved_to_utils_url)
----------------------------------------------------------------------
Traceback (most recent call last):
  File ""/workspace/benchmarks/refactorbench/tests/scrapy_refactor/genspider-functions-to-utils-url.py"", line 26, in test_functions_moved_to_utils_url
    self.assertTrue(found, f""Function '{function}' not found in url.py"")
AssertionError: False is not true : Function 'sanitize_module_name' not found in url.py

======================================================================
FAIL: test_functions_removed_from_genspider"
2026-05-28T06:22:45.906038Z,refbench,benchmark_pipeline_20260528_040832,single-agent,scrapy_refactor,new-downloadermiddlewares-utils,success,0,54.16,2026-05-28T06:22:45Z,,,,,,/workspace/benchmarks/refactorbench/outputs/logs/base_single-agent_copilot_qwen_qwen3.6-flash/scrapy_refactor_new-downloadermiddlewares-utils_1779949311097.terminal.txt,/workspace/outputs/platform/home/.copilot/session-state/bbe0a949-0451-446e-8681-2dff6dc1ded3/events.jsonl,/workspace/benchmarks/refactorbench/outputs/logs/base_single-agent_copilot_qwen_qwen3.6-flash/scrapy_refactor_new-downloadermiddlewares-utils_1779949311097.response.txt,5,5,"/workspace/benchmarks/refactorbench/outputs/workspaces/scrapy_refactor_new-downloadermiddlewares-utils_1779949311097/repo/scrapy/_refbench_ast_compat.py:2: DeprecationWarning: ast.Str is deprecated and will be removed in Python 3.14; use ast.Constant instead
  if not hasattr(ast, 'Str'): ast.Str = ast.Constant
/workspace/benchmarks/refactorbench/outputs/workspaces/scrapy_refactor_new-downloadermiddlewares-utils_1779949311097/repo/scrapy/_refbench_ast_compat.py:3: DeprecationWarning: ast.Bytes is deprecated and will be removed in Python 3.14; use ast.Constant instead
  if not hasattr(ast, 'Bytes'): ast.Bytes = ast.Constant
/workspace/benchmarks/refactorbench/outputs/workspaces/scrapy_refactor_new-downloadermiddlewares-utils_1779949311097/repo/scrapy/_refbench_ast_compat.py:4: DeprecationWarning: ast.Num is deprecated and will be removed in Python 3.14; use ast.Constant instead
  if not hasattr(ast, 'Num'): ast.Num = ast.Constant
/workspace/benchmarks/refactorbench/outputs/workspaces/scrapy_refactor_new-downloadermiddlewares-utils_1779949311097/repo/scrapy/_refbench_ast_compat.py:5: DeprecationWarning: ast.NameConstant is deprecated and will be removed in Python 3.14; use ast.Constant instead
  if not hasattr(ast, 'NameConstant'): ast.NameConstant = ast.Constant
.....
----------------------------------------------------------------------
Ran 5 tests in 0.002s

OK
"
2026-05-28T06:36:49.149538Z,refbench,benchmark_pipeline_20260528_040832,single-agent,scrapy_refactor,new-spider-utils-in-spiders,timed_out,1,842.16,2026-05-28T06:36:49Z,,,,,,/workspace/benchmarks/refactorbench/outputs/logs/base_single-agent_copilot_qwen_qwen3.6-flash/scrapy_refactor_new-spider-utils-in-spiders_1779949366320.terminal.txt,/workspace/outputs/platform/home/.copilot/session-state/6c709a21-2e2a-427e-99e7-47ac620877cd/events.jsonl,/workspace/benchmarks/refactorbench/outputs/logs/base_single-agent_copilot_qwen_qwen3.6-flash/scrapy_refactor_new-spider-utils-in-spiders_1779949366320.response.txt,3,8,No repository changes detected from Copilot response.
2026-05-28T06:38:56.226045Z,refbench,benchmark_pipeline_20260528_040832,single-agent,scrapy_refactor,new-verify-reactor-class,failed,0,126.36,2026-05-28T06:38:56Z,,,,,,/workspace/benchmarks/refactorbench/outputs/logs/base_single-agent_copilot_qwen_qwen3.6-flash/scrapy_refactor_new-verify-reactor-class_1779950209206.terminal.txt,/workspace/outputs/platform/home/.copilot/session-state/8b02cc47-9dfc-4387-b8b9-04104ebe8c50/events.jsonl,/workspace/benchmarks/refactorbench/outputs/logs/base_single-agent_copilot_qwen_qwen3.6-flash/scrapy_refactor_new-verify-reactor-class_1779950209206.response.txt,8,11,"/workspace/benchmarks/refactorbench/outputs/workspaces/scrapy_refactor_new-verify-reactor-class_1779950209206/repo/scrapy/_refbench_ast_compat.py:2: DeprecationWarning: ast.Str is deprecated and will be removed in Python 3.14; use ast.Constant instead
  if not hasattr(ast, 'Str'): ast.Str = ast.Constant
/workspace/benchmarks/refactorbench/outputs/workspaces/scrapy_refactor_new-verify-reactor-class_1779950209206/repo/scrapy/_refbench_ast_compat.py:3: DeprecationWarning: ast.Bytes is deprecated and will be removed in Python 3.14; use ast.Constant instead
  if not hasattr(ast, 'Bytes'): ast.Bytes = ast.Constant
/workspace/benchmarks/refactorbench/outputs/workspaces/scrapy_refactor_new-verify-reactor-class_1779950209206/repo/scrapy/_refbench_ast_compat.py:4: DeprecationWarning: ast.Num is deprecated and will be removed in Python 3.14; use ast.Constant instead
  if not hasattr(ast, 'Num'): ast.Num = ast.Constant
/workspace/benchmarks/refactorbench/outputs/workspaces/scrapy_refactor_new-verify-reactor-class_1779950209206/repo/scrapy/_refbench_ast_compat.py:5: DeprecationWarning: ast.NameConstant is deprecated and will be removed in Python 3.14; use ast.Constant instead
  if not hasattr(ast, 'NameConstant'): ast.NameConstant = ast.Constant
FF........F
======================================================================
FAIL: test_asyncio_docs_mention_verify_reactor (__main__.TestVerifyReactorMigration.test_asyncio_docs_mention_verify_reactor)
----------------------------------------------------------------------
Traceback (most recent call last):
  File ""/workspace/benchmarks/refactorbench/tests/scrapy_refactor/new-verify-reactor-class.py"", line 113, in test_asyncio_docs_mention_verify_reactor
    self.assertIn(
AssertionError: 'if not VerifyReactor.is_asyncio_reactor_installed():' not found in '.. _using-asyncio:\n\n=======\nasyncio\n=======\n\n.. versionadded:: 2.0\n\nScrapy has partial support for :mod:`asyncio`. After you :ref:`install the\nasyncio reactor <install-a"
2026-05-28T06:39:59.460665Z,refbench,benchmark_pipeline_20260528_040832,single-agent,scrapy_refactor,not-supported-exception-to-unsupported,failed,0,62.53,2026-05-28T06:39:59Z,,,,,,/workspace/benchmarks/refactorbench/outputs/logs/base_single-agent_copilot_qwen_qwen3.6-flash/scrapy_refactor_not-supported-exception-to-unsupported_1779950336280.terminal.txt,/workspace/outputs/platform/home/.copilot/session-state/4d45cb88-1b30-44a0-9024-acaddecc3047/events.jsonl,/workspace/benchmarks/refactorbench/outputs/logs/base_single-agent_copilot_qwen_qwen3.6-flash/scrapy_refactor_not-supported-exception-to-unsupported_1779950336280.response.txt,8,10,"/workspace/benchmarks/refactorbench/outputs/workspaces/scrapy_refactor_not-supported-exception-to-unsupported_1779950336280/repo/scrapy/_refbench_ast_compat.py:2: DeprecationWarning: ast.Str is deprecated and will be removed in Python 3.14; use ast.Constant instead
  if not hasattr(ast, 'Str'): ast.Str = ast.Constant
/workspace/benchmarks/refactorbench/outputs/workspaces/scrapy_refactor_not-supported-exception-to-unsupported_1779950336280/repo/scrapy/_refbench_ast_compat.py:3: DeprecationWarning: ast.Bytes is deprecated and will be removed in Python 3.14; use ast.Constant instead
  if not hasattr(ast, 'Bytes'): ast.Bytes = ast.Constant
/workspace/benchmarks/refactorbench/outputs/workspaces/scrapy_refactor_not-supported-exception-to-unsupported_1779950336280/repo/scrapy/_refbench_ast_compat.py:4: DeprecationWarning: ast.Num is deprecated and will be removed in Python 3.14; use ast.Constant instead
  if not hasattr(ast, 'Num'): ast.Num = ast.Constant
/workspace/benchmarks/refactorbench/outputs/workspaces/scrapy_refactor_not-supported-exception-to-unsupported_1779950336280/repo/scrapy/_refbench_ast_compat.py:5: DeprecationWarning: ast.NameConstant is deprecated and will be removed in Python 3.14; use ast.Constant instead
  if not hasattr(ast, 'NameConstant'): ast.NameConstant = ast.Constant
...F.....F
======================================================================
FAIL: test_not_supported_not_imported_in_test_http_response (__main__.TestScrapyMigration.test_not_supported_not_imported_in_test_http_response)
----------------------------------------------------------------------
Traceback (most recent call last):
  File ""/workspace/benchmarks/refactorbench/tests/scrapy_refactor/not-supported-exception-to-unsupported.py"", line 69, in test_not_supported_not_imported_in_test_http_response
    self.assertFalse(not_supported_found, f""Import 'NotSupported' found in {file_path}"")
AssertionError: True is not false : Import 'NotSupported' found in ../tests/test_http_respons"
2026-05-28T06:40:56.379711Z,refbench,benchmark_pipeline_20260528_040832,single-agent,scrapy_refactor,parameterize-gunzip,timed_out,1,56.17,2026-05-28T06:40:56Z,,,,,,/workspace/benchmarks/refactorbench/outputs/logs/base_single-agent_copilot_qwen_qwen3.6-flash/scrapy_refactor_parameterize-gunzip_1779950399515.terminal.txt,/workspace/outputs/platform/home/.copilot/session-state/854ebb1e-57c8-47e7-8f6b-8d765c4e672d/events.jsonl,/workspace/benchmarks/refactorbench/outputs/logs/base_single-agent_copilot_qwen_qwen3.6-flash/scrapy_refactor_parameterize-gunzip_1779950399515.response.txt,1,9,No repository changes detected from Copilot response.
2026-05-28T06:42:03.801058Z,refbench,benchmark_pipeline_20260528_040832,single-agent,scrapy_refactor,rename-description-commands,success,0,66.69,2026-05-28T06:42:03Z,,,,,,/workspace/benchmarks/refactorbench/outputs/logs/base_single-agent_copilot_qwen_qwen3.6-flash/scrapy_refactor_rename-description-commands_1779950456432.terminal.txt,/workspace/outputs/platform/home/.copilot/session-state/22281e2e-1694-4ec5-a9a5-1f72404f0412/events.jsonl,/workspace/benchmarks/refactorbench/outputs/logs/base_single-agent_copilot_qwen_qwen3.6-flash/scrapy_refactor_rename-description-commands_1779950456432.response.txt,7,7,"/workspace/benchmarks/refactorbench/outputs/workspaces/scrapy_refactor_rename-description-commands_1779950456432/repo/scrapy/_refbench_ast_compat.py:2: DeprecationWarning: ast.Str is deprecated and will be removed in Python 3.14; use ast.Constant instead
  if not hasattr(ast, 'Str'): ast.Str = ast.Constant
/workspace/benchmarks/refactorbench/outputs/workspaces/scrapy_refactor_rename-description-commands_1779950456432/repo/scrapy/_refbench_ast_compat.py:3: DeprecationWarning: ast.Bytes is deprecated and will be removed in Python 3.14; use ast.Constant instead
  if not hasattr(ast, 'Bytes'): ast.Bytes = ast.Constant
/workspace/benchmarks/refactorbench/outputs/workspaces/scrapy_refactor_rename-description-commands_1779950456432/repo/scrapy/_refbench_ast_compat.py:4: DeprecationWarning: ast.Num is deprecated and will be removed in Python 3.14; use ast.Constant instead
  if not hasattr(ast, 'Num'): ast.Num = ast.Constant
/workspace/benchmarks/refactorbench/outputs/workspaces/scrapy_refactor_rename-description-commands_1779950456432/repo/scrapy/_refbench_ast_compat.py:5: DeprecationWarning: ast.NameConstant is deprecated and will be removed in Python 3.14; use ast.Constant instead
  if not hasattr(ast, 'NameConstant'): ast.NameConstant = ast.Constant
.......
----------------------------------------------------------------------
Ran 7 tests in 0.026s

OK
"
2026-05-28T06:43:15.084250Z,refbench,benchmark_pipeline_20260528_040832,single-agent,scrapy_refactor,rename-engine-status,success,0,70.55,2026-05-28T06:43:15Z,,,,,,/workspace/benchmarks/refactorbench/outputs/logs/base_single-agent_copilot_qwen_qwen3.6-flash/scrapy_refactor_rename-engine-status_1779950523860.terminal.txt,/workspace/outputs/platform/home/.copilot/session-state/553162df-a7f3-4648-a139-9c29034b82d3/events.jsonl,/workspace/benchmarks/refactorbench/outputs/logs/base_single-agent_copilot_qwen_qwen3.6-flash/scrapy_refactor_rename-engine-status_1779950523860.response.txt,8,8,"/workspace/benchmarks/refactorbench/outputs/workspaces/scrapy_refactor_rename-engine-status_1779950523860/repo/scrapy/_refbench_ast_compat.py:2: DeprecationWarning: ast.Str is deprecated and will be removed in Python 3.14; use ast.Constant instead
  if not hasattr(ast, 'Str'): ast.Str = ast.Constant
/workspace/benchmarks/refactorbench/outputs/workspaces/scrapy_refactor_rename-engine-status_1779950523860/repo/scrapy/_refbench_ast_compat.py:3: DeprecationWarning: ast.Bytes is deprecated and will be removed in Python 3.14; use ast.Constant instead
  if not hasattr(ast, 'Bytes'): ast.Bytes = ast.Constant
/workspace/benchmarks/refactorbench/outputs/workspaces/scrapy_refactor_rename-engine-status_1779950523860/repo/scrapy/_refbench_ast_compat.py:4: DeprecationWarning: ast.Num is deprecated and will be removed in Python 3.14; use ast.Constant instead
  if not hasattr(ast, 'Num'): ast.Num = ast.Constant
/workspace/benchmarks/refactorbench/outputs/workspaces/scrapy_refactor_rename-engine-status_1779950523860/repo/scrapy/_refbench_ast_compat.py:5: DeprecationWarning: ast.NameConstant is deprecated and will be removed in Python 3.14; use ast.Constant instead
  if not hasattr(ast, 'NameConstant'): ast.NameConstant = ast.Constant
........
----------------------------------------------------------------------
Ran 8 tests in 0.018s

OK
"
2026-05-28T06:44:16.204855Z,refbench,benchmark_pipeline_20260528_040832,single-agent,scrapy_refactor,rename-processtest-testproc,failed,0,60.42,2026-05-28T06:44:16Z,,,,,,/workspace/benchmarks/refactorbench/outputs/logs/base_single-agent_copilot_qwen_qwen3.6-flash/scrapy_refactor_rename-processtest-testproc_1779950595136.terminal.txt,/workspace/outputs/platform/home/.copilot/session-state/5019d2dd-36dd-4db3-b7fd-15099ce25dd8/events.jsonl,/workspace/benchmarks/refactorbench/outputs/logs/base_single-agent_copilot_qwen_qwen3.6-flash/scrapy_refactor_rename-processtest-testproc_1779950595136.response.txt,,6,"/workspace/benchmarks/refactorbench/outputs/workspaces/scrapy_refactor_rename-processtest-testproc_1779950595136/repo/scrapy/_refbench_ast_compat.py:2: DeprecationWarning: ast.Str is deprecated and will be removed in Python 3.14; use ast.Constant instead
  if not hasattr(ast, 'Str'): ast.Str = ast.Constant
/workspace/benchmarks/refactorbench/outputs/workspaces/scrapy_refactor_rename-processtest-testproc_1779950595136/repo/scrapy/_refbench_ast_compat.py:3: DeprecationWarning: ast.Bytes is deprecated and will be removed in Python 3.14; use ast.Constant instead
  if not hasattr(ast, 'Bytes'): ast.Bytes = ast.Constant
/workspace/benchmarks/refactorbench/outputs/workspaces/scrapy_refactor_rename-processtest-testproc_1779950595136/repo/scrapy/_refbench_ast_compat.py:4: DeprecationWarning: ast.Num is deprecated and will be removed in Python 3.14; use ast.Constant instead
  if not hasattr(ast, 'Num'): ast.Num = ast.Constant
/workspace/benchmarks/refactorbench/outputs/workspaces/scrapy_refactor_rename-processtest-testproc_1779950595136/repo/scrapy/_refbench_ast_compat.py:5: DeprecationWarning: ast.NameConstant is deprecated and will be removed in Python 3.14; use ast.Constant instead
  if not hasattr(ast, 'NameConstant'): ast.NameConstant = ast.Constant
FFFFFF
======================================================================
FAIL: test_testproc_class_exists (__main__.TestScrapyMigration.test_testproc_class_exists)
----------------------------------------------------------------------
Traceback (most recent call last):
  File ""/workspace/benchmarks/refactorbench/tests/scrapy_refactor/rename-processtest-testproc.py"", line 27, in test_testproc_class_exists
    self.assertTrue(testproc_class_found, ""Class 'TestProc' not found in testproc.py"")
AssertionError: False is not true : Class 'TestProc' not found in testproc.py

======================================================================
FAIL: test_testproc_import_in_fetch (__main__.TestScrapyMigration.test_testproc_impor"
2026-05-28T06:45:15.286756Z,refbench,benchmark_pipeline_20260528_040832,single-agent,scrapy_refactor,sitemap-url-to-url,failed,0,58.34,2026-05-28T06:45:15Z,,,,,,/workspace/benchmarks/refactorbench/outputs/logs/base_single-agent_copilot_qwen_qwen3.6-flash/scrapy_refactor_sitemap-url-to-url_1779950656259.terminal.txt,/workspace/outputs/platform/home/.copilot/session-state/5db9be0d-e67b-4bdd-bf9d-c2b98f152c28/events.jsonl,/workspace/benchmarks/refactorbench/outputs/logs/base_single-agent_copilot_qwen_qwen3.6-flash/scrapy_refactor_sitemap-url-to-url_1779950656259.response.txt,1,3,"/workspace/benchmarks/refactorbench/outputs/workspaces/scrapy_refactor_sitemap-url-to-url_1779950656259/repo/scrapy/_refbench_ast_compat.py:2: DeprecationWarning: ast.Str is deprecated and will be removed in Python 3.14; use ast.Constant instead
  if not hasattr(ast, 'Str'): ast.Str = ast.Constant
/workspace/benchmarks/refactorbench/outputs/workspaces/scrapy_refactor_sitemap-url-to-url_1779950656259/repo/scrapy/_refbench_ast_compat.py:3: DeprecationWarning: ast.Bytes is deprecated and will be removed in Python 3.14; use ast.Constant instead
  if not hasattr(ast, 'Bytes'): ast.Bytes = ast.Constant
/workspace/benchmarks/refactorbench/outputs/workspaces/scrapy_refactor_sitemap-url-to-url_1779950656259/repo/scrapy/_refbench_ast_compat.py:4: DeprecationWarning: ast.Num is deprecated and will be removed in Python 3.14; use ast.Constant instead
  if not hasattr(ast, 'Num'): ast.Num = ast.Constant
/workspace/benchmarks/refactorbench/outputs/workspaces/scrapy_refactor_sitemap-url-to-url_1779950656259/repo/scrapy/_refbench_ast_compat.py:5: DeprecationWarning: ast.NameConstant is deprecated and will be removed in Python 3.14; use ast.Constant instead
  if not hasattr(ast, 'NameConstant'): ast.NameConstant = ast.Constant
.FF
======================================================================
FAIL: test_spider_import_updated (__main__.TestScrapyMigration.test_spider_import_updated)
----------------------------------------------------------------------
Traceback (most recent call last):
  File ""/workspace/benchmarks/refactorbench/tests/scrapy_refactor/sitemap-url-to-url.py"", line 66, in test_spider_import_updated
    self.assertTrue(import_found, ""Import 'from scrapy.utils.url import sitemap_urls_from_robots' not found in sitemap.py"")
AssertionError: False is not true : Import 'from scrapy.utils.url import sitemap_urls_from_robots' not found in sitemap.py

======================================================================
FAIL: test_tests_py_imports_updated (__main__.TestS"
2026-05-28T06:49:01.033469Z,refbench,benchmark_pipeline_20260528_040832,single-agent,tornado_refactor,global-objects,failed,0,225.07,2026-05-28T06:49:00Z,,,,,,/workspace/benchmarks/refactorbench/outputs/logs/base_single-agent_copilot_qwen_qwen3.6-flash/tornado_refactor_global-objects_1779950715343.terminal.txt,/workspace/outputs/platform/home/.copilot/session-state/6524a632-674d-43f2-aeef-b75e182d055b/events.jsonl,/workspace/benchmarks/refactorbench/outputs/logs/base_single-agent_copilot_qwen_qwen3.6-flash/tornado_refactor_global-objects_1779950715343.response.txt,,,"/workspace/benchmarks/refactorbench/outputs/workspaces/tornado_refactor_global-objects_1779950715343/repo/tornado/_refbench_ast_compat.py:2: DeprecationWarning: ast.Str is deprecated and will be removed in Python 3.14; use ast.Constant instead
  if not hasattr(ast, 'Str'): ast.Str = ast.Constant
/workspace/benchmarks/refactorbench/outputs/workspaces/tornado_refactor_global-objects_1779950715343/repo/tornado/_refbench_ast_compat.py:3: DeprecationWarning: ast.Bytes is deprecated and will be removed in Python 3.14; use ast.Constant instead
  if not hasattr(ast, 'Bytes'): ast.Bytes = ast.Constant
/workspace/benchmarks/refactorbench/outputs/workspaces/tornado_refactor_global-objects_1779950715343/repo/tornado/_refbench_ast_compat.py:4: DeprecationWarning: ast.Num is deprecated and will be removed in Python 3.14; use ast.Constant instead
  if not hasattr(ast, 'Num'): ast.Num = ast.Constant
/workspace/benchmarks/refactorbench/outputs/workspaces/tornado_refactor_global-objects_1779950715343/repo/tornado/_refbench_ast_compat.py:5: DeprecationWarning: ast.NameConstant is deprecated and will be removed in Python 3.14; use ast.Constant instead
  if not hasattr(ast, 'NameConstant'): ast.NameConstant = ast.Constant
Traceback (most recent call last):
  File ""/workspace/benchmarks/refactorbench/outputs/workspaces/tornado_refactor_global-objects_1779950715343/repo/tornado/_refbench_ast_compat.py"", line 7, in <module>
    import runpy; runpy.run_path('/workspace/benchmarks/refactorbench/tests/tornado_refactor/global-objects.py', run_name=""__main__"")
                  ^^^^^^^^^^^^^^^^^^^^^^^^^^^^^^^^^^^^^^^^^^^^^^^^^^^^^^^^^^^^^^^^^^^^^^^^^^^^^^^^^^^^^^^^^^^^^^^^^^^^^^^^^^^^^^^^^^^
  File ""<frozen runpy>"", line 287, in run_path
  File ""<frozen runpy>"", line 98, in _run_module_code
  File ""<frozen runpy>"", line 88, in _run_code
  File ""/workspace/benchmarks/refactorbench/tests/tornado_refactor/global-objects.py"", line 112, in <module>
    unittest.main()
  File ""/usr/local/lib/python3."
2026-05-28T06:51:33.436394Z,refbench,benchmark_pipeline_20260528_040832,single-agent,tornado_refactor,log-utils,failed,0,151.85,2026-05-28T06:51:33Z,,,,,,/workspace/benchmarks/refactorbench/outputs/logs/base_single-agent_copilot_qwen_qwen3.6-flash/tornado_refactor_log-utils_1779950941090.terminal.txt,/workspace/outputs/platform/home/.copilot/session-state/db96d025-5a5c-4cba-8451-2ecf93ae24e3/events.jsonl,/workspace/benchmarks/refactorbench/outputs/logs/base_single-agent_copilot_qwen_qwen3.6-flash/tornado_refactor_log-utils_1779950941090.response.txt,,,"/workspace/benchmarks/refactorbench/outputs/workspaces/tornado_refactor_log-utils_1779950941090/repo/tornado/_refbench_ast_compat.py:2: DeprecationWarning: ast.Str is deprecated and will be removed in Python 3.14; use ast.Constant instead
  if not hasattr(ast, 'Str'): ast.Str = ast.Constant
/workspace/benchmarks/refactorbench/outputs/workspaces/tornado_refactor_log-utils_1779950941090/repo/tornado/_refbench_ast_compat.py:3: DeprecationWarning: ast.Bytes is deprecated and will be removed in Python 3.14; use ast.Constant instead
  if not hasattr(ast, 'Bytes'): ast.Bytes = ast.Constant
/workspace/benchmarks/refactorbench/outputs/workspaces/tornado_refactor_log-utils_1779950941090/repo/tornado/_refbench_ast_compat.py:4: DeprecationWarning: ast.Num is deprecated and will be removed in Python 3.14; use ast.Constant instead
  if not hasattr(ast, 'Num'): ast.Num = ast.Constant
/workspace/benchmarks/refactorbench/outputs/workspaces/tornado_refactor_log-utils_1779950941090/repo/tornado/_refbench_ast_compat.py:5: DeprecationWarning: ast.NameConstant is deprecated and will be removed in Python 3.14; use ast.Constant instead
  if not hasattr(ast, 'NameConstant'): ast.NameConstant = ast.Constant
Traceback (most recent call last):
  File ""/workspace/benchmarks/refactorbench/outputs/workspaces/tornado_refactor_log-utils_1779950941090/repo/tornado/_refbench_ast_compat.py"", line 7, in <module>
    import runpy; runpy.run_path('/workspace/benchmarks/refactorbench/tests/tornado_refactor/log-utils.py', run_name=""__main__"")
                  ^^^^^^^^^^^^^^^^^^^^^^^^^^^^^^^^^^^^^^^^^^^^^^^^^^^^^^^^^^^^^^^^^^^^^^^^^^^^^^^^^^^^^^^^^^^^^^^^^^^^^^^^^^^^^^
  File ""<frozen runpy>"", line 287, in run_path
  File ""<frozen runpy>"", line 98, in _run_module_code
  File ""<frozen runpy>"", line 88, in _run_code
  File ""/workspace/benchmarks/refactorbench/tests/tornado_refactor/log-utils.py"", line 132, in <module>
    unittest.main()
  File ""/usr/local/lib/python3.12/unittest/main.py"", line 104, in __ini"
2026-05-28T06:54:42.182123Z,refbench,benchmark_pipeline_20260528_040832,single-agent,tornado_refactor,option-parser-with-pretty-print,failed,0,188.19,2026-05-28T06:54:42Z,,,,,,/workspace/benchmarks/refactorbench/outputs/logs/base_single-agent_copilot_qwen_qwen3.6-flash/tornado_refactor_option-parser-with-pretty-print_1779951093492.terminal.txt,/workspace/outputs/platform/home/.copilot/session-state/5caff4dc-d81a-4642-86f0-546ea7e66164/events.jsonl,/workspace/benchmarks/refactorbench/outputs/logs/base_single-agent_copilot_qwen_qwen3.6-flash/tornado_refactor_option-parser-with-pretty-print_1779951093492.response.txt,,,"/workspace/benchmarks/refactorbench/outputs/workspaces/tornado_refactor_option-parser-with-pretty-print_1779951093492/repo/tornado/_refbench_ast_compat.py:2: DeprecationWarning: ast.Str is deprecated and will be removed in Python 3.14; use ast.Constant instead
  if not hasattr(ast, 'Str'): ast.Str = ast.Constant
/workspace/benchmarks/refactorbench/outputs/workspaces/tornado_refactor_option-parser-with-pretty-print_1779951093492/repo/tornado/_refbench_ast_compat.py:3: DeprecationWarning: ast.Bytes is deprecated and will be removed in Python 3.14; use ast.Constant instead
  if not hasattr(ast, 'Bytes'): ast.Bytes = ast.Constant
/workspace/benchmarks/refactorbench/outputs/workspaces/tornado_refactor_option-parser-with-pretty-print_1779951093492/repo/tornado/_refbench_ast_compat.py:4: DeprecationWarning: ast.Num is deprecated and will be removed in Python 3.14; use ast.Constant instead
  if not hasattr(ast, 'Num'): ast.Num = ast.Constant
/workspace/benchmarks/refactorbench/outputs/workspaces/tornado_refactor_option-parser-with-pretty-print_1779951093492/repo/tornado/_refbench_ast_compat.py:5: DeprecationWarning: ast.NameConstant is deprecated and will be removed in Python 3.14; use ast.Constant instead
  if not hasattr(ast, 'NameConstant'): ast.NameConstant = ast.Constant
Traceback (most recent call last):
  File ""/workspace/benchmarks/refactorbench/outputs/workspaces/tornado_refactor_option-parser-with-pretty-print_1779951093492/repo/tornado/_refbench_ast_compat.py"", line 7, in <module>
    import runpy; runpy.run_path('/workspace/benchmarks/refactorbench/tests/tornado_refactor/option-parser-with-pretty-print.py', run_name=""__main__"")
                  ^^^^^^^^^^^^^^^^^^^^^^^^^^^^^^^^^^^^^^^^^^^^^^^^^^^^^^^^^^^^^^^^^^^^^^^^^^^^^^^^^^^^^^^^^^^^^^^^^^^^^^^^^^^^^^^^^^^^^^^^^^^^^^^^^^^^
  File ""<frozen runpy>"", line 287, in run_path
  File ""<frozen runpy>"", line 98, in _run_module_code
  File ""<frozen runpy>"", line 88, in _run_code
  File ""/workspace/benchmarks/refactorben"
2026-05-28T06:58:07.433697Z,refbench,benchmark_pipeline_20260528_040832,single-agent,tornado_refactor,options-utils,failed,0,204.68,2026-05-28T06:58:07Z,,,,,,/workspace/benchmarks/refactorbench/outputs/logs/base_single-agent_copilot_qwen_qwen3.6-flash/tornado_refactor_options-utils_1779951282235.terminal.txt,/workspace/outputs/platform/home/.copilot/session-state/c7a3d1e7-fd0a-4d4f-b8ee-12e14ee759cb/events.jsonl,/workspace/benchmarks/refactorbench/outputs/logs/base_single-agent_copilot_qwen_qwen3.6-flash/tornado_refactor_options-utils_1779951282235.response.txt,,,"/workspace/benchmarks/refactorbench/outputs/workspaces/tornado_refactor_options-utils_1779951282235/repo/tornado/_refbench_ast_compat.py:2: DeprecationWarning: ast.Str is deprecated and will be removed in Python 3.14; use ast.Constant instead
  if not hasattr(ast, 'Str'): ast.Str = ast.Constant
/workspace/benchmarks/refactorbench/outputs/workspaces/tornado_refactor_options-utils_1779951282235/repo/tornado/_refbench_ast_compat.py:3: DeprecationWarning: ast.Bytes is deprecated and will be removed in Python 3.14; use ast.Constant instead
  if not hasattr(ast, 'Bytes'): ast.Bytes = ast.Constant
/workspace/benchmarks/refactorbench/outputs/workspaces/tornado_refactor_options-utils_1779951282235/repo/tornado/_refbench_ast_compat.py:4: DeprecationWarning: ast.Num is deprecated and will be removed in Python 3.14; use ast.Constant instead
  if not hasattr(ast, 'Num'): ast.Num = ast.Constant
/workspace/benchmarks/refactorbench/outputs/workspaces/tornado_refactor_options-utils_1779951282235/repo/tornado/_refbench_ast_compat.py:5: DeprecationWarning: ast.NameConstant is deprecated and will be removed in Python 3.14; use ast.Constant instead
  if not hasattr(ast, 'NameConstant'): ast.NameConstant = ast.Constant
Traceback (most recent call last):
  File ""/workspace/benchmarks/refactorbench/outputs/workspaces/tornado_refactor_options-utils_1779951282235/repo/tornado/_refbench_ast_compat.py"", line 7, in <module>
    import runpy; runpy.run_path('/workspace/benchmarks/refactorbench/tests/tornado_refactor/options-utils.py', run_name=""__main__"")
                  ^^^^^^^^^^^^^^^^^^^^^^^^^^^^^^^^^^^^^^^^^^^^^^^^^^^^^^^^^^^^^^^^^^^^^^^^^^^^^^^^^^^^^^^^^^^^^^^^^^^^^^^^^^^^^^^^^^
  File ""<frozen runpy>"", line 287, in run_path
  File ""<frozen runpy>"", line 98, in _run_module_code
  File ""<frozen runpy>"", line 88, in _run_code
  File ""/workspace/benchmarks/refactorbench/tests/tornado_refactor/options-utils.py"", line 487, in <module>
    unittest.main()
  File ""/usr/local/lib/python3.12/unitt"
2026-05-28T06:59:32.593749Z,refbench,benchmark_pipeline_20260528_040832,single-agent,tornado_refactor,remove-locale-data,failed,0,84.59,2026-05-28T06:59:32Z,,,,,,/workspace/benchmarks/refactorbench/outputs/logs/base_single-agent_copilot_qwen_qwen3.6-flash/tornado_refactor_remove-locale-data_1779951487491.terminal.txt,/workspace/outputs/platform/home/.copilot/session-state/407a3130-8d04-4f85-bf8a-f40195bdf7b4/events.jsonl,/workspace/benchmarks/refactorbench/outputs/logs/base_single-agent_copilot_qwen_qwen3.6-flash/tornado_refactor_remove-locale-data_1779951487491.response.txt,,,"/workspace/benchmarks/refactorbench/outputs/workspaces/tornado_refactor_remove-locale-data_1779951487491/repo/tornado/_refbench_ast_compat.py:2: DeprecationWarning: ast.Str is deprecated and will be removed in Python 3.14; use ast.Constant instead
  if not hasattr(ast, 'Str'): ast.Str = ast.Constant
/workspace/benchmarks/refactorbench/outputs/workspaces/tornado_refactor_remove-locale-data_1779951487491/repo/tornado/_refbench_ast_compat.py:3: DeprecationWarning: ast.Bytes is deprecated and will be removed in Python 3.14; use ast.Constant instead
  if not hasattr(ast, 'Bytes'): ast.Bytes = ast.Constant
/workspace/benchmarks/refactorbench/outputs/workspaces/tornado_refactor_remove-locale-data_1779951487491/repo/tornado/_refbench_ast_compat.py:4: DeprecationWarning: ast.Num is deprecated and will be removed in Python 3.14; use ast.Constant instead
  if not hasattr(ast, 'Num'): ast.Num = ast.Constant
/workspace/benchmarks/refactorbench/outputs/workspaces/tornado_refactor_remove-locale-data_1779951487491/repo/tornado/_refbench_ast_compat.py:5: DeprecationWarning: ast.NameConstant is deprecated and will be removed in Python 3.14; use ast.Constant instead
  if not hasattr(ast, 'NameConstant'): ast.NameConstant = ast.Constant
Traceback (most recent call last):
  File ""/workspace/benchmarks/refactorbench/outputs/workspaces/tornado_refactor_remove-locale-data_1779951487491/repo/tornado/_refbench_ast_compat.py"", line 7, in <module>
    import runpy; runpy.run_path('/workspace/benchmarks/refactorbench/tests/tornado_refactor/remove-locale-data.py', run_name=""__main__"")
                  ^^^^^^^^^^^^^^^^^^^^^^^^^^^^^^^^^^^^^^^^^^^^^^^^^^^^^^^^^^^^^^^^^^^^^^^^^^^^^^^^^^^^^^^^^^^^^^^^^^^^^^^^^^^^^^^^^^^^^^^
  File ""<frozen runpy>"", line 287, in run_path
  File ""<frozen runpy>"", line 98, in _run_module_code
  File ""<frozen runpy>"", line 88, in _run_code
  File ""/workspace/benchmarks/refactorbench/tests/tornado_refactor/remove-locale-data.py"", line 60, in <module>
    unittest.main()
"
2026-05-28T07:00:05.368624Z,refbench,benchmark_pipeline_20260528_040832,single-agent,tornado_refactor,rename-http1connection,timed_out,1,32.2,2026-05-28T07:00:05Z,,,,,,/workspace/benchmarks/refactorbench/outputs/logs/base_single-agent_copilot_qwen_qwen3.6-flash/tornado_refactor_rename-http1connection_1779951572649.terminal.txt,/workspace/outputs/platform/home/.copilot/session-state/f62b113a-6aa7-4c8e-9569-967cd306a29a/events.jsonl,/workspace/benchmarks/refactorbench/outputs/logs/base_single-agent_copilot_qwen_qwen3.6-flash/tornado_refactor_rename-http1connection_1779951572649.response.txt,,,No repository changes detected from Copilot response.
2026-05-28T07:01:18.670008Z,refbench,benchmark_pipeline_20260528_040832,single-agent,tornado_refactor,rename-to-camel-case,failed,0,72.75,2026-05-28T07:01:18Z,,,,,,/workspace/benchmarks/refactorbench/outputs/logs/base_single-agent_copilot_qwen_qwen3.6-flash/tornado_refactor_rename-to-camel-case_1779951605406.terminal.txt,/workspace/outputs/platform/home/.copilot/session-state/0db13544-bf1a-4229-af28-6718ee46b0d2/events.jsonl,/workspace/benchmarks/refactorbench/outputs/logs/base_single-agent_copilot_qwen_qwen3.6-flash/tornado_refactor_rename-to-camel-case_1779951605406.response.txt,,,"/workspace/benchmarks/refactorbench/outputs/workspaces/tornado_refactor_rename-to-camel-case_1779951605406/repo/tornado/_refbench_ast_compat.py:2: DeprecationWarning: ast.Str is deprecated and will be removed in Python 3.14; use ast.Constant instead
  if not hasattr(ast, 'Str'): ast.Str = ast.Constant
/workspace/benchmarks/refactorbench/outputs/workspaces/tornado_refactor_rename-to-camel-case_1779951605406/repo/tornado/_refbench_ast_compat.py:3: DeprecationWarning: ast.Bytes is deprecated and will be removed in Python 3.14; use ast.Constant instead
  if not hasattr(ast, 'Bytes'): ast.Bytes = ast.Constant
/workspace/benchmarks/refactorbench/outputs/workspaces/tornado_refactor_rename-to-camel-case_1779951605406/repo/tornado/_refbench_ast_compat.py:4: DeprecationWarning: ast.Num is deprecated and will be removed in Python 3.14; use ast.Constant instead
  if not hasattr(ast, 'Num'): ast.Num = ast.Constant
/workspace/benchmarks/refactorbench/outputs/workspaces/tornado_refactor_rename-to-camel-case_1779951605406/repo/tornado/_refbench_ast_compat.py:5: DeprecationWarning: ast.NameConstant is deprecated and will be removed in Python 3.14; use ast.Constant instead
  if not hasattr(ast, 'NameConstant'): ast.NameConstant = ast.Constant
Traceback (most recent call last):
  File ""/workspace/benchmarks/refactorbench/outputs/workspaces/tornado_refactor_rename-to-camel-case_1779951605406/repo/tornado/_refbench_ast_compat.py"", line 7, in <module>
    import runpy; runpy.run_path('/workspace/benchmarks/refactorbench/tests/tornado_refactor/rename-as-camel-case.py', run_name=""__main__"")
                  ^^^^^^^^^^^^^^^^^^^^^^^^^^^^^^^^^^^^^^^^^^^^^^^^^^^^^^^^^^^^^^^^^^^^^^^^^^^^^^^^^^^^^^^^^^^^^^^^^^^^^^^^^^^^^^^^^^^^^^^^^
  File ""<frozen runpy>"", line 287, in run_path
  File ""<frozen runpy>"", line 98, in _run_module_code
  File ""<frozen runpy>"", line 88, in _run_code
  File ""/workspace/benchmarks/refactorbench/tests/tornado_refactor/rename-as-camel-case.py"", line 102, in <module>
   "
2026-05-28T07:04:33.605114Z,refbench,benchmark_pipeline_20260528_040832,single-agent,tornado_refactor,resolvers-as-separate,timed_out,1,194.35,2026-05-28T07:04:33Z,,,,,,/workspace/benchmarks/refactorbench/outputs/logs/base_single-agent_copilot_qwen_qwen3.6-flash/tornado_refactor_resolvers-as-separate_1779951678706.terminal.txt,/workspace/outputs/platform/home/.copilot/session-state/fdd74c68-a9e3-4b54-8d3f-f7288070d15e/events.jsonl,/workspace/benchmarks/refactorbench/outputs/logs/base_single-agent_copilot_qwen_qwen3.6-flash/tornado_refactor_resolvers-as-separate_1779951678706.response.txt,,,No repository changes detected from Copilot response.
2026-05-28T07:08:20.932227Z,refbench,benchmark_pipeline_20260528_040832,single-agent,tornado_refactor,tcpclient-connect-params,failed,0,226.76,2026-05-28T07:08:20Z,,,,,,/workspace/benchmarks/refactorbench/outputs/logs/base_single-agent_copilot_qwen_qwen3.6-flash/tornado_refactor_tcpclient-connect-params_1779951873646.terminal.txt,/workspace/outputs/platform/home/.copilot/session-state/3b5732cb-6b04-4d83-8c39-e18b8ebcdd20/events.jsonl,/workspace/benchmarks/refactorbench/outputs/logs/base_single-agent_copilot_qwen_qwen3.6-flash/tornado_refactor_tcpclient-connect-params_1779951873646.response.txt,,,"/workspace/benchmarks/refactorbench/outputs/workspaces/tornado_refactor_tcpclient-connect-params_1779951873646/repo/tornado/_refbench_ast_compat.py:2: DeprecationWarning: ast.Str is deprecated and will be removed in Python 3.14; use ast.Constant instead
  if not hasattr(ast, 'Str'): ast.Str = ast.Constant
/workspace/benchmarks/refactorbench/outputs/workspaces/tornado_refactor_tcpclient-connect-params_1779951873646/repo/tornado/_refbench_ast_compat.py:3: DeprecationWarning: ast.Bytes is deprecated and will be removed in Python 3.14; use ast.Constant instead
  if not hasattr(ast, 'Bytes'): ast.Bytes = ast.Constant
/workspace/benchmarks/refactorbench/outputs/workspaces/tornado_refactor_tcpclient-connect-params_1779951873646/repo/tornado/_refbench_ast_compat.py:4: DeprecationWarning: ast.Num is deprecated and will be removed in Python 3.14; use ast.Constant instead
  if not hasattr(ast, 'Num'): ast.Num = ast.Constant
/workspace/benchmarks/refactorbench/outputs/workspaces/tornado_refactor_tcpclient-connect-params_1779951873646/repo/tornado/_refbench_ast_compat.py:5: DeprecationWarning: ast.NameConstant is deprecated and will be removed in Python 3.14; use ast.Constant instead
  if not hasattr(ast, 'NameConstant'): ast.NameConstant = ast.Constant
Traceback (most recent call last):
  File ""/workspace/benchmarks/refactorbench/outputs/workspaces/tornado_refactor_tcpclient-connect-params_1779951873646/repo/tornado/_refbench_ast_compat.py"", line 7, in <module>
    import runpy; runpy.run_path('/workspace/benchmarks/refactorbench/tests/tornado_refactor/tcpclient-connect-params.py', run_name=""__main__"")
                  ^^^^^^^^^^^^^^^^^^^^^^^^^^^^^^^^^^^^^^^^^^^^^^^^^^^^^^^^^^^^^^^^^^^^^^^^^^^^^^^^^^^^^^^^^^^^^^^^^^^^^^^^^^^^^^^^^^^^^^^^^^^^^
  File ""<frozen runpy>"", line 287, in run_path
  File ""<frozen runpy>"", line 98, in _run_module_code
  File ""<frozen runpy>"", line 88, in _run_code
  File ""/workspace/benchmarks/refactorbench/tests/tornado_refactor/tcpclient-connect-param"
2026-05-28T07:10:39.488714Z,refbench,benchmark_pipeline_20260528_040832,single-agent,ansible_refactor,add-log-parameter-get-group-vars,failed,0,49.87,2026-05-28T07:10:39Z,,,,,,/workspace/benchmarks/refactorbench/outputs/logs/lazy_single-agent_copilot_qwen_qwen3.6-flash/ansible_refactor_add-log-parameter-get-group-vars_1779952186775.terminal.txt,/workspace/outputs/platform/home/.copilot/session-state/04ecfb5b-1673-4c09-8cb7-3acbdba43016/events.jsonl,/workspace/benchmarks/refactorbench/outputs/logs/lazy_single-agent_copilot_qwen_qwen3.6-flash/ansible_refactor_add-log-parameter-get-group-vars_1779952186775.response.txt,3,5,"/workspace/benchmarks/refactorbench/outputs/workspaces/ansible_refactor_add-log-parameter-get-group-vars_1779952186775/repo/lib/_refbench_ast_compat.py:2: DeprecationWarning: ast.Str is deprecated and will be removed in Python 3.14; use ast.Constant instead
  if not hasattr(ast, 'Str'): ast.Str = ast.Constant
/workspace/benchmarks/refactorbench/outputs/workspaces/ansible_refactor_add-log-parameter-get-group-vars_1779952186775/repo/lib/_refbench_ast_compat.py:3: DeprecationWarning: ast.Bytes is deprecated and will be removed in Python 3.14; use ast.Constant instead
  if not hasattr(ast, 'Bytes'): ast.Bytes = ast.Constant
/workspace/benchmarks/refactorbench/outputs/workspaces/ansible_refactor_add-log-parameter-get-group-vars_1779952186775/repo/lib/_refbench_ast_compat.py:4: DeprecationWarning: ast.Num is deprecated and will be removed in Python 3.14; use ast.Constant instead
  if not hasattr(ast, 'Num'): ast.Num = ast.Constant
/workspace/benchmarks/refactorbench/outputs/workspaces/ansible_refactor_add-log-parameter-get-group-vars_1779952186775/repo/lib/_refbench_ast_compat.py:5: DeprecationWarning: ast.NameConstant is deprecated and will be removed in Python 3.14; use ast.Constant instead
  if not hasattr(ast, 'NameConstant'): ast.NameConstant = ast.Constant
FF...
======================================================================
FAIL: test_get_group_vars_has_log_parameter (__main__.TestAnsibleImports.test_get_group_vars_has_log_parameter)
----------------------------------------------------------------------
Traceback (most recent call last):
  File ""/workspace/benchmarks/refactorbench/tests/ansible_refactor/add-log-parameter-get-group-vars-test.py"", line 29, in test_get_group_vars_has_log_parameter
    self.assertTrue(log_parameter_found, ""Parameter 'log' not found in 'get_group_vars' function"")
AssertionError: False is not true : Parameter 'log' not found in 'get_group_vars' function

======================================================================
FAIL: "
2026-05-28T07:11:22.951001Z,refbench,benchmark_pipeline_20260528_040832,single-agent,ansible_refactor,add-log-parameter-is-systemd-managed,timed_out,1,40.45,2026-05-28T07:11:22Z,,,,,,/workspace/benchmarks/refactorbench/outputs/logs/lazy_single-agent_copilot_qwen_qwen3.6-flash/ansible_refactor_add-log-parameter-is-systemd-managed_1779952239524.terminal.txt,/workspace/outputs/platform/home/.copilot/session-state/127bd4a3-ba96-417f-a384-87cbe057f251/events.jsonl,/workspace/benchmarks/refactorbench/outputs/logs/lazy_single-agent_copilot_qwen_qwen3.6-flash/ansible_refactor_add-log-parameter-is-systemd-managed_1779952239524.response.txt,2,5,No repository changes detected from Copilot response.
2026-05-28T07:14:38.682379Z,refbench,benchmark_pipeline_20260528_040832,single-agent,ansible_refactor,combine-namespace-compat,success,0,192.85,2026-05-28T07:14:38Z,,,,,,/workspace/benchmarks/refactorbench/outputs/logs/lazy_single-agent_copilot_qwen_qwen3.6-flash/ansible_refactor_combine-namespace-compat_1779952282986.terminal.txt,/workspace/outputs/platform/home/.copilot/session-state/a20830cc-41c8-4c24-9d5d-5e83ac030cd6/events.jsonl,/workspace/benchmarks/refactorbench/outputs/logs/lazy_single-agent_copilot_qwen_qwen3.6-flash/ansible_refactor_combine-namespace-compat_1779952282986.response.txt,7,7,"/workspace/benchmarks/refactorbench/outputs/workspaces/ansible_refactor_combine-namespace-compat_1779952282986/repo/lib/_refbench_ast_compat.py:2: DeprecationWarning: ast.Str is deprecated and will be removed in Python 3.14; use ast.Constant instead
  if not hasattr(ast, 'Str'): ast.Str = ast.Constant
/workspace/benchmarks/refactorbench/outputs/workspaces/ansible_refactor_combine-namespace-compat_1779952282986/repo/lib/_refbench_ast_compat.py:3: DeprecationWarning: ast.Bytes is deprecated and will be removed in Python 3.14; use ast.Constant instead
  if not hasattr(ast, 'Bytes'): ast.Bytes = ast.Constant
/workspace/benchmarks/refactorbench/outputs/workspaces/ansible_refactor_combine-namespace-compat_1779952282986/repo/lib/_refbench_ast_compat.py:4: DeprecationWarning: ast.Num is deprecated and will be removed in Python 3.14; use ast.Constant instead
  if not hasattr(ast, 'Num'): ast.Num = ast.Constant
/workspace/benchmarks/refactorbench/outputs/workspaces/ansible_refactor_combine-namespace-compat_1779952282986/repo/lib/_refbench_ast_compat.py:5: DeprecationWarning: ast.NameConstant is deprecated and will be removed in Python 3.14; use ast.Constant instead
  if not hasattr(ast, 'NameConstant'): ast.NameConstant = ast.Constant
.......
----------------------------------------------------------------------
Ran 7 tests in 0.005s

OK
"
2026-05-28T07:15:50.699540Z,refbench,benchmark_pipeline_20260528_040832,single-agent,ansible_refactor,data-to-inventory-data,failed,0,69.19,2026-05-28T07:15:50Z,,,,,,/workspace/benchmarks/refactorbench/outputs/logs/lazy_single-agent_copilot_qwen_qwen3.6-flash/ansible_refactor_data-to-inventory-data_1779952478718.terminal.txt,/workspace/outputs/platform/home/.copilot/session-state/8c033456-ae43-4a6a-8def-6a374ab06998/events.jsonl,/workspace/benchmarks/refactorbench/outputs/logs/lazy_single-agent_copilot_qwen_qwen3.6-flash/ansible_refactor_data-to-inventory-data_1779952478718.response.txt,4,5,"/workspace/benchmarks/refactorbench/outputs/workspaces/ansible_refactor_data-to-inventory-data_1779952478718/repo/lib/_refbench_ast_compat.py:2: DeprecationWarning: ast.Str is deprecated and will be removed in Python 3.14; use ast.Constant instead
  if not hasattr(ast, 'Str'): ast.Str = ast.Constant
/workspace/benchmarks/refactorbench/outputs/workspaces/ansible_refactor_data-to-inventory-data_1779952478718/repo/lib/_refbench_ast_compat.py:3: DeprecationWarning: ast.Bytes is deprecated and will be removed in Python 3.14; use ast.Constant instead
  if not hasattr(ast, 'Bytes'): ast.Bytes = ast.Constant
/workspace/benchmarks/refactorbench/outputs/workspaces/ansible_refactor_data-to-inventory-data_1779952478718/repo/lib/_refbench_ast_compat.py:4: DeprecationWarning: ast.Num is deprecated and will be removed in Python 3.14; use ast.Constant instead
  if not hasattr(ast, 'Num'): ast.Num = ast.Constant
/workspace/benchmarks/refactorbench/outputs/workspaces/ansible_refactor_data-to-inventory-data_1779952478718/repo/lib/_refbench_ast_compat.py:5: DeprecationWarning: ast.NameConstant is deprecated and will be removed in Python 3.14; use ast.Constant instead
  if not hasattr(ast, 'NameConstant'): ast.NameConstant = ast.Constant
.F...
======================================================================
FAIL: test_data_py_does_not_exist (__main__.TestAnsibleInventory.test_data_py_does_not_exist)
----------------------------------------------------------------------
Traceback (most recent call last):
  File ""/workspace/benchmarks/refactorbench/tests/ansible_refactor/data-to-inventory-data-test.py"", line 25, in test_data_py_does_not_exist
    self.assertFalse(os.path.exists(data_file), f""{data_file} should not exist"")
AssertionError: True is not false : ../lib/ansible/inventory/data.py should not exist

----------------------------------------------------------------------
Ran 5 tests in 0.002s

FAILED (failures=1)
"
2026-05-28T07:18:17.732510Z,refbench,benchmark_pipeline_20260528_040832,single-agent,ansible_refactor,move-quoting-splitter,failed,0,144.23,2026-05-28T07:18:17Z,,,,,,/workspace/benchmarks/refactorbench/outputs/logs/lazy_single-agent_copilot_qwen_qwen3.6-flash/ansible_refactor_move-quoting-splitter_1779952550734.terminal.txt,/workspace/outputs/platform/home/.copilot/session-state/b8fc96ef-115b-4e09-ab77-def40163c3ff/events.jsonl,/workspace/benchmarks/refactorbench/outputs/logs/lazy_single-agent_copilot_qwen_qwen3.6-flash/ansible_refactor_move-quoting-splitter_1779952550734.response.txt,5,6,"/workspace/benchmarks/refactorbench/outputs/workspaces/ansible_refactor_move-quoting-splitter_1779952550734/repo/lib/_refbench_ast_compat.py:2: DeprecationWarning: ast.Str is deprecated and will be removed in Python 3.14; use ast.Constant instead
  if not hasattr(ast, 'Str'): ast.Str = ast.Constant
/workspace/benchmarks/refactorbench/outputs/workspaces/ansible_refactor_move-quoting-splitter_1779952550734/repo/lib/_refbench_ast_compat.py:3: DeprecationWarning: ast.Bytes is deprecated and will be removed in Python 3.14; use ast.Constant instead
  if not hasattr(ast, 'Bytes'): ast.Bytes = ast.Constant
/workspace/benchmarks/refactorbench/outputs/workspaces/ansible_refactor_move-quoting-splitter_1779952550734/repo/lib/_refbench_ast_compat.py:4: DeprecationWarning: ast.Num is deprecated and will be removed in Python 3.14; use ast.Constant instead
  if not hasattr(ast, 'Num'): ast.Num = ast.Constant
/workspace/benchmarks/refactorbench/outputs/workspaces/ansible_refactor_move-quoting-splitter_1779952550734/repo/lib/_refbench_ast_compat.py:5: DeprecationWarning: ast.NameConstant is deprecated and will be removed in Python 3.14; use ast.Constant instead
  if not hasattr(ast, 'NameConstant'): ast.NameConstant = ast.Constant
..F...
======================================================================
FAIL: test_quoting_file_deleted (__main__.TestAnsibleImports.test_quoting_file_deleted)
----------------------------------------------------------------------
Traceback (most recent call last):
  File ""/workspace/benchmarks/refactorbench/tests/ansible_refactor/move-quoting-splitter-test.py"", line 120, in test_quoting_file_deleted
    self.assertFalse(os.path.exists(file_path), f""{file_path} should be deleted but still exists"")
AssertionError: True is not false : ../lib/ansible/parsing/quoting.py should be deleted but still exists

----------------------------------------------------------------------
Ran 6 tests in 0.028s

FAILED (failures=1)
"
2026-05-28T07:20:24.637921Z,refbench,benchmark_pipeline_20260528_040832,single-agent,ansible_refactor,new-inventory-patterns,failed,0,124.04,2026-05-28T07:20:24Z,,,,,,/workspace/benchmarks/refactorbench/outputs/logs/lazy_single-agent_copilot_qwen_qwen3.6-flash/ansible_refactor_new-inventory-patterns_1779952697771.terminal.txt,/workspace/outputs/platform/home/.copilot/session-state/78a39bd7-a159-4ab9-9e84-eb0a62af8a48/events.jsonl,/workspace/benchmarks/refactorbench/outputs/logs/lazy_single-agent_copilot_qwen_qwen3.6-flash/ansible_refactor_new-inventory-patterns_1779952697771.response.txt,8,9,"/workspace/benchmarks/refactorbench/outputs/workspaces/ansible_refactor_new-inventory-patterns_1779952697771/repo/lib/_refbench_ast_compat.py:2: DeprecationWarning: ast.Str is deprecated and will be removed in Python 3.14; use ast.Constant instead
  if not hasattr(ast, 'Str'): ast.Str = ast.Constant
/workspace/benchmarks/refactorbench/outputs/workspaces/ansible_refactor_new-inventory-patterns_1779952697771/repo/lib/_refbench_ast_compat.py:3: DeprecationWarning: ast.Bytes is deprecated and will be removed in Python 3.14; use ast.Constant instead
  if not hasattr(ast, 'Bytes'): ast.Bytes = ast.Constant
/workspace/benchmarks/refactorbench/outputs/workspaces/ansible_refactor_new-inventory-patterns_1779952697771/repo/lib/_refbench_ast_compat.py:4: DeprecationWarning: ast.Num is deprecated and will be removed in Python 3.14; use ast.Constant instead
  if not hasattr(ast, 'Num'): ast.Num = ast.Constant
/workspace/benchmarks/refactorbench/outputs/workspaces/ansible_refactor_new-inventory-patterns_1779952697771/repo/lib/_refbench_ast_compat.py:5: DeprecationWarning: ast.NameConstant is deprecated and will be removed in Python 3.14; use ast.Constant instead
  if not hasattr(ast, 'NameConstant'): ast.NameConstant = ast.Constant
..F......
======================================================================
FAIL: test_import_inventory_manager_exists (__main__.TestAnsibleImports.test_import_inventory_manager_exists)
----------------------------------------------------------------------
Traceback (most recent call last):
  File ""/workspace/benchmarks/refactorbench/tests/ansible_refactor/new-inventory-patterns-test.py"", line 181, in test_import_inventory_manager_exists
    self.assertTrue(import_found, ""Import 'from ansible.inventory.manager import InventoryManager' not found in test_inventory.py"")
AssertionError: False is not true : Import 'from ansible.inventory.manager import InventoryManager' not found in test_inventory.py

----------------------------------------------------"
2026-05-28T07:24:01.037809Z,refbench,benchmark_pipeline_20260528_040832,single-agent,ansible_refactor,new-utils-class-connection,success,0,213.13,2026-05-28T07:24:01Z,,,,,,/workspace/benchmarks/refactorbench/outputs/logs/lazy_single-agent_copilot_qwen_qwen3.6-flash/ansible_refactor_new-utils-class-connection_1779952825143.terminal.txt,/workspace/outputs/platform/home/.copilot/session-state/3ccd3d38-de1c-42b3-8eb0-b108aad6ee33/events.jsonl,/workspace/benchmarks/refactorbench/outputs/logs/lazy_single-agent_copilot_qwen_qwen3.6-flash/ansible_refactor_new-utils-class-connection_1779952825143.response.txt,7,7,"/workspace/benchmarks/refactorbench/outputs/workspaces/ansible_refactor_new-utils-class-connection_1779952825143/repo/lib/_refbench_ast_compat.py:2: DeprecationWarning: ast.Str is deprecated and will be removed in Python 3.14; use ast.Constant instead
  if not hasattr(ast, 'Str'): ast.Str = ast.Constant
/workspace/benchmarks/refactorbench/outputs/workspaces/ansible_refactor_new-utils-class-connection_1779952825143/repo/lib/_refbench_ast_compat.py:3: DeprecationWarning: ast.Bytes is deprecated and will be removed in Python 3.14; use ast.Constant instead
  if not hasattr(ast, 'Bytes'): ast.Bytes = ast.Constant
/workspace/benchmarks/refactorbench/outputs/workspaces/ansible_refactor_new-utils-class-connection_1779952825143/repo/lib/_refbench_ast_compat.py:4: DeprecationWarning: ast.Num is deprecated and will be removed in Python 3.14; use ast.Constant instead
  if not hasattr(ast, 'Num'): ast.Num = ast.Constant
/workspace/benchmarks/refactorbench/outputs/workspaces/ansible_refactor_new-utils-class-connection_1779952825143/repo/lib/_refbench_ast_compat.py:5: DeprecationWarning: ast.NameConstant is deprecated and will be removed in Python 3.14; use ast.Constant instead
  if not hasattr(ast, 'NameConstant'): ast.NameConstant = ast.Constant
.......
----------------------------------------------------------------------
Ran 7 tests in 0.044s

OK
"
2026-05-28T07:26:16.156860Z,refbench,benchmark_pipeline_20260528_040832,single-agent,ansible_refactor,new-utils-from-basic,failed,0,131.8,2026-05-28T07:26:16Z,,,,,,/workspace/benchmarks/refactorbench/outputs/logs/lazy_single-agent_copilot_qwen_qwen3.6-flash/ansible_refactor_new-utils-from-basic_1779953041573.terminal.txt,/workspace/outputs/platform/home/.copilot/session-state/b6a98f94-8735-4050-9e50-478a043899f0/events.jsonl,/workspace/benchmarks/refactorbench/outputs/logs/lazy_single-agent_copilot_qwen_qwen3.6-flash/ansible_refactor_new-utils-from-basic_1779953041573.response.txt,1,12,"/workspace/benchmarks/refactorbench/outputs/workspaces/ansible_refactor_new-utils-from-basic_1779953041573/repo/lib/_refbench_ast_compat.py:2: DeprecationWarning: ast.Str is deprecated and will be removed in Python 3.14; use ast.Constant instead
  if not hasattr(ast, 'Str'): ast.Str = ast.Constant
/workspace/benchmarks/refactorbench/outputs/workspaces/ansible_refactor_new-utils-from-basic_1779953041573/repo/lib/_refbench_ast_compat.py:3: DeprecationWarning: ast.Bytes is deprecated and will be removed in Python 3.14; use ast.Constant instead
  if not hasattr(ast, 'Bytes'): ast.Bytes = ast.Constant
/workspace/benchmarks/refactorbench/outputs/workspaces/ansible_refactor_new-utils-from-basic_1779953041573/repo/lib/_refbench_ast_compat.py:4: DeprecationWarning: ast.Num is deprecated and will be removed in Python 3.14; use ast.Constant instead
  if not hasattr(ast, 'Num'): ast.Num = ast.Constant
/workspace/benchmarks/refactorbench/outputs/workspaces/ansible_refactor_new-utils-from-basic_1779953041573/repo/lib/_refbench_ast_compat.py:5: DeprecationWarning: ast.NameConstant is deprecated and will be removed in Python 3.14; use ast.Constant instead
  if not hasattr(ast, 'NameConstant'): ast.NameConstant = ast.Constant
F.FFFFFFFFFF
======================================================================
FAIL: test_heuristic_log_sanitize_assignment_in_test_heuristic_log_sanitize (__main__.TestAnsibleImports.test_heuristic_log_sanitize_assignment_in_test_heuristic_log_sanitize)
----------------------------------------------------------------------
Traceback (most recent call last):
  File ""/workspace/benchmarks/refactorbench/tests/ansible_refactor/new-utils-from-basic-test.py"", line 194, in test_heuristic_log_sanitize_assignment_in_test_heuristic_log_sanitize
    self.assertTrue(assignment_found, ""Assignment 'heuristic_log_sanitize = utils.heuristic_log_sanitize' not found in test_heuristic_log_sanitize.py"")
AssertionError: False is not true : Assignment 'heuristic_log_sanitize ="
2026-05-28T07:28:33.751134Z,refbench,benchmark_pipeline_20260528_040832,single-agent,ansible_refactor,parse_key_value,success,0,134.19,2026-05-28T07:28:33Z,,,,,,/workspace/benchmarks/refactorbench/outputs/logs/lazy_single-agent_copilot_qwen_qwen3.6-flash/ansible_refactor_parse_key_value_1779953176687.terminal.txt,/workspace/outputs/platform/home/.copilot/session-state/8dac210b-4ca6-42a5-8360-687f83c253a7/events.jsonl,/workspace/benchmarks/refactorbench/outputs/logs/lazy_single-agent_copilot_qwen_qwen3.6-flash/ansible_refactor_parse_key_value_1779953176687.response.txt,21,21,"/workspace/benchmarks/refactorbench/outputs/workspaces/ansible_refactor_parse_key_value_1779953176687/repo/lib/_refbench_ast_compat.py:2: DeprecationWarning: ast.Str is deprecated and will be removed in Python 3.14; use ast.Constant instead
  if not hasattr(ast, 'Str'): ast.Str = ast.Constant
/workspace/benchmarks/refactorbench/outputs/workspaces/ansible_refactor_parse_key_value_1779953176687/repo/lib/_refbench_ast_compat.py:3: DeprecationWarning: ast.Bytes is deprecated and will be removed in Python 3.14; use ast.Constant instead
  if not hasattr(ast, 'Bytes'): ast.Bytes = ast.Constant
/workspace/benchmarks/refactorbench/outputs/workspaces/ansible_refactor_parse_key_value_1779953176687/repo/lib/_refbench_ast_compat.py:4: DeprecationWarning: ast.Num is deprecated and will be removed in Python 3.14; use ast.Constant instead
  if not hasattr(ast, 'Num'): ast.Num = ast.Constant
/workspace/benchmarks/refactorbench/outputs/workspaces/ansible_refactor_parse_key_value_1779953176687/repo/lib/_refbench_ast_compat.py:5: DeprecationWarning: ast.NameConstant is deprecated and will be removed in Python 3.14; use ast.Constant instead
  if not hasattr(ast, 'NameConstant'): ast.NameConstant = ast.Constant
.....................
----------------------------------------------------------------------
Ran 21 tests in 0.053s

OK
"
2026-05-28T07:30:22.884455Z,refbench,benchmark_pipeline_20260528_040832,single-agent,ansible_refactor,rename-lenient-lowercase,success,0,105.72,2026-05-28T07:30:22Z,,,,,,/workspace/benchmarks/refactorbench/outputs/logs/lazy_single-agent_copilot_qwen_qwen3.6-flash/ansible_refactor_rename-lenient-lowercase_1779953314300.terminal.txt,/workspace/outputs/platform/home/.copilot/session-state/2ff8122f-a2cc-48bc-95d5-efdcf95199ba/events.jsonl,/workspace/benchmarks/refactorbench/outputs/logs/lazy_single-agent_copilot_qwen_qwen3.6-flash/ansible_refactor_rename-lenient-lowercase_1779953314300.response.txt,4,4,"/workspace/benchmarks/refactorbench/outputs/workspaces/ansible_refactor_rename-lenient-lowercase_1779953314300/repo/lib/_refbench_ast_compat.py:2: DeprecationWarning: ast.Str is deprecated and will be removed in Python 3.14; use ast.Constant instead
  if not hasattr(ast, 'Str'): ast.Str = ast.Constant
/workspace/benchmarks/refactorbench/outputs/workspaces/ansible_refactor_rename-lenient-lowercase_1779953314300/repo/lib/_refbench_ast_compat.py:3: DeprecationWarning: ast.Bytes is deprecated and will be removed in Python 3.14; use ast.Constant instead
  if not hasattr(ast, 'Bytes'): ast.Bytes = ast.Constant
/workspace/benchmarks/refactorbench/outputs/workspaces/ansible_refactor_rename-lenient-lowercase_1779953314300/repo/lib/_refbench_ast_compat.py:4: DeprecationWarning: ast.Num is deprecated and will be removed in Python 3.14; use ast.Constant instead
  if not hasattr(ast, 'Num'): ast.Num = ast.Constant
/workspace/benchmarks/refactorbench/outputs/workspaces/ansible_refactor_rename-lenient-lowercase_1779953314300/repo/lib/_refbench_ast_compat.py:5: DeprecationWarning: ast.NameConstant is deprecated and will be removed in Python 3.14; use ast.Constant instead
  if not hasattr(ast, 'NameConstant'): ast.NameConstant = ast.Constant
....
----------------------------------------------------------------------
Ran 4 tests in 0.024s

OK
"
2026-05-28T07:31:12.738778Z,refbench,benchmark_pipeline_20260528_040832,single-agent,ansible_refactor,sort-groups-to-group-sort,success,0,46.45,2026-05-28T07:31:12Z,,,,,,/workspace/benchmarks/refactorbench/outputs/logs/lazy_single-agent_copilot_qwen_qwen3.6-flash/ansible_refactor_sort-groups-to-group-sort_1779953423416.terminal.txt,/workspace/outputs/platform/home/.copilot/session-state/b16d87e2-0ba5-4958-9e02-f73ab795a6f2/events.jsonl,/workspace/benchmarks/refactorbench/outputs/logs/lazy_single-agent_copilot_qwen_qwen3.6-flash/ansible_refactor_sort-groups-to-group-sort_1779953423416.response.txt,4,4,"/workspace/benchmarks/refactorbench/outputs/workspaces/ansible_refactor_sort-groups-to-group-sort_1779953423416/repo/lib/_refbench_ast_compat.py:2: DeprecationWarning: ast.Str is deprecated and will be removed in Python 3.14; use ast.Constant instead
  if not hasattr(ast, 'Str'): ast.Str = ast.Constant
/workspace/benchmarks/refactorbench/outputs/workspaces/ansible_refactor_sort-groups-to-group-sort_1779953423416/repo/lib/_refbench_ast_compat.py:3: DeprecationWarning: ast.Bytes is deprecated and will be removed in Python 3.14; use ast.Constant instead
  if not hasattr(ast, 'Bytes'): ast.Bytes = ast.Constant
/workspace/benchmarks/refactorbench/outputs/workspaces/ansible_refactor_sort-groups-to-group-sort_1779953423416/repo/lib/_refbench_ast_compat.py:4: DeprecationWarning: ast.Num is deprecated and will be removed in Python 3.14; use ast.Constant instead
  if not hasattr(ast, 'Num'): ast.Num = ast.Constant
/workspace/benchmarks/refactorbench/outputs/workspaces/ansible_refactor_sort-groups-to-group-sort_1779953423416/repo/lib/_refbench_ast_compat.py:5: DeprecationWarning: ast.NameConstant is deprecated and will be removed in Python 3.14; use ast.Constant instead
  if not hasattr(ast, 'NameConstant'): ast.NameConstant = ast.Constant
....
----------------------------------------------------------------------
Ran 4 tests in 0.017s

OK
"
2026-05-28T07:32:04.143804Z,refbench,benchmark_pipeline_20260528_040832,single-agent,celery_refactor,add-log-parameter-get-digest-algorithm,success,0,50.18,2026-05-28T07:32:04Z,,,,,,/workspace/benchmarks/refactorbench/outputs/logs/lazy_single-agent_copilot_qwen_qwen3.6-flash/celery_refactor_add-log-parameter-get-digest-algorithm_1779953473268.terminal.txt,/workspace/outputs/platform/home/.copilot/session-state/a82cbd95-401c-4c45-8bcb-9ce8c9bc73c2/events.jsonl,/workspace/benchmarks/refactorbench/outputs/logs/lazy_single-agent_copilot_qwen_qwen3.6-flash/celery_refactor_add-log-parameter-get-digest-algorithm_1779953473268.response.txt,5,5,"/workspace/benchmarks/refactorbench/outputs/workspaces/celery_refactor_add-log-parameter-get-digest-algorithm_1779953473268/repo/celery/_refbench_ast_compat.py:2: DeprecationWarning: ast.Str is deprecated and will be removed in Python 3.14; use ast.Constant instead
  if not hasattr(ast, 'Str'): ast.Str = ast.Constant
/workspace/benchmarks/refactorbench/outputs/workspaces/celery_refactor_add-log-parameter-get-digest-algorithm_1779953473268/repo/celery/_refbench_ast_compat.py:3: DeprecationWarning: ast.Bytes is deprecated and will be removed in Python 3.14; use ast.Constant instead
  if not hasattr(ast, 'Bytes'): ast.Bytes = ast.Constant
/workspace/benchmarks/refactorbench/outputs/workspaces/celery_refactor_add-log-parameter-get-digest-algorithm_1779953473268/repo/celery/_refbench_ast_compat.py:4: DeprecationWarning: ast.Num is deprecated and will be removed in Python 3.14; use ast.Constant instead
  if not hasattr(ast, 'Num'): ast.Num = ast.Constant
/workspace/benchmarks/refactorbench/outputs/workspaces/celery_refactor_add-log-parameter-get-digest-algorithm_1779953473268/repo/celery/_refbench_ast_compat.py:5: DeprecationWarning: ast.NameConstant is deprecated and will be removed in Python 3.14; use ast.Constant instead
  if not hasattr(ast, 'NameConstant'): ast.NameConstant = ast.Constant
.....
----------------------------------------------------------------------
Ran 5 tests in 0.003s

OK
"
2026-05-28T07:34:04.480698Z,refbench,benchmark_pipeline_20260528_040832,single-agent,celery_refactor,add-log-parameter-node-format,failed,0,119.09,2026-05-28T07:34:04Z,,,,,,/workspace/benchmarks/refactorbench/outputs/logs/lazy_single-agent_copilot_qwen_qwen3.6-flash/celery_refactor_add-log-parameter-node-format_1779953524666.terminal.txt,/workspace/outputs/platform/home/.copilot/session-state/57e98b03-edda-4e7c-83e9-dc74ef8c3828/events.jsonl,/workspace/benchmarks/refactorbench/outputs/logs/lazy_single-agent_copilot_qwen_qwen3.6-flash/celery_refactor_add-log-parameter-node-format_1779953524666.response.txt,2,3,"/workspace/benchmarks/refactorbench/outputs/workspaces/celery_refactor_add-log-parameter-node-format_1779953524666/repo/celery/_refbench_ast_compat.py:2: DeprecationWarning: ast.Str is deprecated and will be removed in Python 3.14; use ast.Constant instead
  if not hasattr(ast, 'Str'): ast.Str = ast.Constant
/workspace/benchmarks/refactorbench/outputs/workspaces/celery_refactor_add-log-parameter-node-format_1779953524666/repo/celery/_refbench_ast_compat.py:3: DeprecationWarning: ast.Bytes is deprecated and will be removed in Python 3.14; use ast.Constant instead
  if not hasattr(ast, 'Bytes'): ast.Bytes = ast.Constant
/workspace/benchmarks/refactorbench/outputs/workspaces/celery_refactor_add-log-parameter-node-format_1779953524666/repo/celery/_refbench_ast_compat.py:4: DeprecationWarning: ast.Num is deprecated and will be removed in Python 3.14; use ast.Constant instead
  if not hasattr(ast, 'Num'): ast.Num = ast.Constant
/workspace/benchmarks/refactorbench/outputs/workspaces/celery_refactor_add-log-parameter-node-format_1779953524666/repo/celery/_refbench_ast_compat.py:5: DeprecationWarning: ast.NameConstant is deprecated and will be removed in Python 3.14; use ast.Constant instead
  if not hasattr(ast, 'NameConstant'): ast.NameConstant = ast.Constant
.F.
======================================================================
FAIL: test_node_format_calls_in_worker_have_log_true (__main__.TestCeleryUtils.test_node_format_calls_in_worker_have_log_true)
----------------------------------------------------------------------
Traceback (most recent call last):
  File ""/workspace/benchmarks/refactorbench/tests/celery_refactor/add-log-parameter-node-format-test.py"", line 65, in test_node_format_calls_in_worker_have_log_true
    self.assertTrue(node_format_calls_with_log_true, ""Not all 'node_format' calls in worker.py have 'log=True'"")
AssertionError: False is not true : Not all 'node_format' calls in worker.py have 'log=True'

-----------------------------------------------"
2026-05-28T07:35:39.366664Z,refbench,benchmark_pipeline_20260528_040832,single-agent,celery_refactor,annotation-utils,failed,0,93.62,2026-05-28T07:35:39Z,,,,,,/workspace/benchmarks/refactorbench/outputs/logs/lazy_single-agent_copilot_qwen_qwen3.6-flash/celery_refactor_annotation-utils_1779953645007.terminal.txt,/workspace/outputs/platform/home/.copilot/session-state/7110b67a-d4e9-4f19-8764-3f9c203c300a/events.jsonl,/workspace/benchmarks/refactorbench/outputs/logs/lazy_single-agent_copilot_qwen_qwen3.6-flash/celery_refactor_annotation-utils_1779953645007.response.txt,3,8,"/workspace/benchmarks/refactorbench/outputs/workspaces/celery_refactor_annotation-utils_1779953645007/repo/celery/_refbench_ast_compat.py:2: DeprecationWarning: ast.Str is deprecated and will be removed in Python 3.14; use ast.Constant instead
  if not hasattr(ast, 'Str'): ast.Str = ast.Constant
/workspace/benchmarks/refactorbench/outputs/workspaces/celery_refactor_annotation-utils_1779953645007/repo/celery/_refbench_ast_compat.py:3: DeprecationWarning: ast.Bytes is deprecated and will be removed in Python 3.14; use ast.Constant instead
  if not hasattr(ast, 'Bytes'): ast.Bytes = ast.Constant
/workspace/benchmarks/refactorbench/outputs/workspaces/celery_refactor_annotation-utils_1779953645007/repo/celery/_refbench_ast_compat.py:4: DeprecationWarning: ast.Num is deprecated and will be removed in Python 3.14; use ast.Constant instead
  if not hasattr(ast, 'Num'): ast.Num = ast.Constant
/workspace/benchmarks/refactorbench/outputs/workspaces/celery_refactor_annotation-utils_1779953645007/repo/celery/_refbench_ast_compat.py:5: DeprecationWarning: ast.NameConstant is deprecated and will be removed in Python 3.14; use ast.Constant instead
  if not hasattr(ast, 'NameConstant'): ast.NameConstant = ast.Constant
/workspace/benchmarks/refactorbench/tests/celery_refactor/annotation-utils-test.py:93: DeprecationWarning: ast.Str is deprecated and will be removed in Python 3.14; use ast.Constant instead
  elements = {element.s for element in node.value.elts if isinstance(element, ast.Str)}
/workspace/benchmarks/refactorbench/tests/celery_refactor/annotation-utils-test.py:93: DeprecationWarning: Attribute s is deprecated and will be removed in Python 3.14; use value instead
  elements = {element.s for element in node.value.elts if isinstance(element, ast.Str)}
.FFF..FF
======================================================================
FAIL: test_annotations_utils_file_exists (__main__.TestCeleryAnnotationsUtils.test_annotations_utils_file_exists)
--------------------------------"
2026-05-28T07:36:24.663626Z,refbench,benchmark_pipeline_20260528_040832,single-agent,celery_refactor,autoretry-to-retry,timed_out,1,43.93,2026-05-28T07:36:24Z,,,,,,/workspace/benchmarks/refactorbench/outputs/logs/lazy_single-agent_copilot_qwen_qwen3.6-flash/celery_refactor_autoretry-to-retry_1779953739875.terminal.txt,/workspace/outputs/platform/home/.copilot/session-state/ca961a06-9899-4c28-a1d6-4a2a606cd3e9/events.jsonl,/workspace/benchmarks/refactorbench/outputs/logs/lazy_single-agent_copilot_qwen_qwen3.6-flash/celery_refactor_autoretry-to-retry_1779953739875.response.txt,,7,No repository changes detected from Copilot response.
2026-05-28T07:37:20.117812Z,refbench,benchmark_pipeline_20260528_040832,single-agent,celery_refactor,combine-unpickle-task,failed,0,54.18,2026-05-28T07:37:20Z,,,,,,/workspace/benchmarks/refactorbench/outputs/logs/lazy_single-agent_copilot_qwen_qwen3.6-flash/celery_refactor_combine-unpickle-task_1779953785183.terminal.txt,/workspace/outputs/platform/home/.copilot/session-state/86af6990-f1b0-4900-897a-253ce68e3429/events.jsonl,/workspace/benchmarks/refactorbench/outputs/logs/lazy_single-agent_copilot_qwen_qwen3.6-flash/celery_refactor_combine-unpickle-task_1779953785183.response.txt,4,6,"/workspace/benchmarks/refactorbench/outputs/workspaces/celery_refactor_combine-unpickle-task_1779953785183/repo/celery/_refbench_ast_compat.py:2: DeprecationWarning: ast.Str is deprecated and will be removed in Python 3.14; use ast.Constant instead
  if not hasattr(ast, 'Str'): ast.Str = ast.Constant
/workspace/benchmarks/refactorbench/outputs/workspaces/celery_refactor_combine-unpickle-task_1779953785183/repo/celery/_refbench_ast_compat.py:3: DeprecationWarning: ast.Bytes is deprecated and will be removed in Python 3.14; use ast.Constant instead
  if not hasattr(ast, 'Bytes'): ast.Bytes = ast.Constant
/workspace/benchmarks/refactorbench/outputs/workspaces/celery_refactor_combine-unpickle-task_1779953785183/repo/celery/_refbench_ast_compat.py:4: DeprecationWarning: ast.Num is deprecated and will be removed in Python 3.14; use ast.Constant instead
  if not hasattr(ast, 'Num'): ast.Num = ast.Constant
/workspace/benchmarks/refactorbench/outputs/workspaces/celery_refactor_combine-unpickle-task_1779953785183/repo/celery/_refbench_ast_compat.py:5: DeprecationWarning: ast.NameConstant is deprecated and will be removed in Python 3.14; use ast.Constant instead
  if not hasattr(ast, 'NameConstant'): ast.NameConstant = ast.Constant
.FF...
======================================================================
FAIL: test_function_test_unpickle_exists_in_test_unpickle_test (__main__.TestCeleryRegistry.test_function_test_unpickle_exists_in_test_unpickle_test)
----------------------------------------------------------------------
Traceback (most recent call last):
  File ""/workspace/benchmarks/refactorbench/tests/celery_refactor/combine-unpickle-task-test.py"", line 134, in test_function_test_unpickle_exists_in_test_unpickle_test
    self.assertTrue(test_unpickle_function_found, ""Function 'test_unpickle' not found in class 'TestUnpickleTest' in test_registry.py"")
AssertionError: False is not true : Function 'test_unpickle' not found in class 'TestUnpickleTest' in test_registry.py

="
2026-05-28T07:38:09.405933Z,refbench,benchmark_pipeline_20260528_040832,single-agent,celery_refactor,dump-message-to-serialization,timed_out,1,48.02,2026-05-28T07:38:09Z,,,,,,/workspace/benchmarks/refactorbench/outputs/logs/lazy_single-agent_copilot_qwen_qwen3.6-flash/celery_refactor_dump-message-to-serialization_1779953840675.terminal.txt,/workspace/outputs/platform/home/.copilot/session-state/dc34be97-164a-4bad-a6de-c9e974f1602a/events.jsonl,/workspace/benchmarks/refactorbench/outputs/logs/lazy_single-agent_copilot_qwen_qwen3.6-flash/celery_refactor_dump-message-to-serialization_1779953840675.response.txt,,3,No repository changes detected from Copilot response.
2026-05-28T07:39:14.643349Z,refbench,benchmark_pipeline_20260528_040832,single-agent,celery_refactor,ensure_serialize,failed,0,64.37,2026-05-28T07:39:14Z,,,,,,/workspace/benchmarks/refactorbench/outputs/logs/lazy_single-agent_copilot_qwen_qwen3.6-flash/celery_refactor_ensure_serialize_1779953889484.terminal.txt,/workspace/outputs/platform/home/.copilot/session-state/649af540-d773-4689-a8a0-b3f904ad0cb2/events.jsonl,/workspace/benchmarks/refactorbench/outputs/logs/lazy_single-agent_copilot_qwen_qwen3.6-flash/celery_refactor_ensure_serialize_1779953889484.response.txt,2,9,"/workspace/benchmarks/refactorbench/outputs/workspaces/celery_refactor_ensure_serialize_1779953889484/repo/celery/_refbench_ast_compat.py:2: DeprecationWarning: ast.Str is deprecated and will be removed in Python 3.14; use ast.Constant instead
  if not hasattr(ast, 'Str'): ast.Str = ast.Constant
/workspace/benchmarks/refactorbench/outputs/workspaces/celery_refactor_ensure_serialize_1779953889484/repo/celery/_refbench_ast_compat.py:3: DeprecationWarning: ast.Bytes is deprecated and will be removed in Python 3.14; use ast.Constant instead
  if not hasattr(ast, 'Bytes'): ast.Bytes = ast.Constant
/workspace/benchmarks/refactorbench/outputs/workspaces/celery_refactor_ensure_serialize_1779953889484/repo/celery/_refbench_ast_compat.py:4: DeprecationWarning: ast.Num is deprecated and will be removed in Python 3.14; use ast.Constant instead
  if not hasattr(ast, 'Num'): ast.Num = ast.Constant
/workspace/benchmarks/refactorbench/outputs/workspaces/celery_refactor_ensure_serialize_1779953889484/repo/celery/_refbench_ast_compat.py:5: DeprecationWarning: ast.NameConstant is deprecated and will be removed in Python 3.14; use ast.Constant instead
  if not hasattr(ast, 'NameConstant'): ast.NameConstant = ast.Constant
F..FFFFFF
======================================================================
FAIL: test_class_test_ensure_serialize_exists (__main__.TestCeleryUtils.test_class_test_ensure_serialize_exists)
----------------------------------------------------------------------
Traceback (most recent call last):
  File ""/workspace/benchmarks/refactorbench/tests/celery_refactor/ensure_serialize-test.py"", line 111, in test_class_test_ensure_serialize_exists
    self.assertTrue(class_found, ""Class 'test_ensure_serialize' not found in test_serialization.py"")
AssertionError: False is not true : Class 'test_ensure_serialize' not found in test_serialization.py

======================================================================
FAIL: test_ensure_serialize_usage_count (__main__.TestCeler"
2026-05-28T07:41:00.528713Z,refbench,benchmark_pipeline_20260528_040832,single-agent,celery_refactor,evaluate-promises-to-serialization,success,0,105.08,2026-05-28T07:41:00Z,,,,,,/workspace/benchmarks/refactorbench/outputs/logs/lazy_single-agent_copilot_qwen_qwen3.6-flash/celery_refactor_evaluate-promises-to-serialization_1779953954717.terminal.txt,/workspace/outputs/platform/home/.copilot/session-state/0de9e1da-1d6d-43aa-9989-ccf08573d498/events.jsonl,/workspace/benchmarks/refactorbench/outputs/logs/lazy_single-agent_copilot_qwen_qwen3.6-flash/celery_refactor_evaluate-promises-to-serialization_1779953954717.response.txt,4,4,"/workspace/benchmarks/refactorbench/outputs/workspaces/celery_refactor_evaluate-promises-to-serialization_1779953954717/repo/celery/_refbench_ast_compat.py:2: DeprecationWarning: ast.Str is deprecated and will be removed in Python 3.14; use ast.Constant instead
  if not hasattr(ast, 'Str'): ast.Str = ast.Constant
/workspace/benchmarks/refactorbench/outputs/workspaces/celery_refactor_evaluate-promises-to-serialization_1779953954717/repo/celery/_refbench_ast_compat.py:3: DeprecationWarning: ast.Bytes is deprecated and will be removed in Python 3.14; use ast.Constant instead
  if not hasattr(ast, 'Bytes'): ast.Bytes = ast.Constant
/workspace/benchmarks/refactorbench/outputs/workspaces/celery_refactor_evaluate-promises-to-serialization_1779953954717/repo/celery/_refbench_ast_compat.py:4: DeprecationWarning: ast.Num is deprecated and will be removed in Python 3.14; use ast.Constant instead
  if not hasattr(ast, 'Num'): ast.Num = ast.Constant
/workspace/benchmarks/refactorbench/outputs/workspaces/celery_refactor_evaluate-promises-to-serialization_1779953954717/repo/celery/_refbench_ast_compat.py:5: DeprecationWarning: ast.NameConstant is deprecated and will be removed in Python 3.14; use ast.Constant instead
  if not hasattr(ast, 'NameConstant'): ast.NameConstant = ast.Constant
....
----------------------------------------------------------------------
Ran 4 tests in 0.006s

OK
"
2026-05-28T07:41:51.300581Z,refbench,benchmark_pipeline_20260528_040832,single-agent,celery_refactor,expand-router-string-to-utils,failed,0,50.0,2026-05-28T07:41:51Z,,,,,,/workspace/benchmarks/refactorbench/outputs/logs/lazy_single-agent_copilot_qwen_qwen3.6-flash/celery_refactor_expand-router-string-to-utils_1779954060602.terminal.txt,/workspace/outputs/platform/home/.copilot/session-state/77d05c07-a4b1-4434-9940-491e0eaf1700/events.jsonl,/workspace/benchmarks/refactorbench/outputs/logs/lazy_single-agent_copilot_qwen_qwen3.6-flash/celery_refactor_expand-router-string-to-utils_1779954060602.response.txt,3,4,"/workspace/benchmarks/refactorbench/outputs/workspaces/celery_refactor_expand-router-string-to-utils_1779954060602/repo/celery/_refbench_ast_compat.py:2: DeprecationWarning: ast.Str is deprecated and will be removed in Python 3.14; use ast.Constant instead
  if not hasattr(ast, 'Str'): ast.Str = ast.Constant
/workspace/benchmarks/refactorbench/outputs/workspaces/celery_refactor_expand-router-string-to-utils_1779954060602/repo/celery/_refbench_ast_compat.py:3: DeprecationWarning: ast.Bytes is deprecated and will be removed in Python 3.14; use ast.Constant instead
  if not hasattr(ast, 'Bytes'): ast.Bytes = ast.Constant
/workspace/benchmarks/refactorbench/outputs/workspaces/celery_refactor_expand-router-string-to-utils_1779954060602/repo/celery/_refbench_ast_compat.py:4: DeprecationWarning: ast.Num is deprecated and will be removed in Python 3.14; use ast.Constant instead
  if not hasattr(ast, 'Num'): ast.Num = ast.Constant
/workspace/benchmarks/refactorbench/outputs/workspaces/celery_refactor_expand-router-string-to-utils_1779954060602/repo/celery/_refbench_ast_compat.py:5: DeprecationWarning: ast.NameConstant is deprecated and will be removed in Python 3.14; use ast.Constant instead
  if not hasattr(ast, 'NameConstant'): ast.NameConstant = ast.Constant
./workspace/benchmarks/refactorbench/tests/celery_refactor/expand-router-string-to-utils-test.py:62: DeprecationWarning: ast.Str is deprecated and will be removed in Python 3.14; use ast.Constant instead
  all_elements = {elt.s for elt in all_declaration.value.elts if isinstance(elt, ast.Str)}
/workspace/benchmarks/refactorbench/tests/celery_refactor/expand-router-string-to-utils-test.py:62: DeprecationWarning: Attribute s is deprecated and will be removed in Python 3.14; use value instead
  all_elements = {elt.s for elt in all_declaration.value.elts if isinstance(elt, ast.Str)}
.F.
======================================================================
FAIL: test_import_expand_router_string_in_routes (__main__.TestCel"
2026-05-28T07:42:34.109240Z,refbench,benchmark_pipeline_20260528_040832,single-agent,celery_refactor,object-mro-lookup,success,0,41.97,2026-05-28T07:42:34Z,,,,,,/workspace/benchmarks/refactorbench/outputs/logs/lazy_single-agent_copilot_qwen_qwen3.6-flash/celery_refactor_object-mro-lookup_1779954111375.terminal.txt,/workspace/outputs/platform/home/.copilot/session-state/e56f7155-0713-48dc-bdf0-13597178c2dc/events.jsonl,/workspace/benchmarks/refactorbench/outputs/logs/lazy_single-agent_copilot_qwen_qwen3.6-flash/celery_refactor_object-mro-lookup_1779954111375.response.txt,3,3,"/workspace/benchmarks/refactorbench/outputs/workspaces/celery_refactor_object-mro-lookup_1779954111375/repo/celery/_refbench_ast_compat.py:2: DeprecationWarning: ast.Str is deprecated and will be removed in Python 3.14; use ast.Constant instead
  if not hasattr(ast, 'Str'): ast.Str = ast.Constant
/workspace/benchmarks/refactorbench/outputs/workspaces/celery_refactor_object-mro-lookup_1779954111375/repo/celery/_refbench_ast_compat.py:3: DeprecationWarning: ast.Bytes is deprecated and will be removed in Python 3.14; use ast.Constant instead
  if not hasattr(ast, 'Bytes'): ast.Bytes = ast.Constant
/workspace/benchmarks/refactorbench/outputs/workspaces/celery_refactor_object-mro-lookup_1779954111375/repo/celery/_refbench_ast_compat.py:4: DeprecationWarning: ast.Num is deprecated and will be removed in Python 3.14; use ast.Constant instead
  if not hasattr(ast, 'Num'): ast.Num = ast.Constant
/workspace/benchmarks/refactorbench/outputs/workspaces/celery_refactor_object-mro-lookup_1779954111375/repo/celery/_refbench_ast_compat.py:5: DeprecationWarning: ast.NameConstant is deprecated and will be removed in Python 3.14; use ast.Constant instead
  if not hasattr(ast, 'NameConstant'): ast.NameConstant = ast.Constant
...
----------------------------------------------------------------------
Ran 3 tests in 0.034s

OK
"
2026-05-28T07:43:47.130818Z,refbench,benchmark_pipeline_20260528_040832,single-agent,celery_refactor,rename-host-format,success,0,72.23,2026-05-28T07:43:47Z,,,,,,/workspace/benchmarks/refactorbench/outputs/logs/lazy_single-agent_copilot_qwen_qwen3.6-flash/celery_refactor_rename-host-format_1779954154183.terminal.txt,/workspace/outputs/platform/home/.copilot/session-state/8aca8878-5331-4a2d-bc94-209c05a4e0ed/events.jsonl,/workspace/benchmarks/refactorbench/outputs/logs/lazy_single-agent_copilot_qwen_qwen3.6-flash/celery_refactor_rename-host-format_1779954154183.response.txt,7,7,"/workspace/benchmarks/refactorbench/outputs/workspaces/celery_refactor_rename-host-format_1779954154183/repo/celery/_refbench_ast_compat.py:2: DeprecationWarning: ast.Str is deprecated and will be removed in Python 3.14; use ast.Constant instead
  if not hasattr(ast, 'Str'): ast.Str = ast.Constant
/workspace/benchmarks/refactorbench/outputs/workspaces/celery_refactor_rename-host-format_1779954154183/repo/celery/_refbench_ast_compat.py:3: DeprecationWarning: ast.Bytes is deprecated and will be removed in Python 3.14; use ast.Constant instead
  if not hasattr(ast, 'Bytes'): ast.Bytes = ast.Constant
/workspace/benchmarks/refactorbench/outputs/workspaces/celery_refactor_rename-host-format_1779954154183/repo/celery/_refbench_ast_compat.py:4: DeprecationWarning: ast.Num is deprecated and will be removed in Python 3.14; use ast.Constant instead
  if not hasattr(ast, 'Num'): ast.Num = ast.Constant
/workspace/benchmarks/refactorbench/outputs/workspaces/celery_refactor_rename-host-format_1779954154183/repo/celery/_refbench_ast_compat.py:5: DeprecationWarning: ast.NameConstant is deprecated and will be removed in Python 3.14; use ast.Constant instead
  if not hasattr(ast, 'NameConstant'): ast.NameConstant = ast.Constant
./workspace/benchmarks/refactorbench/tests/celery_refactor/rename-host-format-test.py:57: DeprecationWarning: ast.Str is deprecated and will be removed in Python 3.14; use ast.Constant instead
  elements = {element.s for element in all_declaration.elts if isinstance(element, ast.Str)}
/workspace/benchmarks/refactorbench/tests/celery_refactor/rename-host-format-test.py:57: DeprecationWarning: Attribute s is deprecated and will be removed in Python 3.14; use value instead
  elements = {element.s for element in all_declaration.elts if isinstance(element, ast.Str)}
......
----------------------------------------------------------------------
Ran 7 tests in 0.018s

OK
"
2026-05-28T07:45:28.997353Z,refbench,benchmark_pipeline_20260528_040832,single-agent,celery_refactor,truncate-text,success,0,101.06,2026-05-28T07:45:28Z,,,,,,/workspace/benchmarks/refactorbench/outputs/logs/lazy_single-agent_copilot_qwen_qwen3.6-flash/celery_refactor_truncate-text_1779954227207.terminal.txt,/workspace/outputs/platform/home/.copilot/session-state/67f5f609-1769-46f5-af9b-901e5d396bd7/events.jsonl,/workspace/benchmarks/refactorbench/outputs/logs/lazy_single-agent_copilot_qwen_qwen3.6-flash/celery_refactor_truncate-text_1779954227207.response.txt,9,9,"/workspace/benchmarks/refactorbench/outputs/workspaces/celery_refactor_truncate-text_1779954227207/repo/celery/_refbench_ast_compat.py:2: DeprecationWarning: ast.Str is deprecated and will be removed in Python 3.14; use ast.Constant instead
  if not hasattr(ast, 'Str'): ast.Str = ast.Constant
/workspace/benchmarks/refactorbench/outputs/workspaces/celery_refactor_truncate-text_1779954227207/repo/celery/_refbench_ast_compat.py:3: DeprecationWarning: ast.Bytes is deprecated and will be removed in Python 3.14; use ast.Constant instead
  if not hasattr(ast, 'Bytes'): ast.Bytes = ast.Constant
/workspace/benchmarks/refactorbench/outputs/workspaces/celery_refactor_truncate-text_1779954227207/repo/celery/_refbench_ast_compat.py:4: DeprecationWarning: ast.Num is deprecated and will be removed in Python 3.14; use ast.Constant instead
  if not hasattr(ast, 'Num'): ast.Num = ast.Constant
/workspace/benchmarks/refactorbench/outputs/workspaces/celery_refactor_truncate-text_1779954227207/repo/celery/_refbench_ast_compat.py:5: DeprecationWarning: ast.NameConstant is deprecated and will be removed in Python 3.14; use ast.Constant instead
  if not hasattr(ast, 'NameConstant'): ast.NameConstant = ast.Constant
......../workspace/benchmarks/refactorbench/tests/celery_refactor/truncate-text-test.py:48: DeprecationWarning: ast.Str is deprecated and will be removed in Python 3.14; use ast.Constant instead
  if isinstance(element, ast.Str) and element.s == 'truncate_text':
/workspace/benchmarks/refactorbench/tests/celery_refactor/truncate-text-test.py:48: DeprecationWarning: Attribute s is deprecated and will be removed in Python 3.14; use value instead
  if isinstance(element, ast.Str) and element.s == 'truncate_text':
.
----------------------------------------------------------------------
Ran 9 tests in 0.027s

OK
"
2026-05-28T07:46:35.468653Z,refbench,benchmark_pipeline_20260528_040832,single-agent,django_refactor,add-log-parameter-constant-time-compare,failed,0,62.22,2026-05-28T07:46:35Z,,,,,,/workspace/benchmarks/refactorbench/outputs/logs/lazy_single-agent_copilot_qwen_qwen3.6-flash/django_refactor_add-log-parameter-constant-time-compare_1779954329072.terminal.txt,/workspace/outputs/platform/home/.copilot/session-state/95c218c0-a158-48d6-93c3-4462ab0f8ac9/events.jsonl,/workspace/benchmarks/refactorbench/outputs/logs/lazy_single-agent_copilot_qwen_qwen3.6-flash/django_refactor_add-log-parameter-constant-time-compare_1779954329072.response.txt,,3,"/workspace/benchmarks/refactorbench/outputs/workspaces/django_refactor_add-log-parameter-constant-time-compare_1779954329072/repo/django/_refbench_ast_compat.py:2: DeprecationWarning: ast.Str is deprecated and will be removed in Python 3.14; use ast.Constant instead
  if not hasattr(ast, 'Str'): ast.Str = ast.Constant
/workspace/benchmarks/refactorbench/outputs/workspaces/django_refactor_add-log-parameter-constant-time-compare_1779954329072/repo/django/_refbench_ast_compat.py:3: DeprecationWarning: ast.Bytes is deprecated and will be removed in Python 3.14; use ast.Constant instead
  if not hasattr(ast, 'Bytes'): ast.Bytes = ast.Constant
/workspace/benchmarks/refactorbench/outputs/workspaces/django_refactor_add-log-parameter-constant-time-compare_1779954329072/repo/django/_refbench_ast_compat.py:4: DeprecationWarning: ast.Num is deprecated and will be removed in Python 3.14; use ast.Constant instead
  if not hasattr(ast, 'Num'): ast.Num = ast.Constant
/workspace/benchmarks/refactorbench/outputs/workspaces/django_refactor_add-log-parameter-constant-time-compare_1779954329072/repo/django/_refbench_ast_compat.py:5: DeprecationWarning: ast.NameConstant is deprecated and will be removed in Python 3.14; use ast.Constant instead
  if not hasattr(ast, 'NameConstant'): ast.NameConstant = ast.Constant
FFF
======================================================================
FAIL: test_function_definition (__main__.TestConstantTimeCompareLogging.test_function_definition)
----------------------------------------------------------------------
Traceback (most recent call last):
  File ""/workspace/benchmarks/refactorbench/tests/django_refactor/constant-time-compare.py"", line 25, in test_function_definition
    self.assertIsNotNone(boolean_param, ""Boolean parameter 'log' with default False is missing"")
AssertionError: unexpectedly None : Boolean parameter 'log' with default False is missing

======================================================================
FAIL: test_usages_h"
2026-05-28T07:48:30.485831Z,refbench,benchmark_pipeline_20260528_040832,single-agent,django_refactor,add-log-parameter-get-resolver,failed,0,110.83,2026-05-28T07:48:30Z,,,,,,/workspace/benchmarks/refactorbench/outputs/logs/lazy_single-agent_copilot_qwen_qwen3.6-flash/django_refactor_add-log-parameter-get-resolver_1779954395543.terminal.txt,/workspace/outputs/platform/home/.copilot/session-state/03c0f9a5-8288-4451-8422-9db1f23d7d00/events.jsonl,/workspace/benchmarks/refactorbench/outputs/logs/lazy_single-agent_copilot_qwen_qwen3.6-flash/django_refactor_add-log-parameter-get-resolver_1779954395543.response.txt,,3,"/workspace/benchmarks/refactorbench/outputs/workspaces/django_refactor_add-log-parameter-get-resolver_1779954395543/repo/django/_refbench_ast_compat.py:2: DeprecationWarning: ast.Str is deprecated and will be removed in Python 3.14; use ast.Constant instead
  if not hasattr(ast, 'Str'): ast.Str = ast.Constant
/workspace/benchmarks/refactorbench/outputs/workspaces/django_refactor_add-log-parameter-get-resolver_1779954395543/repo/django/_refbench_ast_compat.py:3: DeprecationWarning: ast.Bytes is deprecated and will be removed in Python 3.14; use ast.Constant instead
  if not hasattr(ast, 'Bytes'): ast.Bytes = ast.Constant
/workspace/benchmarks/refactorbench/outputs/workspaces/django_refactor_add-log-parameter-get-resolver_1779954395543/repo/django/_refbench_ast_compat.py:4: DeprecationWarning: ast.Num is deprecated and will be removed in Python 3.14; use ast.Constant instead
  if not hasattr(ast, 'Num'): ast.Num = ast.Constant
/workspace/benchmarks/refactorbench/outputs/workspaces/django_refactor_add-log-parameter-get-resolver_1779954395543/repo/django/_refbench_ast_compat.py:5: DeprecationWarning: ast.NameConstant is deprecated and will be removed in Python 3.14; use ast.Constant instead
  if not hasattr(ast, 'NameConstant'): ast.NameConstant = ast.Constant
/workspace/benchmarks/refactorbench/tests/django_refactor/get_resolver.py:22: DeprecationWarning: ast.NameConstant is deprecated and will be removed in Python 3.14; use ast.Constant instead
  (kw for kw in node.args.defaults if isinstance(kw, ast.NameConstant) and kw.value is False),
FFF
======================================================================
FAIL: test_function_definition (__main__.TestGetResolverLogging.test_function_definition)
----------------------------------------------------------------------
Traceback (most recent call last):
  File ""/workspace/benchmarks/refactorbench/tests/django_refactor/get_resolver.py"", line 25, in test_function_definition
    self.assertIsNotNone(boolean_param, ""Boole"
2026-05-28T07:50:15.805435Z,refbench,benchmark_pipeline_20260528_040832,single-agent,django_refactor,add-log-parameter-resolve-error-handler,failed,0,101.06,2026-05-28T07:50:15Z,,,,,,/workspace/benchmarks/refactorbench/outputs/logs/lazy_single-agent_copilot_qwen_qwen3.6-flash/django_refactor_add-log-parameter-resolve-error-handler_1779954510559.terminal.txt,/workspace/outputs/platform/home/.copilot/session-state/607af9c7-5264-4a9c-9816-636ea25f0751/events.jsonl,/workspace/benchmarks/refactorbench/outputs/logs/lazy_single-agent_copilot_qwen_qwen3.6-flash/django_refactor_add-log-parameter-resolve-error-handler_1779954510559.response.txt,1,2,"/workspace/benchmarks/refactorbench/outputs/workspaces/django_refactor_add-log-parameter-resolve-error-handler_1779954510559/repo/django/_refbench_ast_compat.py:2: DeprecationWarning: ast.Str is deprecated and will be removed in Python 3.14; use ast.Constant instead
  if not hasattr(ast, 'Str'): ast.Str = ast.Constant
/workspace/benchmarks/refactorbench/outputs/workspaces/django_refactor_add-log-parameter-resolve-error-handler_1779954510559/repo/django/_refbench_ast_compat.py:3: DeprecationWarning: ast.Bytes is deprecated and will be removed in Python 3.14; use ast.Constant instead
  if not hasattr(ast, 'Bytes'): ast.Bytes = ast.Constant
/workspace/benchmarks/refactorbench/outputs/workspaces/django_refactor_add-log-parameter-resolve-error-handler_1779954510559/repo/django/_refbench_ast_compat.py:4: DeprecationWarning: ast.Num is deprecated and will be removed in Python 3.14; use ast.Constant instead
  if not hasattr(ast, 'Num'): ast.Num = ast.Constant
/workspace/benchmarks/refactorbench/outputs/workspaces/django_refactor_add-log-parameter-resolve-error-handler_1779954510559/repo/django/_refbench_ast_compat.py:5: DeprecationWarning: ast.NameConstant is deprecated and will be removed in Python 3.14; use ast.Constant instead
  if not hasattr(ast, 'NameConstant'): ast.NameConstant = ast.Constant
/workspace/benchmarks/refactorbench/tests/django_refactor/resolve_error_handler.py:44: DeprecationWarning: ast.NameConstant is deprecated and will be removed in Python 3.14; use ast.Constant instead
  log_param = next((kw for kw in node.args.defaults if isinstance(kw, ast.NameConstant) and kw.value is False), None)
.F
======================================================================
FAIL: test_usages_have_log_true (__main__.TestResolveErrorHandler.test_usages_have_log_true)
----------------------------------------------------------------------
Traceback (most recent call last):
  File ""/workspace/benchmarks/refactorbench/tests/django_refactor/resolve_error_handler.py"", line"
2026-05-28T07:51:02.166641Z,refbench,benchmark_pipeline_20260528_040832,single-agent,django_refactor,add-none-handling-duration-string,failed,0,42.07,2026-05-28T07:51:02Z,,,,,,/workspace/benchmarks/refactorbench/outputs/logs/lazy_single-agent_copilot_qwen_qwen3.6-flash/django_refactor_add-none-handling-duration-string_1779954615885.terminal.txt,/workspace/outputs/platform/home/.copilot/session-state/0a6ae7ad-9407-4b84-ab6d-f9273039e8d6/events.jsonl,/workspace/benchmarks/refactorbench/outputs/logs/lazy_single-agent_copilot_qwen_qwen3.6-flash/django_refactor_add-none-handling-duration-string_1779954615885.response.txt,2,3,"/workspace/benchmarks/refactorbench/outputs/workspaces/django_refactor_add-none-handling-duration-string_1779954615885/repo/django/_refbench_ast_compat.py:2: DeprecationWarning: ast.Str is deprecated and will be removed in Python 3.14; use ast.Constant instead
  if not hasattr(ast, 'Str'): ast.Str = ast.Constant
/workspace/benchmarks/refactorbench/outputs/workspaces/django_refactor_add-none-handling-duration-string_1779954615885/repo/django/_refbench_ast_compat.py:3: DeprecationWarning: ast.Bytes is deprecated and will be removed in Python 3.14; use ast.Constant instead
  if not hasattr(ast, 'Bytes'): ast.Bytes = ast.Constant
/workspace/benchmarks/refactorbench/outputs/workspaces/django_refactor_add-none-handling-duration-string_1779954615885/repo/django/_refbench_ast_compat.py:4: DeprecationWarning: ast.Num is deprecated and will be removed in Python 3.14; use ast.Constant instead
  if not hasattr(ast, 'Num'): ast.Num = ast.Constant
/workspace/benchmarks/refactorbench/outputs/workspaces/django_refactor_add-none-handling-duration-string_1779954615885/repo/django/_refbench_ast_compat.py:5: DeprecationWarning: ast.NameConstant is deprecated and will be removed in Python 3.14; use ast.Constant instead
  if not hasattr(ast, 'NameConstant'): ast.NameConstant = ast.Constant
..F
======================================================================
FAIL: test_value_to_string_none_check_removed (__main__.TestDurationStringHandling.test_value_to_string_none_check_removed)
----------------------------------------------------------------------
Traceback (most recent call last):
  File ""/workspace/benchmarks/refactorbench/tests/django_refactor/duration-string.py"", line 69, in test_value_to_string_none_check_removed
    self.assertTrue(none_check_removed and direct_return,
AssertionError: False is not true : The function value_to_string in DurationField no longer handles None and directly returns duration_string(val).

------------------------------------------------------------"
2026-05-28T07:53:03.962312Z,refbench,benchmark_pipeline_20260528_040832,single-agent,django_refactor,combine-utils-dates-dateformat,failed,0,117.51,2026-05-28T07:53:03Z,,,,,,/workspace/benchmarks/refactorbench/outputs/logs/lazy_single-agent_copilot_qwen_qwen3.6-flash/django_refactor_combine-utils-dates-dateformat_1779954662240.terminal.txt,/workspace/outputs/platform/home/.copilot/session-state/eae2aadc-29df-4128-9e83-aa62d516d9fe/events.jsonl,/workspace/benchmarks/refactorbench/outputs/logs/lazy_single-agent_copilot_qwen_qwen3.6-flash/django_refactor_combine-utils-dates-dateformat_1779954662240.response.txt,1,4,"/workspace/benchmarks/refactorbench/outputs/workspaces/django_refactor_combine-utils-dates-dateformat_1779954662240/repo/django/_refbench_ast_compat.py:2: DeprecationWarning: ast.Str is deprecated and will be removed in Python 3.14; use ast.Constant instead
  if not hasattr(ast, 'Str'): ast.Str = ast.Constant
/workspace/benchmarks/refactorbench/outputs/workspaces/django_refactor_combine-utils-dates-dateformat_1779954662240/repo/django/_refbench_ast_compat.py:3: DeprecationWarning: ast.Bytes is deprecated and will be removed in Python 3.14; use ast.Constant instead
  if not hasattr(ast, 'Bytes'): ast.Bytes = ast.Constant
/workspace/benchmarks/refactorbench/outputs/workspaces/django_refactor_combine-utils-dates-dateformat_1779954662240/repo/django/_refbench_ast_compat.py:4: DeprecationWarning: ast.Num is deprecated and will be removed in Python 3.14; use ast.Constant instead
  if not hasattr(ast, 'Num'): ast.Num = ast.Constant
/workspace/benchmarks/refactorbench/outputs/workspaces/django_refactor_combine-utils-dates-dateformat_1779954662240/repo/django/_refbench_ast_compat.py:5: DeprecationWarning: ast.NameConstant is deprecated and will be removed in Python 3.14; use ast.Constant instead
  if not hasattr(ast, 'NameConstant'): ast.NameConstant = ast.Constant
.FFF
======================================================================
FAIL: test_dates_file_deleted (__main__.TestDatesMigration.test_dates_file_deleted)
----------------------------------------------------------------------
Traceback (most recent call last):
  File ""/workspace/benchmarks/refactorbench/tests/django_refactor/dates-dateformat.py"", line 16, in test_dates_file_deleted
    self.assertFalse(os.path.exists(self.dates_file_path), ""dates.py should be deleted"")
AssertionError: True is not false : dates.py should be deleted

======================================================================
FAIL: test_import_in_widget_tests (__main__.TestDatesMigration.test_import_in_widget_tests)
-----------------"
2026-05-28T07:54:22.785490Z,refbench,benchmark_pipeline_20260528_040832,single-agent,django_refactor,combine-utils-hashable-itercompat,failed,0,74.44,2026-05-28T07:54:22Z,,,,,,/workspace/benchmarks/refactorbench/outputs/logs/lazy_single-agent_copilot_qwen_qwen3.6-flash/django_refactor_combine-utils-hashable-itercompat_1779954784039.terminal.txt,/workspace/outputs/platform/home/.copilot/session-state/598a7354-ab9d-4aaf-bf96-6cf01d6e0205/events.jsonl,/workspace/benchmarks/refactorbench/outputs/logs/lazy_single-agent_copilot_qwen_qwen3.6-flash/django_refactor_combine-utils-hashable-itercompat_1779954784039.response.txt,,4,"/workspace/benchmarks/refactorbench/outputs/workspaces/django_refactor_combine-utils-hashable-itercompat_1779954784039/repo/django/_refbench_ast_compat.py:2: DeprecationWarning: ast.Str is deprecated and will be removed in Python 3.14; use ast.Constant instead
  if not hasattr(ast, 'Str'): ast.Str = ast.Constant
/workspace/benchmarks/refactorbench/outputs/workspaces/django_refactor_combine-utils-hashable-itercompat_1779954784039/repo/django/_refbench_ast_compat.py:3: DeprecationWarning: ast.Bytes is deprecated and will be removed in Python 3.14; use ast.Constant instead
  if not hasattr(ast, 'Bytes'): ast.Bytes = ast.Constant
/workspace/benchmarks/refactorbench/outputs/workspaces/django_refactor_combine-utils-hashable-itercompat_1779954784039/repo/django/_refbench_ast_compat.py:4: DeprecationWarning: ast.Num is deprecated and will be removed in Python 3.14; use ast.Constant instead
  if not hasattr(ast, 'Num'): ast.Num = ast.Constant
/workspace/benchmarks/refactorbench/outputs/workspaces/django_refactor_combine-utils-hashable-itercompat_1779954784039/repo/django/_refbench_ast_compat.py:5: DeprecationWarning: ast.NameConstant is deprecated and will be removed in Python 3.14; use ast.Constant instead
  if not hasattr(ast, 'NameConstant'): ast.NameConstant = ast.Constant
.EFFFFFFFFFFF
======================================================================
ERROR: test_is_iterable_imports_updated (__main__.TestUtilsMigration.test_is_iterable_imports_updated)
----------------------------------------------------------------------
Traceback (most recent call last):
  File ""/workspace/benchmarks/refactorbench/tests/django_refactor/hashable-itercompat.py"", line 75, in test_is_iterable_imports_updated
    with open(self.combined_test_file_path, 'r') as file:
         ^^^^^^^^^^^^^^^^^^^^^^^^^^^^^^^^^^^^^^^
FileNotFoundError: [Errno 2] No such file or directory: '../tests/utils_tests/test_able.py'

======================================================================
FAIL: test"
2026-05-28T07:58:25.598505Z,refbench,benchmark_pipeline_20260528_040832,single-agent,django_refactor,new-converter-to-python-class,failed,0,238.27,2026-05-28T07:58:25Z,,,,,,/workspace/benchmarks/refactorbench/outputs/logs/lazy_single-agent_copilot_qwen_qwen3.6-flash/django_refactor_new-converter-to-python-class_1779954863163.terminal.txt,/workspace/outputs/platform/home/.copilot/session-state/d8d39de3-9c61-4b51-8826-1ebb3c55b5c2/events.jsonl,/workspace/benchmarks/refactorbench/outputs/logs/lazy_single-agent_copilot_qwen_qwen3.6-flash/django_refactor_new-converter-to-python-class_1779954863163.response.txt,,3,"/workspace/benchmarks/refactorbench/outputs/workspaces/django_refactor_new-converter-to-python-class_1779954863163/repo/django/_refbench_ast_compat.py:2: DeprecationWarning: ast.Str is deprecated and will be removed in Python 3.14; use ast.Constant instead
  if not hasattr(ast, 'Str'): ast.Str = ast.Constant
/workspace/benchmarks/refactorbench/outputs/workspaces/django_refactor_new-converter-to-python-class_1779954863163/repo/django/_refbench_ast_compat.py:3: DeprecationWarning: ast.Bytes is deprecated and will be removed in Python 3.14; use ast.Constant instead
  if not hasattr(ast, 'Bytes'): ast.Bytes = ast.Constant
/workspace/benchmarks/refactorbench/outputs/workspaces/django_refactor_new-converter-to-python-class_1779954863163/repo/django/_refbench_ast_compat.py:4: DeprecationWarning: ast.Num is deprecated and will be removed in Python 3.14; use ast.Constant instead
  if not hasattr(ast, 'Num'): ast.Num = ast.Constant
/workspace/benchmarks/refactorbench/outputs/workspaces/django_refactor_new-converter-to-python-class_1779954863163/repo/django/_refbench_ast_compat.py:5: DeprecationWarning: ast.NameConstant is deprecated and will be removed in Python 3.14; use ast.Constant instead
  if not hasattr(ast, 'NameConstant'): ast.NameConstant = ast.Constant
FFF
======================================================================
FAIL: test_converter_to_python_class_exists (__main__.TestBackendsUtils.test_converter_to_python_class_exists)
----------------------------------------------------------------------
Traceback (most recent call last):
  File ""/workspace/benchmarks/refactorbench/tests/django_refactor/converter-to-python.py"", line 24, in test_converter_to_python_class_exists
    self.assertTrue(class_found, ""Class 'ConverterToPython' not found in backends/utils.py"")
AssertionError: False is not true : Class 'ConverterToPython' not found in backends/utils.py

======================================================================
FAIL: test_converter_to_python_funct"
2026-05-28T08:01:33.712414Z,refbench,benchmark_pipeline_20260528_040832,single-agent,django_refactor,new-path-traversal-exception,failed,0,183.53,2026-05-28T08:01:33Z,,,,,,/workspace/benchmarks/refactorbench/outputs/logs/lazy_single-agent_copilot_qwen_qwen3.6-flash/django_refactor_new-path-traversal-exception_1779955105977.terminal.txt,/workspace/outputs/platform/home/.copilot/session-state/6fd58a86-0a9f-4711-8549-67d005ac7b03/events.jsonl,/workspace/benchmarks/refactorbench/outputs/logs/lazy_single-agent_copilot_qwen_qwen3.6-flash/django_refactor_new-path-traversal-exception_1779955105977.response.txt,5,9,"/workspace/benchmarks/refactorbench/outputs/workspaces/django_refactor_new-path-traversal-exception_1779955105977/repo/django/_refbench_ast_compat.py:2: DeprecationWarning: ast.Str is deprecated and will be removed in Python 3.14; use ast.Constant instead
  if not hasattr(ast, 'Str'): ast.Str = ast.Constant
/workspace/benchmarks/refactorbench/outputs/workspaces/django_refactor_new-path-traversal-exception_1779955105977/repo/django/_refbench_ast_compat.py:3: DeprecationWarning: ast.Bytes is deprecated and will be removed in Python 3.14; use ast.Constant instead
  if not hasattr(ast, 'Bytes'): ast.Bytes = ast.Constant
/workspace/benchmarks/refactorbench/outputs/workspaces/django_refactor_new-path-traversal-exception_1779955105977/repo/django/_refbench_ast_compat.py:4: DeprecationWarning: ast.Num is deprecated and will be removed in Python 3.14; use ast.Constant instead
  if not hasattr(ast, 'Num'): ast.Num = ast.Constant
/workspace/benchmarks/refactorbench/outputs/workspaces/django_refactor_new-path-traversal-exception_1779955105977/repo/django/_refbench_ast_compat.py:5: DeprecationWarning: ast.NameConstant is deprecated and will be removed in Python 3.14; use ast.Constant instead
  if not hasattr(ast, 'NameConstant'): ast.NameConstant = ast.Constant
..F.FFF..
======================================================================
FAIL: test_os_utils_tests_imports_and_uses_pathtraversal (__main__.TestPathTraversalException.test_os_utils_tests_imports_and_uses_pathtraversal)
----------------------------------------------------------------------
Traceback (most recent call last):
  File ""/workspace/benchmarks/refactorbench/tests/django_refactor/path-traversal.py"", line 195, in test_os_utils_tests_imports_and_uses_pathtraversal
    self.assertTrue(import_exists, ""PathTraversal is not imported in /tests/utils_tests/test_os_utils.py"")
AssertionError: False is not true : PathTraversal is not imported in /tests/utils_tests/test_os_utils.py

==================================="
