timestamp,benchmark,pipeline_run_id,setup,project_or_repo,task_id,status,timed_out,duration_seconds,completed_at,eval_loop_count,compaction_count,token_input,token_output,token_total,session_log_path,events_path,artifact_path,reason
2026-05-15T15:58:15.749262Z,swe,benchmark_pipeline_20260515_155352,single-agent,checkstyle,bfb3e5f5e416211bc95799426edba4581b442d0d_98_106_399_409_98_106,failed,0,222.2777237892151,2026-05-15T15:58:14Z,,,,,,/workspace/benchmarks/swe-refactor/data/checkstyle/ai_logs/single-agent_copilot_qwen/qwen3_6-flash/benchmark_pip_4d0bcbd1d1_bfb3e5f5e416_bddecd6f13.terminal.txt,/workspace/outputs/platform/home/.copilot/session-state/218390ae-ef93-4694-bbd6-29b9810e4aaf/events.jsonl,/workspace/benchmarks/swe-refactor/data/checkstyle/ai_logs/single-agent_copilot_qwen/qwen3_6-flash/benchmark_pip_4d0bcbd1d1_bfb3e5f5e416_bddecd6f13.output.txt,"the code did not perform Extract And Move Method operation. | ['[ERROR] COMPILATION ERROR : ', '[ERROR] /workspace/benchmarks/swe-refactor/data/checkstyle/ai_logs/single-agent_copilot_qwen/qwen3_6-flash/_workspaces/benchmark_pip_4d0bcbd1d1_bfb3e5f5e416_bddecd6f13/project/src/test/java/com/puppycrawl/tools/checkstyle/xpath/AttributeNodeTest.java:[101,9] cannot find symbol', '[ERROR] Failed to execute goal org.apache.maven.plugins:maven-compiler-plugin:3.13.0:testCompile (default-testCompile) on project checkstyle: Compilation failure', '[ERROR] /workspace/benchmarks/swe-refactor/data/checkstyle/ai_logs/single-agent_copilot_qwen/qwen3_6-flash/_workspaces/benchmark_pip_4d0bcbd1d1_bfb3e5f5e416_bddecd6f13/project/src/test/java/com/puppycrawl/tools/checkstyle/xpath/AttributeNodeTest.java:[101,9] cannot find symbol', '[ERROR]   symbol:   method assertGetChildrenThrowsUnsupportedException(com.puppycrawl.tools.checkstyle.xpath.AttributeNode)', '[ERROR]   location: class com.puppycrawl.tools.checkstyle.xpath.AttributeNodeTest', '[ERROR] ', '[ERROR] -> [Help 1]', '[ERROR] ', '[ERROR] To see the full stack trace of the errors, re-run Maven with the -e switch.', '[ERROR] Re-run Maven using the -X switch to enable full debug logging.', '[ERROR] ', '[ERROR] For more information about the errors and possible solutions, please read the following articles:', '[ERROR] [Help 1] http://cwiki.apache.org/confluence/display/MAVEN/MojoFailureException']"
2026-05-15T16:00:38.791045Z,swe,benchmark_pipeline_20260515_155352,single-agent,checkstyle,bfb3e5f5e416211bc95799426edba4581b442d0d_68_76_399_409_68_76,failed,0,141.97344255447388,2026-05-15T16:00:37Z,,,,,,/workspace/benchmarks/swe-refactor/data/checkstyle/ai_logs/single-agent_copilot_qwen/qwen3_6-flash/benchmark_pip_4d0bcbd1d1_bfb3e5f5e416_2fd793ba9e.terminal.txt,/workspace/outputs/platform/home/.copilot/session-state/e21433e2-dde4-4e88-8bdb-917acb9ec407/events.jsonl,/workspace/benchmarks/swe-refactor/data/checkstyle/ai_logs/single-agent_copilot_qwen/qwen3_6-flash/benchmark_pip_4d0bcbd1d1_bfb3e5f5e416_2fd793ba9e.output.txt,"the Extract And Move Method operation is successful. | ['[ERROR] COMPILATION ERROR : ', '[ERROR] /workspace/benchmarks/swe-refactor/data/checkstyle/ai_logs/single-agent_copilot_qwen/qwen3_6-flash/_workspaces/benchmark_pip_4d0bcbd1d1_bfb3e5f5e416_2fd793ba9e/project/src/main/java/com/puppycrawl/tools/checkstyle/xpath/AttributeNode.java:[21,38] package com.google.common.truth does not exist', '[ERROR] /workspace/benchmarks/swe-refactor/data/checkstyle/ai_logs/single-agent_copilot_qwen/qwen3_6-flash/_workspaces/benchmark_pip_4d0bcbd1d1_bfb3e5f5e416_2fd793ba9e/project/src/main/java/com/puppycrawl/tools/checkstyle/xpath/AttributeNode.java:[21,1] static import only from classes and interfaces', '[ERROR] /workspace/benchmarks/swe-refactor/data/checkstyle/ai_logs/single-agent_copilot_qwen/qwen3_6-flash/_workspaces/benchmark_pip_4d0bcbd1d1_bfb3e5f5e416_2fd793ba9e/project/src/main/java/com/puppycrawl/tools/checkstyle/xpath/AttributeNode.java:[22,36] package org.junit.jupiter.api does not exist', '[ERROR] /workspace/benchmarks/swe-refactor/data/checkstyle/ai_logs/single-agent_copilot_qwen/qwen3_6-flash/_workspaces/benchmark_pip_4d0bcbd1d1_bfb3e5f5e416_2fd793ba9e/project/src/main/java/com/puppycrawl/tools/checkstyle/xpath/AttributeNode.java:[22,1] static import only from classes and interfaces', '[ERROR] /workspace/benchmarks/swe-refactor/data/checkstyle/ai_logs/single-agent_copilot_qwen/qwen3_6-flash/_workspaces/benchmark_pip_4d0bcbd1d1_bfb3e5f5e416_2fd793ba9e/project/src/main/java/com/puppycrawl/tools/checkstyle/xpath/AttributeNode.java:[242,13] cannot find symbol', '[ERROR] /workspace/benchmarks/swe-refactor/data/checkstyle/ai_logs/single-agent_copilot_qwen/qwen3_6-flash/_workspaces/benchmark_pip_4d0bcbd1d1_bfb3e5f5e416_2fd793ba9e/project/src/main/java/com/puppycrawl/tools/checkstyle/xpath/AttributeNode.java:[243,9] cannot find symbol', '[ERROR] Failed to execute goal org.apache.maven.plugins:maven-compiler-plugin:3.13.0:compile (default-compile) on project checkstyle: Compil"
2026-05-15T16:06:07.237214Z,swe,benchmark_pipeline_20260515_155352,single-agent,checkstyle,bfb3e5f5e416211bc95799426edba4581b442d0d_101_117_399_409_101_117,failed,0,327.63086104393005,2026-05-15T16:06:06Z,,,,,,/workspace/benchmarks/swe-refactor/data/checkstyle/ai_logs/single-agent_copilot_qwen/qwen3_6-flash/benchmark_pip_4d0bcbd1d1_bfb3e5f5e416_f6b2b8fdbc.terminal.txt,/workspace/outputs/platform/home/.copilot/session-state/8e5c2b27-ba14-439d-ad29-2eb5f63e1a0b/events.jsonl,/workspace/benchmarks/swe-refactor/data/checkstyle/ai_logs/single-agent_copilot_qwen/qwen3_6-flash/benchmark_pip_4d0bcbd1d1_bfb3e5f5e416_f6b2b8fdbc.output.txt,"the code did not perform Extract And Move Method operation. | ['[ERROR] COMPILATION ERROR : ', '[ERROR] /workspace/benchmarks/swe-refactor/data/checkstyle/ai_logs/single-agent_copilot_qwen/qwen3_6-flash/_workspaces/benchmark_pip_4d0bcbd1d1_bfb3e5f5e416_f6b2b8fdbc/project/src/test/java/com/puppycrawl/tools/checkstyle/internal/utils/TestUtil.java:[395,19] cannot find symbol', '[ERROR] /workspace/benchmarks/swe-refactor/data/checkstyle/ai_logs/single-agent_copilot_qwen/qwen3_6-flash/_workspaces/benchmark_pip_4d0bcbd1d1_bfb3e5f5e416_f6b2b8fdbc/project/src/test/java/com/puppycrawl/tools/checkstyle/utils/ChainedPropertyUtilTest.java:[111,13] cannot find symbol', '[ERROR] Failed to execute goal org.apache.maven.plugins:maven-compiler-plugin:3.13.0:testCompile (default-testCompile) on project checkstyle: Compilation failure: Compilation failure: ', '[ERROR] /workspace/benchmarks/swe-refactor/data/checkstyle/ai_logs/single-agent_copilot_qwen/qwen3_6-flash/_workspaces/benchmark_pip_4d0bcbd1d1_bfb3e5f5e416_f6b2b8fdbc/project/src/test/java/com/puppycrawl/tools/checkstyle/internal/utils/TestUtil.java:[395,19] cannot find symbol', '[ERROR]   symbol:   class Executable', '[ERROR]   location: class com.puppycrawl.tools.checkstyle.internal.utils.TestUtil', '[ERROR] /workspace/benchmarks/swe-refactor/data/checkstyle/ai_logs/single-agent_copilot_qwen/qwen3_6-flash/_workspaces/benchmark_pip_4d0bcbd1d1_bfb3e5f5e416_f6b2b8fdbc/project/src/test/java/com/puppycrawl/tools/checkstyle/utils/ChainedPropertyUtilTest.java:[111,13] cannot find symbol', '[ERROR]   symbol:   method getExpectedThrowable(java.lang.Class<com.puppycrawl.tools.checkstyle.api.CheckstyleException>,()->Chaine[...]ties))', '[ERROR]   location: class com.puppycrawl.tools.checkstyle.utils.ChainedPropertyUtilTest', '[ERROR] -> [Help 1]', '[ERROR] ', '[ERROR] To see the full stack trace of the errors, re-run Maven with the -e switch.', '[ERROR] Re-run Maven using the -X switch to enable full debug logging.', '[ERROR] ', '[ERROR"
2026-05-15T16:07:57.657583Z,swe,benchmark_pipeline_20260515_155352,single-agent,checkstyle,bfb3e5f5e416211bc95799426edba4581b442d0d_82_99_399_409_82_99,failed,0,109.77296948432922,2026-05-15T16:07:57Z,,,,,,/workspace/benchmarks/swe-refactor/data/checkstyle/ai_logs/single-agent_copilot_qwen/qwen3_6-flash/benchmark_pip_4d0bcbd1d1_bfb3e5f5e416_f715268cb5.terminal.txt,/workspace/outputs/platform/home/.copilot/session-state/35bb076d-aa9a-41e2-9d5c-25a758239a0e/events.jsonl,/workspace/benchmarks/swe-refactor/data/checkstyle/ai_logs/single-agent_copilot_qwen/qwen3_6-flash/benchmark_pip_4d0bcbd1d1_bfb3e5f5e416_f715268cb5.output.txt,Extracted method must be public static. | Extracted method must be public static.
2026-05-15T16:09:20.205398Z,swe,benchmark_pipeline_20260515_155352,single-agent,checkstyle,bfb3e5f5e416211bc95799426edba4581b442d0d_465_476_399_409_465_477,failed,0,81.79033303260803,2026-05-15T16:09:19Z,,,,,,/workspace/benchmarks/swe-refactor/data/checkstyle/ai_logs/single-agent_copilot_qwen/qwen3_6-flash/benchmark_pip_4d0bcbd1d1_bfb3e5f5e416_4fcf285fbf.terminal.txt,/workspace/outputs/platform/home/.copilot/session-state/8722ff8f-a808-4420-a40e-65a4e1f97465/events.jsonl,/workspace/benchmarks/swe-refactor/data/checkstyle/ai_logs/single-agent_copilot_qwen/qwen3_6-flash/benchmark_pip_4d0bcbd1d1_bfb3e5f5e416_4fcf285fbf.output.txt,Extracted method must be public static. | Extracted method must be public static.
2026-05-15T16:11:39.545690Z,swe,benchmark_pipeline_20260515_155352,single-agent,checkstyle,bfb3e5f5e416211bc95799426edba4581b442d0d_261_273_399_409_258_271,failed,0,138.1455328464508,2026-05-15T16:11:38Z,,,,,,/workspace/benchmarks/swe-refactor/data/checkstyle/ai_logs/single-agent_copilot_qwen/qwen3_6-flash/benchmark_pip_4d0bcbd1d1_bfb3e5f5e416_1156b561aa.terminal.txt,/workspace/outputs/platform/home/.copilot/session-state/7c96b68d-67e6-4546-b591-3ee56bd2f814/events.jsonl,/workspace/benchmarks/swe-refactor/data/checkstyle/ai_logs/single-agent_copilot_qwen/qwen3_6-flash/benchmark_pip_4d0bcbd1d1_bfb3e5f5e416_1156b561aa.output.txt,"the Extract And Move Method operation is successful. | ['[ERROR] COMPILATION ERROR : ', '[ERROR] /workspace/benchmarks/swe-refactor/data/checkstyle/ai_logs/single-agent_copilot_qwen/qwen3_6-flash/_workspaces/benchmark_pip_4d0bcbd1d1_bfb3e5f5e416_1156b561aa/project/src/test/java/com/puppycrawl/tools/checkstyle/checks/header/HeaderCheckTest.java:[265,49] unreported exception java.lang.ReflectiveOperationException; must be caught or declared to be thrown', '[ERROR] Failed to execute goal org.apache.maven.plugins:maven-compiler-plugin:3.13.0:testCompile (default-testCompile) on project checkstyle: Compilation failure', '[ERROR] /workspace/benchmarks/swe-refactor/data/checkstyle/ai_logs/single-agent_copilot_qwen/qwen3_6-flash/_workspaces/benchmark_pip_4d0bcbd1d1_bfb3e5f5e416_1156b561aa/project/src/test/java/com/puppycrawl/tools/checkstyle/checks/header/HeaderCheckTest.java:[265,49] unreported exception java.lang.ReflectiveOperationException; must be caught or declared to be thrown', '[ERROR] ', '[ERROR] -> [Help 1]', '[ERROR] ', '[ERROR] To see the full stack trace of the errors, re-run Maven with the -e switch.', '[ERROR] Re-run Maven using the -X switch to enable full debug logging.', '[ERROR] ', '[ERROR] For more information about the errors and possible solutions, please read the following articles:', '[ERROR] [Help 1] http://cwiki.apache.org/confluence/display/MAVEN/MojoFailureException']"
2026-05-15T16:14:40.502393Z,swe,benchmark_pipeline_20260515_155352,single-agent,checkstyle,bfb3e5f5e416211bc95799426edba4581b442d0d_204_216_399_409_200_213,failed,0,179.00764894485474,2026-05-15T16:14:38Z,,,,,,/workspace/benchmarks/swe-refactor/data/checkstyle/ai_logs/single-agent_copilot_qwen/qwen3_6-flash/benchmark_pip_4d0bcbd1d1_bfb3e5f5e416_42d9a350d7.terminal.txt,/workspace/outputs/platform/home/.copilot/session-state/195e9a64-e41f-448f-83bc-5059af0a63a5/events.jsonl,/workspace/benchmarks/swe-refactor/data/checkstyle/ai_logs/single-agent_copilot_qwen/qwen3_6-flash/benchmark_pip_4d0bcbd1d1_bfb3e5f5e416_42d9a350d7.output.txt,"the Extract And Move Method operation is successful. | ['[ERROR] COMPILATION ERROR : ', '[ERROR] /workspace/benchmarks/swe-refactor/data/checkstyle/ai_logs/single-agent_copilot_qwen/qwen3_6-flash/_workspaces/benchmark_pip_4d0bcbd1d1_bfb3e5f5e416_42d9a350d7/project/src/test/java/com/puppycrawl/tools/checkstyle/internal/utils/TestUtil.java:[400,25] unreported exception java.net.URISyntaxException; must be caught or declared to be thrown', '[ERROR] /workspace/benchmarks/swe-refactor/data/checkstyle/ai_logs/single-agent_copilot_qwen/qwen3_6-flash/_workspaces/benchmark_pip_4d0bcbd1d1_bfb3e5f5e416_42d9a350d7/project/src/test/java/com/puppycrawl/tools/checkstyle/internal/utils/TestUtil.java:[401,44] unreported exception com.puppycrawl.tools.checkstyle.api.CheckstyleException; must be caught or declared to be thrown', '[ERROR] Failed to execute goal org.apache.maven.plugins:maven-compiler-plugin:3.13.0:testCompile (default-testCompile) on project checkstyle: Compilation failure: Compilation failure: ', '[ERROR] /workspace/benchmarks/swe-refactor/data/checkstyle/ai_logs/single-agent_copilot_qwen/qwen3_6-flash/_workspaces/benchmark_pip_4d0bcbd1d1_bfb3e5f5e416_42d9a350d7/project/src/test/java/com/puppycrawl/tools/checkstyle/internal/utils/TestUtil.java:[400,25] unreported exception java.net.URISyntaxException; must be caught or declared to be thrown', '[ERROR] /workspace/benchmarks/swe-refactor/data/checkstyle/ai_logs/single-agent_copilot_qwen/qwen3_6-flash/_workspaces/benchmark_pip_4d0bcbd1d1_bfb3e5f5e416_42d9a350d7/project/src/test/java/com/puppycrawl/tools/checkstyle/internal/utils/TestUtil.java:[401,44] unreported exception com.puppycrawl.tools.checkstyle.api.CheckstyleException; must be caught or declared to be thrown', '[ERROR] -> [Help 1]', '[ERROR] ', '[ERROR] To see the full stack trace of the errors, re-run Maven with the -e switch.', '[ERROR] Re-run Maven using the -X switch to enable full debug logging.', '[ERROR] ', '[ERROR] For more information about the errors a"
2026-05-15T16:19:37.214619Z,swe,benchmark_pipeline_20260515_155352,single-agent,checkstyle,bfb3e5f5e416211bc95799426edba4581b442d0d_237_243_399_409_237_243,failed,0,295.65254163742065,2026-05-15T16:19:36Z,,,,,,/workspace/benchmarks/swe-refactor/data/checkstyle/ai_logs/single-agent_copilot_qwen/qwen3_6-flash/benchmark_pip_4d0bcbd1d1_bfb3e5f5e416_17e21d9285.terminal.txt,/workspace/outputs/platform/home/.copilot/session-state/ea8c85db-5969-486f-8672-0616d6b9e5b5/events.jsonl,/workspace/benchmarks/swe-refactor/data/checkstyle/ai_logs/single-agent_copilot_qwen/qwen3_6-flash/benchmark_pip_4d0bcbd1d1_bfb3e5f5e416_17e21d9285.output.txt,"the Extract And Move Method operation is successful. | ['[ERROR] COMPILATION ERROR : ', '[ERROR] /workspace/benchmarks/swe-refactor/data/checkstyle/ai_logs/single-agent_copilot_qwen/qwen3_6-flash/_workspaces/benchmark_pip_4d0bcbd1d1_bfb3e5f5e416_17e21d9285/project/src/test/java/com/puppycrawl/tools/checkstyle/bdd/InlineConfigParser.java:[778,23] cannot find symbol', '[ERROR] Failed to execute goal org.apache.maven.plugins:maven-compiler-plugin:3.13.0:testCompile (default-testCompile) on project checkstyle: Compilation failure', '[ERROR] /workspace/benchmarks/swe-refactor/data/checkstyle/ai_logs/single-agent_copilot_qwen/qwen3_6-flash/_workspaces/benchmark_pip_4d0bcbd1d1_bfb3e5f5e416_17e21d9285/project/src/test/java/com/puppycrawl/tools/checkstyle/bdd/InlineConfigParser.java:[778,23] cannot find symbol', '[ERROR]   symbol:   method verifyWithInlineConfigParser(java.lang.String)', '[ERROR]   location: class com.puppycrawl.tools.checkstyle.bdd.InlineConfigParser', '[ERROR] ', '[ERROR] -> [Help 1]', '[ERROR] ', '[ERROR] To see the full stack trace of the errors, re-run Maven with the -e switch.', '[ERROR] Re-run Maven using the -X switch to enable full debug logging.', '[ERROR] ', '[ERROR] For more information about the errors and possible solutions, please read the following articles:', '[ERROR] [Help 1] http://cwiki.apache.org/confluence/display/MAVEN/MojoFailureException']"
2026-05-15T16:21:45.981416Z,swe,benchmark_pipeline_20260515_155352,single-agent,checkstyle,bfb3e5f5e416211bc95799426edba4581b442d0d_112_120_399_409_112_123,failed,0,128.138445854187,2026-05-15T16:21:45Z,,,,,,/workspace/benchmarks/swe-refactor/data/checkstyle/ai_logs/single-agent_copilot_qwen/qwen3_6-flash/benchmark_pip_4d0bcbd1d1_bfb3e5f5e416_7d51517380.terminal.txt,/workspace/outputs/platform/home/.copilot/session-state/2a3d1563-a4c8-4343-8f39-e7b6792e53c3/events.jsonl,/workspace/benchmarks/swe-refactor/data/checkstyle/ai_logs/single-agent_copilot_qwen/qwen3_6-flash/benchmark_pip_4d0bcbd1d1_bfb3e5f5e416_7d51517380.output.txt,"the Extract And Move Method operation is successful. | ['[ERROR] COMPILATION ERROR : ', '[ERROR] /workspace/benchmarks/swe-refactor/data/checkstyle/ai_logs/single-agent_copilot_qwen/qwen3_6-flash/_workspaces/benchmark_pip_4d0bcbd1d1_bfb3e5f5e416_7d51517380/project/src/main/java/com/puppycrawl/tools/checkstyle/api/FilterSet.java:[21,36] package org.junit.jupiter.api does not exist', '[ERROR] /workspace/benchmarks/swe-refactor/data/checkstyle/ai_logs/single-agent_copilot_qwen/qwen3_6-flash/_workspaces/benchmark_pip_4d0bcbd1d1_bfb3e5f5e416_7d51517380/project/src/main/java/com/puppycrawl/tools/checkstyle/api/FilterSet.java:[21,1] static import only from classes and interfaces', '[ERROR] /workspace/benchmarks/swe-refactor/data/checkstyle/ai_logs/single-agent_copilot_qwen/qwen3_6-flash/_workspaces/benchmark_pip_4d0bcbd1d1_bfb3e5f5e416_7d51517380/project/src/main/java/com/puppycrawl/tools/checkstyle/api/FilterSet.java:[98,9] cannot find symbol', '[ERROR] Failed to execute goal org.apache.maven.plugins:maven-compiler-plugin:3.13.0:compile (default-compile) on project checkstyle: Compilation failure: Compilation failure: ', '[ERROR] /workspace/benchmarks/swe-refactor/data/checkstyle/ai_logs/single-agent_copilot_qwen/qwen3_6-flash/_workspaces/benchmark_pip_4d0bcbd1d1_bfb3e5f5e416_7d51517380/project/src/main/java/com/puppycrawl/tools/checkstyle/api/FilterSet.java:[21,36] package org.junit.jupiter.api does not exist', '[ERROR] /workspace/benchmarks/swe-refactor/data/checkstyle/ai_logs/single-agent_copilot_qwen/qwen3_6-flash/_workspaces/benchmark_pip_4d0bcbd1d1_bfb3e5f5e416_7d51517380/project/src/main/java/com/puppycrawl/tools/checkstyle/api/FilterSet.java:[21,1] static import only from classes and interfaces', '[ERROR] /workspace/benchmarks/swe-refactor/data/checkstyle/ai_logs/single-agent_copilot_qwen/qwen3_6-flash/_workspaces/benchmark_pip_4d0bcbd1d1_bfb3e5f5e416_7d51517380/project/src/main/java/com/puppycrawl/tools/checkstyle/api/FilterSet.java:[98,9] cannot find symbol', '["
2026-05-15T16:24:18.283893Z,swe,benchmark_pipeline_20260515_155352,single-agent,checkstyle,bfb3e5f5e416211bc95799426edba4581b442d0d_345_352_399_409_349_360,success,0,151.25223064422607,2026-05-15T16:24:17Z,,,,,,/workspace/benchmarks/swe-refactor/data/checkstyle/ai_logs/single-agent_copilot_qwen/qwen3_6-flash/benchmark_pip_4d0bcbd1d1_bfb3e5f5e416_3b8a25d232.terminal.txt,/workspace/outputs/platform/home/.copilot/session-state/8d9fa3ec-e563-4dd5-8d5c-2ef9bdd134f6/events.jsonl,/workspace/benchmarks/swe-refactor/data/checkstyle/ai_logs/single-agent_copilot_qwen/qwen3_6-flash/benchmark_pip_4d0bcbd1d1_bfb3e5f5e416_3b8a25d232.output.txt,the Extract And Move Method operation is successful. | Build succeeded.
2026-05-15T16:26:38.905525Z,swe,benchmark_pipeline_20260515_155352,single-agent,checkstyle,bfb3e5f5e416211bc95799426edba4581b442d0d_336_343_399_409_336_347,success,0,139.76687741279602,2026-05-15T16:26:38Z,,,,,,/workspace/benchmarks/swe-refactor/data/checkstyle/ai_logs/single-agent_copilot_qwen/qwen3_6-flash/benchmark_pip_4d0bcbd1d1_bfb3e5f5e416_fadf42837f.terminal.txt,/workspace/outputs/platform/home/.copilot/session-state/a2e0ffb8-cc91-4e40-8461-c777b73ac461/events.jsonl,/workspace/benchmarks/swe-refactor/data/checkstyle/ai_logs/single-agent_copilot_qwen/qwen3_6-flash/benchmark_pip_4d0bcbd1d1_bfb3e5f5e416_fadf42837f.output.txt,the Extract And Move Method operation is successful. | Build succeeded.
2026-05-15T16:28:21.674203Z,swe,benchmark_pipeline_20260515_155352,single-agent,checkstyle,bfb3e5f5e416211bc95799426edba4581b442d0d_110_119_399_409_110_122,success,0,101.93649744987488,2026-05-15T16:28:20Z,,,,,,/workspace/benchmarks/swe-refactor/data/checkstyle/ai_logs/single-agent_copilot_qwen/qwen3_6-flash/benchmark_pip_4d0bcbd1d1_bfb3e5f5e416_fa94fc00f7.terminal.txt,/workspace/outputs/platform/home/.copilot/session-state/3188da31-c22f-4d06-9e04-ab3263ec755a/events.jsonl,/workspace/benchmarks/swe-refactor/data/checkstyle/ai_logs/single-agent_copilot_qwen/qwen3_6-flash/benchmark_pip_4d0bcbd1d1_bfb3e5f5e416_fa94fc00f7.output.txt,the Extract And Move Method operation is successful. | Build succeeded.
2026-05-15T16:29:36.664052Z,swe,benchmark_pipeline_20260515_155352,single-agent,checkstyle,bfb3e5f5e416211bc95799426edba4581b442d0d_391_401_399_409_391_405,failed,0,74.45708560943604,2026-05-15T16:29:36Z,,,,,,/workspace/benchmarks/swe-refactor/data/checkstyle/ai_logs/single-agent_copilot_qwen/qwen3_6-flash/benchmark_pip_4d0bcbd1d1_bfb3e5f5e416_da721cfc3e.terminal.txt,/workspace/outputs/platform/home/.copilot/session-state/35e84e43-e426-4234-8002-aff5c024a251/events.jsonl,/workspace/benchmarks/swe-refactor/data/checkstyle/ai_logs/single-agent_copilot_qwen/qwen3_6-flash/benchmark_pip_4d0bcbd1d1_bfb3e5f5e416_da721cfc3e.output.txt,Invalid target file path: | Invalid target file path:
2026-05-15T16:33:12.210890Z,swe,benchmark_pipeline_20260515_155352,single-agent,checkstyle,bfb3e5f5e416211bc95799426edba4581b442d0d_466_494_399_409_466_494,success,0,214.5914433002472,2026-05-15T16:33:11Z,,,,,,/workspace/benchmarks/swe-refactor/data/checkstyle/ai_logs/single-agent_copilot_qwen/qwen3_6-flash/benchmark_pip_4d0bcbd1d1_bfb3e5f5e416_cb3e7fc293.terminal.txt,/workspace/outputs/platform/home/.copilot/session-state/2f7ea1c7-5ef6-43f7-beae-634059ad4a1e/events.jsonl,/workspace/benchmarks/swe-refactor/data/checkstyle/ai_logs/single-agent_copilot_qwen/qwen3_6-flash/benchmark_pip_4d0bcbd1d1_bfb3e5f5e416_cb3e7fc293.output.txt,the Extract And Move Method operation is successful. | Build succeeded.
2026-05-15T16:35:49.842316Z,swe,benchmark_pipeline_20260515_155352,single-agent,checkstyle,bfb3e5f5e416211bc95799426edba4581b442d0d_335_358_399_409_335_358,failed,0,156.8373589515686,2026-05-15T16:35:49Z,,,,,,/workspace/benchmarks/swe-refactor/data/checkstyle/ai_logs/single-agent_copilot_qwen/qwen3_6-flash/benchmark_pip_4d0bcbd1d1_bfb3e5f5e416_86ccf339e8.terminal.txt,/workspace/outputs/platform/home/.copilot/session-state/1646e6f6-74bd-4141-acb5-0b773d7afeae/events.jsonl,/workspace/benchmarks/swe-refactor/data/checkstyle/ai_logs/single-agent_copilot_qwen/qwen3_6-flash/benchmark_pip_4d0bcbd1d1_bfb3e5f5e416_86ccf339e8.output.txt,"the Extract And Move Method operation is successful. | ['[ERROR] COMPILATION ERROR : ', '[ERROR] /workspace/benchmarks/swe-refactor/data/checkstyle/ai_logs/single-agent_copilot_qwen/qwen3_6-flash/_workspaces/benchmark_pip_4d0bcbd1d1_bfb3e5f5e416_86ccf339e8/project/src/test/java/com/puppycrawl/tools/checkstyle/internal/utils/TestUtil.java:[396,65] cannot find symbol', '[ERROR] Failed to execute goal org.apache.maven.plugins:maven-compiler-plugin:3.13.0:testCompile (default-testCompile) on project checkstyle: Compilation failure', '[ERROR] /workspace/benchmarks/swe-refactor/data/checkstyle/ai_logs/single-agent_copilot_qwen/qwen3_6-flash/_workspaces/benchmark_pip_4d0bcbd1d1_bfb3e5f5e416_86ccf339e8/project/src/test/java/com/puppycrawl/tools/checkstyle/internal/utils/TestUtil.java:[396,65] cannot find symbol', '[ERROR]   symbol:   class Executable', '[ERROR]   location: class com.puppycrawl.tools.checkstyle.internal.utils.TestUtil', '[ERROR] ', '[ERROR] -> [Help 1]', '[ERROR] ', '[ERROR] To see the full stack trace of the errors, re-run Maven with the -e switch.', '[ERROR] Re-run Maven using the -X switch to enable full debug logging.', '[ERROR] ', '[ERROR] For more information about the errors and possible solutions, please read the following articles:', '[ERROR] [Help 1] http://cwiki.apache.org/confluence/display/MAVEN/MojoFailureException']"
2026-05-15T16:40:00.785674Z,swe,benchmark_pipeline_20260515_155352,single-agent,checkstyle,bfb3e5f5e416211bc95799426edba4581b442d0d_232_240_399_409_232_243,success,0,249.80701231956482,2026-05-15T16:39:59Z,,,,,,/workspace/benchmarks/swe-refactor/data/checkstyle/ai_logs/single-agent_copilot_qwen/qwen3_6-flash/benchmark_pip_4d0bcbd1d1_bfb3e5f5e416_ce5fc5acd8.terminal.txt,/workspace/outputs/platform/home/.copilot/session-state/0e165859-9b72-4e77-b364-58306264bb11/events.jsonl,/workspace/benchmarks/swe-refactor/data/checkstyle/ai_logs/single-agent_copilot_qwen/qwen3_6-flash/benchmark_pip_4d0bcbd1d1_bfb3e5f5e416_ce5fc5acd8.output.txt,the Extract And Move Method operation is successful. | Build succeeded.
2026-05-15T16:42:44.886386Z,swe,benchmark_pipeline_20260515_155352,single-agent,checkstyle,bfb3e5f5e416211bc95799426edba4581b442d0d_241_254_385_397_241_254,failed,0,163.5049033164978,2026-05-15T16:42:44Z,,,,,,/workspace/benchmarks/swe-refactor/data/checkstyle/ai_logs/single-agent_copilot_qwen/qwen3_6-flash/benchmark_pip_4d0bcbd1d1_bfb3e5f5e416_492aaf3cf4.terminal.txt,/workspace/outputs/platform/home/.copilot/session-state/d906cfb2-490f-4733-a75c-2965cb877926/events.jsonl,/workspace/benchmarks/swe-refactor/data/checkstyle/ai_logs/single-agent_copilot_qwen/qwen3_6-flash/benchmark_pip_4d0bcbd1d1_bfb3e5f5e416_492aaf3cf4.output.txt,"the Extract And Move Method operation is successful. | ['[ERROR] COMPILATION ERROR : ', '[ERROR] /workspace/benchmarks/swe-refactor/data/checkstyle/ai_logs/single-agent_copilot_qwen/qwen3_6-flash/_workspaces/benchmark_pip_4d0bcbd1d1_bfb3e5f5e416_492aaf3cf4/project/src/main/java/com/puppycrawl/tools/checkstyle/checks/regexp/RegexpOnFilenameCheck.java:[21,38] package com.google.common.truth does not exist', '[ERROR] /workspace/benchmarks/swe-refactor/data/checkstyle/ai_logs/single-agent_copilot_qwen/qwen3_6-flash/_workspaces/benchmark_pip_4d0bcbd1d1_bfb3e5f5e416_492aaf3cf4/project/src/main/java/com/puppycrawl/tools/checkstyle/checks/regexp/RegexpOnFilenameCheck.java:[21,1] static import only from classes and interfaces', '[ERROR] /workspace/benchmarks/swe-refactor/data/checkstyle/ai_logs/single-agent_copilot_qwen/qwen3_6-flash/_workspaces/benchmark_pip_4d0bcbd1d1_bfb3e5f5e416_492aaf3cf4/project/src/main/java/com/puppycrawl/tools/checkstyle/checks/regexp/RegexpOnFilenameCheck.java:[22,36] package org.junit.jupiter.api does not exist', '[ERROR] /workspace/benchmarks/swe-refactor/data/checkstyle/ai_logs/single-agent_copilot_qwen/qwen3_6-flash/_workspaces/benchmark_pip_4d0bcbd1d1_bfb3e5f5e416_492aaf3cf4/project/src/main/java/com/puppycrawl/tools/checkstyle/checks/regexp/RegexpOnFilenameCheck.java:[22,1] static import only from classes and interfaces', '[ERROR] /workspace/benchmarks/swe-refactor/data/checkstyle/ai_logs/single-agent_copilot_qwen/qwen3_6-flash/_workspaces/benchmark_pip_4d0bcbd1d1_bfb3e5f5e416_492aaf3cf4/project/src/main/java/com/puppycrawl/tools/checkstyle/checks/regexp/RegexpOnFilenameCheck.java:[24,29] package org.junit.jupiter.api does not exist', '[ERROR] /workspace/benchmarks/swe-refactor/data/checkstyle/ai_logs/single-agent_copilot_qwen/qwen3_6-flash/_workspaces/benchmark_pip_4d0bcbd1d1_bfb3e5f5e416_492aaf3cf4/project/src/main/java/com/puppycrawl/tools/checkstyle/checks/regexp/RegexpOnFilenameCheck.java:[322,36] cannot find symbol', '[ERROR] /workspace"
2026-05-15T16:45:36.928373Z,swe,benchmark_pipeline_20260515_155352,single-agent,checkstyle,bfb3e5f5e416211bc95799426edba4581b442d0d_197_214_385_397_197_214,success,0,170.89558029174805,2026-05-15T16:45:35Z,,,,,,/workspace/benchmarks/swe-refactor/data/checkstyle/ai_logs/single-agent_copilot_qwen/qwen3_6-flash/benchmark_pip_4d0bcbd1d1_bfb3e5f5e416_10dc5766d5.terminal.txt,/workspace/outputs/platform/home/.copilot/session-state/951bb980-8fbc-4470-99a9-560ad434b672/events.jsonl,/workspace/benchmarks/swe-refactor/data/checkstyle/ai_logs/single-agent_copilot_qwen/qwen3_6-flash/benchmark_pip_4d0bcbd1d1_bfb3e5f5e416_10dc5766d5.output.txt,the Extract And Move Method operation is successful. | Build succeeded.
2026-05-15T16:48:14.988298Z,swe,benchmark_pipeline_20260515_155352,single-agent,checkstyle,bfb3e5f5e416211bc95799426edba4581b442d0d_178_195_385_397_178_195,success,0,157.19260334968567,2026-05-15T16:48:14Z,,,,,,/workspace/benchmarks/swe-refactor/data/checkstyle/ai_logs/single-agent_copilot_qwen/qwen3_6-flash/benchmark_pip_4d0bcbd1d1_bfb3e5f5e416_80121df8e7.terminal.txt,/workspace/outputs/platform/home/.copilot/session-state/44bb5c18-745f-4718-b4de-60871cd76b1b/events.jsonl,/workspace/benchmarks/swe-refactor/data/checkstyle/ai_logs/single-agent_copilot_qwen/qwen3_6-flash/benchmark_pip_4d0bcbd1d1_bfb3e5f5e416_80121df8e7.output.txt,the Extract And Move Method operation is successful. | Build succeeded.
2026-05-15T16:51:04.209049Z,swe,benchmark_pipeline_20260515_155352,single-agent,checkstyle,bfb3e5f5e416211bc95799426edba4581b442d0d_431_448_385_397_431_448,failed,0,168.4189350605011,2026-05-15T16:51:03Z,,,,,,/workspace/benchmarks/swe-refactor/data/checkstyle/ai_logs/single-agent_copilot_qwen/qwen3_6-flash/benchmark_pip_4d0bcbd1d1_bfb3e5f5e416_5c298245c5.terminal.txt,/workspace/outputs/platform/home/.copilot/session-state/78a97990-4e01-40b1-b919-1ce9bccdc6a9/events.jsonl,/workspace/benchmarks/swe-refactor/data/checkstyle/ai_logs/single-agent_copilot_qwen/qwen3_6-flash/benchmark_pip_4d0bcbd1d1_bfb3e5f5e416_5c298245c5.output.txt,"the Extract And Move Method operation is successful. | ['[ERROR] COMPILATION ERROR : ', '[ERROR] /workspace/benchmarks/swe-refactor/data/checkstyle/ai_logs/single-agent_copilot_qwen/qwen3_6-flash/_workspaces/benchmark_pip_4d0bcbd1d1_bfb3e5f5e416_5c298245c5/project/src/test/java/com/puppycrawl/tools/checkstyle/internal/utils/TestUtil.java:[397,13] cannot find symbol', '[ERROR] /workspace/benchmarks/swe-refactor/data/checkstyle/ai_logs/single-agent_copilot_qwen/qwen3_6-flash/_workspaces/benchmark_pip_4d0bcbd1d1_bfb3e5f5e416_5c298245c5/project/src/test/java/com/puppycrawl/tools/checkstyle/checks/coding/IllegalTypeCheckTest.java:[443,49] cannot find symbol', '[ERROR] Failed to execute goal org.apache.maven.plugins:maven-compiler-plugin:3.13.0:testCompile (default-testCompile) on project checkstyle: Compilation failure: Compilation failure: ', '[ERROR] /workspace/benchmarks/swe-refactor/data/checkstyle/ai_logs/single-agent_copilot_qwen/qwen3_6-flash/_workspaces/benchmark_pip_4d0bcbd1d1_bfb3e5f5e416_5c298245c5/project/src/test/java/com/puppycrawl/tools/checkstyle/internal/utils/TestUtil.java:[397,13] cannot find symbol', '[ERROR]   symbol:   class Executable', '[ERROR]   location: class com.puppycrawl.tools.checkstyle.internal.utils.TestUtil', '[ERROR] /workspace/benchmarks/swe-refactor/data/checkstyle/ai_logs/single-agent_copilot_qwen/qwen3_6-flash/_workspaces/benchmark_pip_4d0bcbd1d1_bfb3e5f5e416_5c298245c5/project/src/test/java/com/puppycrawl/tools/checkstyle/checks/coding/IllegalTypeCheckTest.java:[443,49] cannot find symbol', '[ERROR]   symbol:   method getExpectedThrowable(java.lang.Class<java.lang.IllegalStateException>,()->check.[...]mAst),java.lang.String)', '[ERROR]   location: class com.puppycrawl.tools.checkstyle.checks.coding.IllegalTypeCheckTest', '[ERROR] -> [Help 1]', '[ERROR] ', '[ERROR] To see the full stack trace of the errors, re-run Maven with the -e switch.', '[ERROR] Re-run Maven using the -X switch to enable full debug logging.', '[ERROR] ', '[ERRO"
2026-05-15T16:53:19.612020Z,swe,benchmark_pipeline_20260515_155352,single-agent,checkstyle,bfb3e5f5e416211bc95799426edba4581b442d0d_47_55_385_397_47_55,failed,0,134.64999389648438,2026-05-15T16:53:18Z,,,,,,/workspace/benchmarks/swe-refactor/data/checkstyle/ai_logs/single-agent_copilot_qwen/qwen3_6-flash/benchmark_pip_4d0bcbd1d1_bfb3e5f5e416_886ef18c28.terminal.txt,/workspace/outputs/platform/home/.copilot/session-state/862d451e-1db7-4ae2-be89-2473aad6c65d/events.jsonl,/workspace/benchmarks/swe-refactor/data/checkstyle/ai_logs/single-agent_copilot_qwen/qwen3_6-flash/benchmark_pip_4d0bcbd1d1_bfb3e5f5e416_886ef18c28.output.txt,"the Extract And Move Method operation is successful. | ['[ERROR] COMPILATION ERROR : ', '[ERROR] /workspace/benchmarks/swe-refactor/data/checkstyle/ai_logs/single-agent_copilot_qwen/qwen3_6-flash/_workspaces/benchmark_pip_4d0bcbd1d1_bfb3e5f5e416_886ef18c28/project/src/test/java/com/puppycrawl/tools/checkstyle/api/AuditEventTest.java:[21,43] cannot find symbol', '[ERROR] Failed to execute goal org.apache.maven.plugins:maven-compiler-plugin:3.13.0:testCompile (default-testCompile) on project checkstyle: Compilation failure', '[ERROR] /workspace/benchmarks/swe-refactor/data/checkstyle/ai_logs/single-agent_copilot_qwen/qwen3_6-flash/_workspaces/benchmark_pip_4d0bcbd1d1_bfb3e5f5e416_886ef18c28/project/src/test/java/com/puppycrawl/tools/checkstyle/api/AuditEventTest.java:[21,43] cannot find symbol', '[ERROR]   symbol:   class or', '[ERROR]   location: package com.puppycrawl.tools.checkstyle.api', '[ERROR] ', '[ERROR] -> [Help 1]', '[ERROR] ', '[ERROR] To see the full stack trace of the errors, re-run Maven with the -e switch.', '[ERROR] Re-run Maven using the -X switch to enable full debug logging.', '[ERROR] ', '[ERROR] For more information about the errors and possible solutions, please read the following articles:', '[ERROR] [Help 1] http://cwiki.apache.org/confluence/display/MAVEN/MojoFailureException']"
2026-05-15T16:55:58.650939Z,swe,benchmark_pipeline_20260515_155352,single-agent,checkstyle,bfb3e5f5e416211bc95799426edba4581b442d0d_829_842_385_397_829_842,failed,0,158.16163682937622,2026-05-15T16:55:57Z,,,,,,/workspace/benchmarks/swe-refactor/data/checkstyle/ai_logs/single-agent_copilot_qwen/qwen3_6-flash/benchmark_pip_4d0bcbd1d1_bfb3e5f5e416_2f7c4e52b8.terminal.txt,/workspace/outputs/platform/home/.copilot/session-state/d801be32-ec16-4688-b801-b4fed8962cf0/events.jsonl,/workspace/benchmarks/swe-refactor/data/checkstyle/ai_logs/single-agent_copilot_qwen/qwen3_6-flash/benchmark_pip_4d0bcbd1d1_bfb3e5f5e416_2f7c4e52b8.output.txt,"the Extract And Move Method operation is successful. | ['[ERROR] COMPILATION ERROR : ', '[ERROR] /workspace/benchmarks/swe-refactor/data/checkstyle/ai_logs/single-agent_copilot_qwen/qwen3_6-flash/_workspaces/benchmark_pip_4d0bcbd1d1_bfb3e5f5e416_2f7c4e52b8/project/src/test/java/com/puppycrawl/tools/checkstyle/ant/CheckstyleAntTaskTest.java:[831,35] cannot find symbol', '[ERROR] Failed to execute goal org.apache.maven.plugins:maven-compiler-plugin:3.13.0:testCompile (default-testCompile) on project checkstyle: Compilation failure', '[ERROR] /workspace/benchmarks/swe-refactor/data/checkstyle/ai_logs/single-agent_copilot_qwen/qwen3_6-flash/_workspaces/benchmark_pip_4d0bcbd1d1_bfb3e5f5e416_2f7c4e52b8/project/src/test/java/com/puppycrawl/tools/checkstyle/ant/CheckstyleAntTaskTest.java:[831,35] cannot find symbol', '[ERROR]   symbol:   method verifyCheckerException(java.lang.String,java.io.File)', '[ERROR]   location: class com.puppycrawl.tools.checkstyle.ant.CheckstyleAntTaskTest', '[ERROR] ', '[ERROR] -> [Help 1]', '[ERROR] ', '[ERROR] To see the full stack trace of the errors, re-run Maven with the -e switch.', '[ERROR] Re-run Maven using the -X switch to enable full debug logging.', '[ERROR] ', '[ERROR] For more information about the errors and possible solutions, please read the following articles:', '[ERROR] [Help 1] http://cwiki.apache.org/confluence/display/MAVEN/MojoFailureException']"
2026-05-15T17:01:59.025024Z,swe,benchmark_pipeline_20260515_155352,single-agent,checkstyle,bfb3e5f5e416211bc95799426edba4581b442d0d_621_630_385_397_621_630,failed,0,359.1941337585449,2026-05-15T17:01:57Z,,,,,,/workspace/benchmarks/swe-refactor/data/checkstyle/ai_logs/single-agent_copilot_qwen/qwen3_6-flash/benchmark_pip_4d0bcbd1d1_bfb3e5f5e416_c64f419cbe.terminal.txt,/workspace/outputs/platform/home/.copilot/session-state/5269ee51-0a26-4439-8dac-7c857d621a70/events.jsonl,/workspace/benchmarks/swe-refactor/data/checkstyle/ai_logs/single-agent_copilot_qwen/qwen3_6-flash/benchmark_pip_4d0bcbd1d1_bfb3e5f5e416_c64f419cbe.output.txt,Refactored code does not call extracted method 'validateFormatterType'. | Refactored code does not call extracted method 'validateFormatterType'.
2026-05-15T17:05:37.765270Z,swe,benchmark_pipeline_20260515_155352,single-agent,checkstyle,bfb3e5f5e416211bc95799426edba4581b442d0d_602_619_385_397_602_619,success,0,217.62298488616943,2026-05-15T17:05:36Z,,,,,,/workspace/benchmarks/swe-refactor/data/checkstyle/ai_logs/single-agent_copilot_qwen/qwen3_6-flash/benchmark_pip_4d0bcbd1d1_bfb3e5f5e416_99d3853ea2.terminal.txt,/workspace/outputs/platform/home/.copilot/session-state/bd8d7f20-52e7-4947-a5a4-d1d4b20c9179/events.jsonl,/workspace/benchmarks/swe-refactor/data/checkstyle/ai_logs/single-agent_copilot_qwen/qwen3_6-flash/benchmark_pip_4d0bcbd1d1_bfb3e5f5e416_99d3853ea2.output.txt,the Extract And Move Method operation is successful. | Build succeeded.
2026-05-15T17:08:46.328822Z,swe,benchmark_pipeline_20260515_155352,single-agent,checkstyle,bfb3e5f5e416211bc95799426edba4581b442d0d_583_600_385_397_583_600,success,0,187.558602809906,2026-05-15T17:08:45Z,,,,,,/workspace/benchmarks/swe-refactor/data/checkstyle/ai_logs/single-agent_copilot_qwen/qwen3_6-flash/benchmark_pip_4d0bcbd1d1_bfb3e5f5e416_e11af2ae02.terminal.txt,/workspace/outputs/platform/home/.copilot/session-state/0db2cba8-5be3-4eb9-a6e6-640579fd17a8/events.jsonl,/workspace/benchmarks/swe-refactor/data/checkstyle/ai_logs/single-agent_copilot_qwen/qwen3_6-flash/benchmark_pip_4d0bcbd1d1_bfb3e5f5e416_e11af2ae02.output.txt,the Extract And Move Method operation is successful. | Build succeeded.
2026-05-15T17:11:53.660337Z,swe,benchmark_pipeline_20260515_155352,single-agent,checkstyle,bfb3e5f5e416211bc95799426edba4581b442d0d_567_581_385_397_567_581,failed,0,186.15806031227112,2026-05-15T17:11:52Z,,,,,,/workspace/benchmarks/swe-refactor/data/checkstyle/ai_logs/single-agent_copilot_qwen/qwen3_6-flash/benchmark_pip_4d0bcbd1d1_bfb3e5f5e416_a19667d04f.terminal.txt,/workspace/outputs/platform/home/.copilot/session-state/b9caeaa7-e78c-481b-bb05-253bde942fda/events.jsonl,/workspace/benchmarks/swe-refactor/data/checkstyle/ai_logs/single-agent_copilot_qwen/qwen3_6-flash/benchmark_pip_4d0bcbd1d1_bfb3e5f5e416_a19667d04f.output.txt,"the Extract And Move Method operation is successful. | ['[ERROR] COMPILATION ERROR : ', '[ERROR] /workspace/benchmarks/swe-refactor/data/checkstyle/ai_logs/single-agent_copilot_qwen/qwen3_6-flash/_workspaces/benchmark_pip_4d0bcbd1d1_bfb3e5f5e416_a19667d04f/project/src/test/java/com/puppycrawl/tools/checkstyle/ant/CheckstyleAntTaskTest.java:[570,47] unreported exception java.lang.Exception; must be caught or declared to be thrown', '[ERROR] Failed to execute goal org.apache.maven.plugins:maven-compiler-plugin:3.13.0:testCompile (default-testCompile) on project checkstyle: Compilation failure', '[ERROR] /workspace/benchmarks/swe-refactor/data/checkstyle/ai_logs/single-agent_copilot_qwen/qwen3_6-flash/_workspaces/benchmark_pip_4d0bcbd1d1_bfb3e5f5e416_a19667d04f/project/src/test/java/com/puppycrawl/tools/checkstyle/ant/CheckstyleAntTaskTest.java:[570,47] unreported exception java.lang.Exception; must be caught or declared to be thrown', '[ERROR] ', '[ERROR] -> [Help 1]', '[ERROR] ', '[ERROR] To see the full stack trace of the errors, re-run Maven with the -e switch.', '[ERROR] Re-run Maven using the -X switch to enable full debug logging.', '[ERROR] ', '[ERROR] For more information about the errors and possible solutions, please read the following articles:', '[ERROR] [Help 1] http://cwiki.apache.org/confluence/display/MAVEN/MojoFailureException']"
2026-05-15T17:15:07.493660Z,swe,benchmark_pipeline_20260515_155352,single-agent,checkstyle,bfb3e5f5e416211bc95799426edba4581b442d0d_490_501_385_397_490_501,success,0,192.2354040145874,2026-05-15T17:15:05Z,,,,,,/workspace/benchmarks/swe-refactor/data/checkstyle/ai_logs/single-agent_copilot_qwen/qwen3_6-flash/benchmark_pip_4d0bcbd1d1_bfb3e5f5e416_4664068a92.terminal.txt,/workspace/outputs/platform/home/.copilot/session-state/98ea186a-df23-43a7-b216-537874c98ab7/events.jsonl,/workspace/benchmarks/swe-refactor/data/checkstyle/ai_logs/single-agent_copilot_qwen/qwen3_6-flash/benchmark_pip_4d0bcbd1d1_bfb3e5f5e416_4664068a92.output.txt,the Extract And Move Method operation is successful. | Build succeeded.
2026-05-15T17:21:38.712122Z,swe,benchmark_pipeline_20260515_155352,single-agent,checkstyle,bfb3e5f5e416211bc95799426edba4581b442d0d_459_473_385_397_459_473,failed,0,390.41451263427734,2026-05-15T17:21:37Z,,,,,,/workspace/benchmarks/swe-refactor/data/checkstyle/ai_logs/single-agent_copilot_qwen/qwen3_6-flash/benchmark_pip_4d0bcbd1d1_bfb3e5f5e416_47b1bb89a5.terminal.txt,/workspace/outputs/platform/home/.copilot/session-state/44a2284e-33c2-4008-8e59-c52e8ed2bc3c/events.jsonl,/workspace/benchmarks/swe-refactor/data/checkstyle/ai_logs/single-agent_copilot_qwen/qwen3_6-flash/benchmark_pip_4d0bcbd1d1_bfb3e5f5e416_47b1bb89a5.output.txt,"Invalid target file path: #################
2026-05-15T17:24:42.066525Z,swe,benchmark_pipeline_20260515_155352,single-agent,checkstyle,bfb3e5f5e416211bc95799426edba4581b442d0d_322_345_385_397_322_345,failed,0,182.59449696540833,2026-05-15T17:24:41Z,,,,,,/workspace/benchmarks/swe-refactor/data/checkstyle/ai_logs/single-agent_copilot_qwen/qwen3_6-flash/benchmark_pip_4d0bcbd1d1_bfb3e5f5e416_d9e28560e4.terminal.txt,/workspace/outputs/platform/home/.copilot/session-state/ed5a7d0f-b3c7-4fbc-9210-28bd3dd672fc/events.jsonl,/workspace/benchmarks/swe-refactor/data/checkstyle/ai_logs/single-agent_copilot_qwen/qwen3_6-flash/benchmark_pip_4d0bcbd1d1_bfb3e5f5e416_d9e28560e4.output.txt,"the Extract And Move Method operation is successful. | ['[ERROR] COMPILATION ERROR : ', '[ERROR] /workspace/benchmarks/swe-refactor/data/checkstyle/ai_logs/single-agent_copilot_qwen/qwen3_6-flash/_workspaces/benchmark_pip_4d0bcbd1d1_bfb3e5f5e416_d9e28560e4/project/src/test/java/com/puppycrawl/tools/checkstyle/internal/utils/TestUtil.java:[395,13] cannot find symbol', '[ERROR] Failed to execute goal org.apache.maven.plugins:maven-compiler-plugin:3.13.0:testCompile (default-testCompile) on project checkstyle: Compilation failure', '[ERROR] /workspace/benchmarks/swe-refactor/data/checkstyle/ai_logs/single-agent_copilot_qwen/qwen3_6-flash/_workspaces/benchmark_pip_4d0bcbd1d1_bfb3e5f5e416_d9e28560e4/project/src/test/java/com/puppycrawl/tools/checkstyle/internal/utils/TestUtil.java:[395,13] cannot find symbol', '[ERROR]   symbol:   class Executable', '[ERROR]   location: class com.puppycrawl.tools.checkstyle.internal.utils.TestUtil', '[ERROR] ', '[ERROR] -> [Help 1]', '[ERROR] ', '[ERROR] To see the full stack trace of the errors, re-run Maven with the -e switch.', '[ERROR] Re-run Maven using the -X switch to enable full debug logging.', '[ERROR] ', '[ERROR] For more information about the errors and possible solutions, please read the following articles:', '[ERROR] [Help 1] http://cwiki.apache.org/confluence/display/MAVEN/MojoFailureException']"
2026-05-15T17:28:26.164238Z,swe,benchmark_pipeline_20260515_155352,single-agent,checkstyle,bfb3e5f5e416211bc95799426edba4581b442d0d_295_306_385_397_295_306,success,0,223.18188381195068,2026-05-15T17:28:25Z,,,,,,/workspace/benchmarks/swe-refactor/data/checkstyle/ai_logs/single-agent_copilot_qwen/qwen3_6-flash/benchmark_pip_4d0bcbd1d1_bfb3e5f5e416_7c469ab1ee.terminal.txt,/workspace/outputs/platform/home/.copilot/session-state/98198dee-5ef0-434a-99b9-24520542dbd7/events.jsonl,/workspace/benchmarks/swe-refactor/data/checkstyle/ai_logs/single-agent_copilot_qwen/qwen3_6-flash/benchmark_pip_4d0bcbd1d1_bfb3e5f5e416_7c469ab1ee.output.txt,the Extract And Move Method operation is successful. | Build succeeded.
2026-05-15T17:32:36.540739Z,swe,benchmark_pipeline_20260515_155352,single-agent,checkstyle,bfb3e5f5e416211bc95799426edba4581b442d0d_284_293_385_397_284_293,success,0,249.41908073425293,2026-05-15T17:32:35Z,,,,,,/workspace/benchmarks/swe-refactor/data/checkstyle/ai_logs/single-agent_copilot_qwen/qwen3_6-flash/benchmark_pip_4d0bcbd1d1_bfb3e5f5e416_cbcf9f8190.terminal.txt,/workspace/outputs/platform/home/.copilot/session-state/9859a761-57f7-4e68-ae5c-960700da2a5b/events.jsonl,/workspace/benchmarks/swe-refactor/data/checkstyle/ai_logs/single-agent_copilot_qwen/qwen3_6-flash/benchmark_pip_4d0bcbd1d1_bfb3e5f5e416_cbcf9f8190.output.txt,the Extract And Move Method operation is successful. | Build succeeded.
2026-05-15T17:35:58.003092Z,swe,benchmark_pipeline_20260515_155352,single-agent,checkstyle,bfb3e5f5e416211bc95799426edba4581b442d0d_270_282_385_397_270_282,failed,0,200.7452368736267,2026-05-15T17:35:57Z,,,,,,/workspace/benchmarks/swe-refactor/data/checkstyle/ai_logs/single-agent_copilot_qwen/qwen3_6-flash/benchmark_pip_4d0bcbd1d1_bfb3e5f5e416_c70f56dd02.terminal.txt,/workspace/outputs/platform/home/.copilot/session-state/3bb3cf5f-1184-4f89-81b5-522516c3dca7/events.jsonl,/workspace/benchmarks/swe-refactor/data/checkstyle/ai_logs/single-agent_copilot_qwen/qwen3_6-flash/benchmark_pip_4d0bcbd1d1_bfb3e5f5e416_c70f56dd02.output.txt,"the Extract And Move Method operation is successful. | ['[ERROR] COMPILATION ERROR : ', '[ERROR] /workspace/benchmarks/swe-refactor/data/checkstyle/ai_logs/single-agent_copilot_qwen/qwen3_6-flash/_workspaces/benchmark_pip_4d0bcbd1d1_bfb3e5f5e416_c70f56dd02/project/src/main/java/com/puppycrawl/tools/checkstyle/ant/CheckstyleAntTask.java:[21,36] package org.junit.jupiter.api does not exist', '[ERROR] /workspace/benchmarks/swe-refactor/data/checkstyle/ai_logs/single-agent_copilot_qwen/qwen3_6-flash/_workspaces/benchmark_pip_4d0bcbd1d1_bfb3e5f5e416_c70f56dd02/project/src/main/java/com/puppycrawl/tools/checkstyle/ant/CheckstyleAntTask.java:[21,1] static import only from classes and interfaces', '[ERROR] /workspace/benchmarks/swe-refactor/data/checkstyle/ai_logs/single-agent_copilot_qwen/qwen3_6-flash/_workspaces/benchmark_pip_4d0bcbd1d1_bfb3e5f5e416_c70f56dd02/project/src/main/java/com/puppycrawl/tools/checkstyle/ant/CheckstyleAntTask.java:[817,56] package org.junit.jupiter.api does not exist', '[ERROR] Failed to execute goal org.apache.maven.plugins:maven-compiler-plugin:3.13.0:compile (default-compile) on project checkstyle: Compilation failure: Compilation failure: ', '[ERROR] /workspace/benchmarks/swe-refactor/data/checkstyle/ai_logs/single-agent_copilot_qwen/qwen3_6-flash/_workspaces/benchmark_pip_4d0bcbd1d1_bfb3e5f5e416_c70f56dd02/project/src/main/java/com/puppycrawl/tools/checkstyle/ant/CheckstyleAntTask.java:[21,36] package org.junit.jupiter.api does not exist', '[ERROR] /workspace/benchmarks/swe-refactor/data/checkstyle/ai_logs/single-agent_copilot_qwen/qwen3_6-flash/_workspaces/benchmark_pip_4d0bcbd1d1_bfb3e5f5e416_c70f56dd02/project/src/main/java/com/puppycrawl/tools/checkstyle/ant/CheckstyleAntTask.java:[21,1] static import only from classes and interfaces', '[ERROR] /workspace/benchmarks/swe-refactor/data/checkstyle/ai_logs/single-agent_copilot_qwen/qwen3_6-flash/_workspaces/benchmark_pip_4d0bcbd1d1_bfb3e5f5e416_c70f56dd02/project/src/main/java/com/puppycraw"
2026-05-15T17:38:03.582692Z,swe,benchmark_pipeline_20260515_155352,single-agent,checkstyle,bfb3e5f5e416211bc95799426edba4581b442d0d_256_268_385_397_256_268,success,0,124.56725978851318,2026-05-15T17:38:02Z,,,,,,/workspace/benchmarks/swe-refactor/data/checkstyle/ai_logs/single-agent_copilot_qwen/qwen3_6-flash/benchmark_pip_4d0bcbd1d1_bfb3e5f5e416_63f2db8f29.terminal.txt,/workspace/outputs/platform/home/.copilot/session-state/a13e0942-0e82-40a0-aed2-e7e55417ba1f/events.jsonl,/workspace/benchmarks/swe-refactor/data/checkstyle/ai_logs/single-agent_copilot_qwen/qwen3_6-flash/benchmark_pip_4d0bcbd1d1_bfb3e5f5e416_63f2db8f29.output.txt,the Extract And Move Method operation is successful. | Build succeeded.
2026-05-15T17:43:31.143477Z,swe,benchmark_pipeline_20260515_155352,single-agent,checkstyle,bfb3e5f5e416211bc95799426edba4581b442d0d_243_254_385_397_243_254,success,0,326.5895929336548,2026-05-15T17:43:30Z,,,,,,/workspace/benchmarks/swe-refactor/data/checkstyle/ai_logs/single-agent_copilot_qwen/qwen3_6-flash/benchmark_pip_4d0bcbd1d1_bfb3e5f5e416_955720fcc7.terminal.txt,/workspace/outputs/platform/home/.copilot/session-state/e220bc82-f721-4f6b-8186-1d28458c1cf1/events.jsonl,/workspace/benchmarks/swe-refactor/data/checkstyle/ai_logs/single-agent_copilot_qwen/qwen3_6-flash/benchmark_pip_4d0bcbd1d1_bfb3e5f5e416_955720fcc7.output.txt,the Extract And Move Method operation is successful. | Build succeeded.
2026-05-15T17:53:30.051907Z,swe,benchmark_pipeline_20260515_155352,single-agent,checkstyle,cd8ef61ea62f3155040501fd21e20b37dfc8cd26_95_130_108_146_87_98,failed,0,598.0037910938263,2026-05-15T17:53:29Z,,,,,,/workspace/benchmarks/swe-refactor/data/checkstyle/ai_logs/single-agent_copilot_qwen/qwen3_6-flash/benchmark_pip_4d0bcbd1d1_cd8ef61ea62f_695995297e.terminal.txt,/workspace/outputs/platform/home/.copilot/session-state/b49f09ae-521b-4503-8e80-bab8fd58c971/events.jsonl,/workspace/benchmarks/swe-refactor/data/checkstyle/ai_logs/single-agent_copilot_qwen/qwen3_6-flash/benchmark_pip_4d0bcbd1d1_cd8ef61ea62f_695995297e.output.txt,"the Extract And Move Method operation is successful. | ['[ERROR] COMPILATION ERROR : ', '[ERROR] /workspace/benchmarks/swe-refactor/data/checkstyle/ai_logs/single-agent_copilot_qwen/qwen3_6-flash/_workspaces/benchmark_pip_4d0bcbd1d1_cd8ef61ea62f_695995297e/project/src/it/java/org/checkstyle/base/AbstractItModuleTestSupport.java:[383,45] cannot find symbol', '[ERROR] /workspace/benchmarks/swe-refactor/data/checkstyle/ai_logs/single-agent_copilot_qwen/qwen3_6-flash/_workspaces/benchmark_pip_4d0bcbd1d1_cd8ef61ea62f_695995297e/project/src/it/java/com/google/checkstyle/test/base/AbstractGoogleModuleTestSupport.java:[104,36] getModuleConfig(java.lang.String,java.lang.String) in com.google.checkstyle.test.base.AbstractGoogleModuleTestSupport cannot override getModuleConfig(java.lang.String,java.lang.String) in org.checkstyle.base.AbstractItModuleTestSupport', '[ERROR] /workspace/benchmarks/swe-refactor/data/checkstyle/ai_logs/single-agent_copilot_qwen/qwen3_6-flash/_workspaces/benchmark_pip_4d0bcbd1d1_cd8ef61ea62f_695995297e/project/src/it/java/com/sun/checkstyle/test/base/AbstractSunModuleTestSupport.java:[104,36] getModuleConfig(java.lang.String,java.lang.String) in com.sun.checkstyle.test.base.AbstractSunModuleTestSupport cannot override getModuleConfig(java.lang.String,java.lang.String) in org.checkstyle.base.AbstractItModuleTestSupport', '[ERROR] Failed to execute goal org.apache.maven.plugins:maven-compiler-plugin:3.9.0:testCompile (default-testCompile) on project checkstyle: Compilation failure: Compilation failure: ', '[ERROR] /workspace/benchmarks/swe-refactor/data/checkstyle/ai_logs/single-agent_copilot_qwen/qwen3_6-flash/_workspaces/benchmark_pip_4d0bcbd1d1_cd8ef61ea62f_695995297e/project/src/it/java/org/checkstyle/base/AbstractItModuleTestSupport.java:[383,45] cannot find symbol', '[ERROR]   symbol:   method getModuleConfigs(java.lang.String)', '[ERROR]   location: class org.checkstyle.base.AbstractItModuleTestSupport', '[ERROR] /workspace/benchmarks/swe-refact"
2026-05-15T17:59:45.081389Z,swe,benchmark_pipeline_20260515_155352,single-agent,checkstyle,7a9913aa64f911e41eae958b757e73a5d2f93205_232_247__629_644,success,0,373.8625133037567,2026-05-15T17:59:43Z,,,,,,/workspace/benchmarks/swe-refactor/data/checkstyle/ai_logs/single-agent_copilot_qwen/qwen3_6-flash/benchmark_pip_4d0bcbd1d1_7a9913aa64f9_245cfffaac.terminal.txt,/workspace/outputs/platform/home/.copilot/session-state/38c401d3-4cc5-48dc-afd7-fd8d1bbd4137/events.jsonl,/workspace/benchmarks/swe-refactor/data/checkstyle/ai_logs/single-agent_copilot_qwen/qwen3_6-flash/benchmark_pip_4d0bcbd1d1_7a9913aa64f9_245cfffaac.output.txt,the Move And Rename Method operation is successful. | Build succeeded.
2026-05-15T18:03:05.043533Z,swe,benchmark_pipeline_20260515_155352,single-agent,checkstyle,664227cd5bf9c649847461d8055a7ee573f483e5_99_155_876_886_99_153,failed,0,199.16674423217773,2026-05-15T18:03:04Z,,,,,,/workspace/benchmarks/swe-refactor/data/checkstyle/ai_logs/single-agent_copilot_qwen/qwen3_6-flash/benchmark_pip_4d0bcbd1d1_664227cd5bf9_2ff8c970bf.terminal.txt,/workspace/outputs/platform/home/.copilot/session-state/c35d96ff-fb4c-420f-b994-398631da86c6/events.jsonl,/workspace/benchmarks/swe-refactor/data/checkstyle/ai_logs/single-agent_copilot_qwen/qwen3_6-flash/benchmark_pip_4d0bcbd1d1_664227cd5bf9_2ff8c970bf.output.txt,invalid_swe_output_artifact: missing required original SWE section headers or malformed final SWE output file. | invalid_swe_output_artifact: missing required original SWE section headers or malformed final SWE output file.
2026-05-15T18:07:45.647805Z,swe,benchmark_pipeline_20260515_155352,single-agent,checkstyle,ba76f3e4f33194b0a1d687e95a58395bd9590321_240_254_432_439_262_277,success,0,279.8324246406555,2026-05-15T18:07:44Z,,,,,,/workspace/benchmarks/swe-refactor/data/checkstyle/ai_logs/single-agent_copilot_qwen/qwen3_6-flash/benchmark_pip_4d0bcbd1d1_ba76f3e4f331_c70ce46255.terminal.txt,/workspace/outputs/platform/home/.copilot/session-state/86698106-20e2-43cc-8bd1-2ea7598975a2/events.jsonl,/workspace/benchmarks/swe-refactor/data/checkstyle/ai_logs/single-agent_copilot_qwen/qwen3_6-flash/benchmark_pip_4d0bcbd1d1_ba76f3e4f331_c70ce46255.output.txt,the Extract And Move Method operation is successful. | Build succeeded.
2026-05-15T18:11:32.467831Z,swe,benchmark_pipeline_20260515_155352,single-agent,checkstyle,1a6443b724a3539b000bcaa2ed9f8016b6bb4f38_483_559_135_143_543_618,failed,0,226.11534428596497,2026-05-15T18:11:31Z,,,,,,/workspace/benchmarks/swe-refactor/data/checkstyle/ai_logs/single-agent_copilot_qwen/qwen3_6-flash/benchmark_pip_4d0bcbd1d1_1a6443b724a3_90cb406aec.terminal.txt,/workspace/outputs/platform/home/.copilot/session-state/a56fb08f-c7cf-4cfe-a91b-0ad088c55a0b/events.jsonl,/workspace/benchmarks/swe-refactor/data/checkstyle/ai_logs/single-agent_copilot_qwen/qwen3_6-flash/benchmark_pip_4d0bcbd1d1_1a6443b724a3_90cb406aec.output.txt,"the Extract And Move Method operation is successful. | ['[ERROR] COMPILATION ERROR : ', '[ERROR] /workspace/benchmarks/swe-refactor/data/checkstyle/ai_logs/single-agent_copilot_qwen/qwen3_6-flash/_workspaces/benchmark_pip_4d0bcbd1d1_1a6443b724a3_90cb406aec/project/src/test/java/com/puppycrawl/tools/checkstyle/internal/utils/CheckUtil.java:[402,17] cannot find symbol', '[ERROR] /workspace/benchmarks/swe-refactor/data/checkstyle/ai_logs/single-agent_copilot_qwen/qwen3_6-flash/_workspaces/benchmark_pip_4d0bcbd1d1_1a6443b724a3_90cb406aec/project/src/test/java/com/puppycrawl/tools/checkstyle/internal/utils/CheckUtil.java:[418,17] cannot find symbol', '[ERROR] /workspace/benchmarks/swe-refactor/data/checkstyle/ai_logs/single-agent_copilot_qwen/qwen3_6-flash/_workspaces/benchmark_pip_4d0bcbd1d1_1a6443b724a3_90cb406aec/project/src/test/java/com/puppycrawl/tools/checkstyle/internal/utils/CheckUtil.java:[422,17] cannot find symbol', '[ERROR] /workspace/benchmarks/swe-refactor/data/checkstyle/ai_logs/single-agent_copilot_qwen/qwen3_6-flash/_workspaces/benchmark_pip_4d0bcbd1d1_1a6443b724a3_90cb406aec/project/src/test/java/com/puppycrawl/tools/checkstyle/internal/utils/CheckUtil.java:[426,26] cannot find symbol', '[ERROR] /workspace/benchmarks/swe-refactor/data/checkstyle/ai_logs/single-agent_copilot_qwen/qwen3_6-flash/_workspaces/benchmark_pip_4d0bcbd1d1_1a6443b724a3_90cb406aec/project/src/test/java/com/puppycrawl/tools/checkstyle/internal/utils/CheckUtil.java:[431,21] cannot find symbol', '[ERROR] /workspace/benchmarks/swe-refactor/data/checkstyle/ai_logs/single-agent_copilot_qwen/qwen3_6-flash/_workspaces/benchmark_pip_4d0bcbd1d1_1a6443b724a3_90cb406aec/project/src/test/java/com/puppycrawl/tools/checkstyle/internal/utils/CheckUtil.java:[434,21] cannot find symbol', '[ERROR] /workspace/benchmarks/swe-refactor/data/checkstyle/ai_logs/single-agent_copilot_qwen/qwen3_6-flash/_workspaces/benchmark_pip_4d0bcbd1d1_1a6443b724a3_90cb406aec/project/src/test/java/com/puppycrawl/tools/ch"
2026-05-15T18:13:51.140822Z,swe,benchmark_pipeline_20260515_155352,single-agent,checkstyle,1a6443b724a3539b000bcaa2ed9f8016b6bb4f38_455_481_135_143_516_541,failed,0,138.18453526496887,2026-05-15T18:13:50Z,,,,,,/workspace/benchmarks/swe-refactor/data/checkstyle/ai_logs/single-agent_copilot_qwen/qwen3_6-flash/benchmark_pip_4d0bcbd1d1_1a6443b724a3_88e38863c5.terminal.txt,/workspace/outputs/platform/home/.copilot/session-state/dc68fc8c-3850-47f4-a915-15e0fda0eda3/events.jsonl,/workspace/benchmarks/swe-refactor/data/checkstyle/ai_logs/single-agent_copilot_qwen/qwen3_6-flash/benchmark_pip_4d0bcbd1d1_1a6443b724a3_88e38863c5.output.txt,"Invalid target file path: src/test/java/com/puppycrawl/tools/checkstyle/internal/utils/CheckUtil.java
2026-05-15T18:17:00.664193Z,swe,benchmark_pipeline_20260515_155352,single-agent,checkstyle,1a6443b724a3539b000bcaa2ed9f8016b6bb4f38_412_453_135_143_474_514,failed,0,188.80966997146606,2026-05-15T18:16:59Z,,,,,,/workspace/benchmarks/swe-refactor/data/checkstyle/ai_logs/single-agent_copilot_qwen/qwen3_6-flash/benchmark_pip_4d0bcbd1d1_1a6443b724a3_18bccd524b.terminal.txt,/workspace/outputs/platform/home/.copilot/session-state/ac0b34ee-37a7-4384-a948-4fcc80a767cd/events.jsonl,/workspace/benchmarks/swe-refactor/data/checkstyle/ai_logs/single-agent_copilot_qwen/qwen3_6-flash/benchmark_pip_4d0bcbd1d1_1a6443b724a3_18bccd524b.output.txt,"the Extract And Move Method operation is successful. | ['[ERROR] COMPILATION ERROR : ', '[ERROR] /workspace/benchmarks/swe-refactor/data/checkstyle/ai_logs/single-agent_copilot_qwen/qwen3_6-flash/_workspaces/benchmark_pip_4d0bcbd1d1_1a6443b724a3_18bccd524b/project/src/test/java/com/puppycrawl/tools/checkstyle/internal/utils/XdocUtil.java:[176,71] cannot find symbol', '[ERROR] /workspace/benchmarks/swe-refactor/data/checkstyle/ai_logs/single-agent_copilot_qwen/qwen3_6-flash/_workspaces/benchmark_pip_4d0bcbd1d1_1a6443b724a3_18bccd524b/project/src/test/java/com/puppycrawl/tools/checkstyle/internal/utils/XdocUtil.java:[177,39] cannot find symbol', '[ERROR] Failed to execute goal org.apache.maven.plugins:maven-compiler-plugin:3.8.1:testCompile (default-testCompile) on project checkstyle: Compilation failure: Compilation failure: ', '[ERROR] /workspace/benchmarks/swe-refactor/data/checkstyle/ai_logs/single-agent_copilot_qwen/qwen3_6-flash/_workspaces/benchmark_pip_4d0bcbd1d1_1a6443b724a3_18bccd524b/project/src/test/java/com/puppycrawl/tools/checkstyle/internal/utils/XdocUtil.java:[176,71] cannot find symbol', '[ERROR]   symbol:   variable UTF_8', '[ERROR]   location: class com.puppycrawl.tools.checkstyle.internal.utils.XdocUtil', '[ERROR] /workspace/benchmarks/swe-refactor/data/checkstyle/ai_logs/single-agent_copilot_qwen/qwen3_6-flash/_workspaces/benchmark_pip_4d0bcbd1d1_1a6443b724a3_18bccd524b/project/src/test/java/com/puppycrawl/tools/checkstyle/internal/utils/XdocUtil.java:[177,39] cannot find symbol', '[ERROR]   symbol:   method getRawXml(java.lang.String,java.lang.String,java.lang.String)', '[ERROR]   location: class com.puppycrawl.tools.checkstyle.internal.utils.XdocUtil', '[ERROR] -> [Help 1]', '[ERROR] ', '[ERROR] To see the full stack trace of the errors, re-run Maven with the -e switch.', '[ERROR] Re-run Maven using the -X switch to enable full debug logging.', '[ERROR] ', '[ERROR] For more information about the errors and possible solutions, please read the fo"
2026-05-15T18:19:18.098745Z,swe,benchmark_pipeline_20260515_155352,single-agent,checkstyle,1a6443b724a3539b000bcaa2ed9f8016b6bb4f38_54_77_135_143_54_76,failed,0,136.5891318321228,2026-05-15T18:19:17Z,,,,,,/workspace/benchmarks/swe-refactor/data/checkstyle/ai_logs/single-agent_copilot_qwen/qwen3_6-flash/benchmark_pip_4d0bcbd1d1_1a6443b724a3_5dd12cbf59.terminal.txt,/workspace/outputs/platform/home/.copilot/session-state/6c5104f5-f2e1-47ef-ab66-93b13fc4c38a/events.jsonl,/workspace/benchmarks/swe-refactor/data/checkstyle/ai_logs/single-agent_copilot_qwen/qwen3_6-flash/benchmark_pip_4d0bcbd1d1_1a6443b724a3_5dd12cbf59.output.txt,the code did not perform Extract And Move Method operation. | Build succeeded.
2026-05-15T18:21:37.908951Z,swe,benchmark_pipeline_20260515_155352,single-agent,checkstyle,e2c6e148a92e01b3c6037b33440ee7006f742793_373_383__372_388_79_87,failed,0,138.8451590538025,2026-05-15T18:21:37Z,,,,,,/workspace/benchmarks/swe-refactor/data/checkstyle/ai_logs/single-agent_copilot_qwen/qwen3_6-flash/benchmark_pip_4d0bcbd1d1_e2c6e148a92e_10b63a9249.terminal.txt,/workspace/outputs/platform/home/.copilot/session-state/787418c1-e99e-42ea-8b0b-019aa24a2d92/events.jsonl,/workspace/benchmarks/swe-refactor/data/checkstyle/ai_logs/single-agent_copilot_qwen/qwen3_6-flash/benchmark_pip_4d0bcbd1d1_e2c6e148a92e_10b63a9249.output.txt,"the code did not perform Move And Inline Method operation. | ['[ERROR] COMPILATION ERROR : ', '[ERROR] /workspace/benchmarks/swe-refactor/data/checkstyle/ai_logs/single-agent_copilot_qwen/qwen3_6-flash/_workspaces/benchmark_pip_4d0bcbd1d1_e2c6e148a92e_10b63a9249/project/src/main/java/com/puppycrawl/tools/checkstyle/checks/metrics/AbstractClassCouplingCheck.java:[82,5] illegal start of expression', ""[ERROR] /workspace/benchmarks/swe-refactor/data/checkstyle/ai_logs/single-agent_copilot_qwen/qwen3_6-flash/_workspaces/benchmark_pip_4d0bcbd1d1_e2c6e148a92e_10b63a9249/project/src/main/java/com/puppycrawl/tools/checkstyle/checks/metrics/AbstractClassCouplingCheck.java:[82,12] ')' expected"", ""[ERROR] /workspace/benchmarks/swe-refactor/data/checkstyle/ai_logs/single-agent_copilot_qwen/qwen3_6-flash/_workspaces/benchmark_pip_4d0bcbd1d1_e2c6e148a92e_10b63a9249/project/src/main/java/com/puppycrawl/tools/checkstyle/checks/metrics/AbstractClassCouplingCheck.java:[82,19] ')' expected"", ""[ERROR] /workspace/benchmarks/swe-refactor/data/checkstyle/ai_logs/single-agent_copilot_qwen/qwen3_6-flash/_workspaces/benchmark_pip_4d0bcbd1d1_e2c6e148a92e_10b63a9249/project/src/main/java/com/puppycrawl/tools/checkstyle/checks/metrics/AbstractClassCouplingCheck.java:[82,25] ';' expected"", '[ERROR] /workspace/benchmarks/swe-refactor/data/checkstyle/ai_logs/single-agent_copilot_qwen/qwen3_6-flash/_workspaces/benchmark_pip_4d0bcbd1d1_e2c6e148a92e_10b63a9249/project/src/main/java/com/puppycrawl/tools/checkstyle/checks/metrics/AbstractClassCouplingCheck.java:[82,49] <identifier> expected', '[ERROR] Failed to execute goal org.apache.maven.plugins:maven-compiler-plugin:3.8.1:compile (default-compile) on project checkstyle: Compilation failure: Compilation failure: ', '[ERROR] /workspace/benchmarks/swe-refactor/data/checkstyle/ai_logs/single-agent_copilot_qwen/qwen3_6-flash/_workspaces/benchmark_pip_4d0bcbd1d1_e2c6e148a92e_10b63a9249/project/src/main/java/com/puppycrawl/tools/checkstyle/checks/metrics/A"
2026-05-15T18:27:34.291769Z,swe,benchmark_pipeline_20260515_155352,single-agent,commons-io,7566f557c2fa172d7677fcde06514e8a68356f81_189_209_101_108_189_202,failed,0,350.578711271286,2026-05-15T18:27:33Z,,,,,,/workspace/benchmarks/swe-refactor/data/commons-io/ai_logs/single-agent_copilot_qwen/qwen3_6-flash/benchmark_pip_4d0bcbd1d1_7566f557c2fa_d6271af03e.terminal.txt,/workspace/outputs/platform/home/.copilot/session-state/32993daa-fe4e-423d-a59e-02aa45d7ea65/events.jsonl,/workspace/benchmarks/swe-refactor/data/commons-io/ai_logs/single-agent_copilot_qwen/qwen3_6-flash/benchmark_pip_4d0bcbd1d1_7566f557c2fa_d6271af03e.output.txt,"the Extract And Move Method operation is successful. | ['[ERROR] COMPILATION ERROR : ', '[ERROR] /workspace/benchmarks/swe-refactor/data/commons-io/ai_logs/single-agent_copilot_qwen/qwen3_6-flash/_workspaces/benchmark_pip_4d0bcbd1d1_7566f557c2fa_d6271af03e/project/src/main/java/org/apache/commons/io/filefilter/OrFileFilter.java:[18,40] cannot find symbol', '[ERROR] Failed to execute goal org.apache.maven.plugins:maven-compiler-plugin:3.10.1:compile (default-compile) on project commons-io: Compilation failure', '[ERROR] /workspace/benchmarks/swe-refactor/data/commons-io/ai_logs/single-agent_copilot_qwen/qwen3_6-flash/_workspaces/benchmark_pip_4d0bcbd1d1_7566f557c2fa_d6271af03e/project/src/main/java/org/apache/commons/io/filefilter/OrFileFilter.java:[18,40] cannot find symbol', '[ERROR]   symbol:   class you', '[ERROR]   location: package org.apache.commons.io.filefilter', '[ERROR] ', '[ERROR] -> [Help 1]', '[ERROR] ', '[ERROR] To see the full stack trace of the errors, re-run Maven with the -e switch.', '[ERROR] Re-run Maven using the -X switch to enable full debug logging.', '[ERROR] ', '[ERROR] For more information about the errors and possible solutions, please read the following articles:', '[ERROR] [Help 1] http://cwiki.apache.org/confluence/display/MAVEN/MojoFailureException']"
2026-05-15T18:32:58.824610Z,swe,benchmark_pipeline_20260515_155352,single-agent,commons-io,a8ee7b9defba5ed7c83c1fa06b4020930ea5f00e_185_196_870_883_186_196,failed,0,323.428231716156,2026-05-15T18:32:57Z,,,,,,/workspace/benchmarks/swe-refactor/data/commons-io/ai_logs/single-agent_copilot_qwen/qwen3_6-flash/benchmark_pip_4d0bcbd1d1_a8ee7b9defba_6a43c4099f.terminal.txt,/workspace/outputs/platform/home/.copilot/session-state/502e8e33-1371-41d8-b98b-8bf405405144/events.jsonl,/workspace/benchmarks/swe-refactor/data/commons-io/ai_logs/single-agent_copilot_qwen/qwen3_6-flash/benchmark_pip_4d0bcbd1d1_a8ee7b9defba_6a43c4099f.output.txt,"the Extract And Move Method operation is successful. | ['[ERROR] COMPILATION ERROR : ', '[ERROR] /workspace/benchmarks/swe-refactor/data/commons-io/ai_logs/single-agent_copilot_qwen/qwen3_6-flash/_workspaces/benchmark_pip_4d0bcbd1d1_a8ee7b9defba_6a43c4099f/project/src/main/java/org/apache/commons/io/filefilter/PrefixFileFilter.java:[18,40] cannot find symbol', '[ERROR] Failed to execute goal org.apache.maven.plugins:maven-compiler-plugin:3.11.0:compile (default-compile) on project commons-io: Compilation failure', '[ERROR] /workspace/benchmarks/swe-refactor/data/commons-io/ai_logs/single-agent_copilot_qwen/qwen3_6-flash/_workspaces/benchmark_pip_4d0bcbd1d1_a8ee7b9defba_6a43c4099f/project/src/main/java/org/apache/commons/io/filefilter/PrefixFileFilter.java:[18,40] cannot find symbol', '[ERROR]   symbol:   class MUST', '[ERROR]   location: package org.apache.commons.io.filefilter', '[ERROR] ', '[ERROR] -> [Help 1]', '[ERROR] ', '[ERROR] To see the full stack trace of the errors, re-run Maven with the -e switch.', '[ERROR] Re-run Maven using the -X switch to enable full debug logging.', '[ERROR] ', '[ERROR] For more information about the errors and possible solutions, please read the following articles:', '[ERROR] [Help 1] http://cwiki.apache.org/confluence/display/MAVEN/MojoFailureException']"
2026-05-15T18:43:03.759058Z,swe,benchmark_pipeline_20260515_155352,single-agent,commons-io,7245fbd82735eed3fc5510f8b468b77f1e984fb2_174_198_401_423_522_535,success,0,604.5112798213959,2026-05-15T18:43:03Z,,,,,,/workspace/benchmarks/swe-refactor/data/commons-io/ai_logs/single-agent_copilot_qwen/qwen3_6-flash/benchmark_pip_4d0bcbd1d1_7245fbd82735_989724452a.terminal.txt,/workspace/outputs/platform/home/.copilot/session-state/8a81163f-b040-4555-a8ec-685f1bb98181/events.jsonl,/workspace/benchmarks/swe-refactor/data/commons-io/ai_logs/single-agent_copilot_qwen/qwen3_6-flash/benchmark_pip_4d0bcbd1d1_7245fbd82735_989724452a.output.txt,the Extract And Move Method operation is successful. | Build succeeded.
2026-05-15T18:47:31.983357Z,swe,benchmark_pipeline_20260515_155352,single-agent,commons-io,c1692f43ef5a41328b54bbbcd06285120aff52c3_74_102_709_724_74_101,success,0,267.8005166053772,2026-05-15T18:47:31Z,,,,,,/workspace/benchmarks/swe-refactor/data/commons-io/ai_logs/single-agent_copilot_qwen/qwen3_6-flash/benchmark_pip_4d0bcbd1d1_c1692f43ef5a_5e1f14852e.terminal.txt,/workspace/outputs/platform/home/.copilot/session-state/26e51099-0f2c-4ba2-94b4-bff4b113987c/events.jsonl,/workspace/benchmarks/swe-refactor/data/commons-io/ai_logs/single-agent_copilot_qwen/qwen3_6-flash/benchmark_pip_4d0bcbd1d1_c1692f43ef5a_5e1f14852e.output.txt,the Extract And Move Method operation is successful. | Build succeeded.
2026-05-15T18:52:19.042567Z,swe,benchmark_pipeline_20260515_155352,single-agent,commons-io,b3ce147431dbad1bbd2e91d527560d7d4a1b9def_83_105_3315_3324_85_103,failed,0,286.676650762558,2026-05-15T18:52:18Z,,,,,,/workspace/benchmarks/swe-refactor/data/commons-io/ai_logs/single-agent_copilot_qwen/qwen3_6-flash/benchmark_pip_4d0bcbd1d1_b3ce147431db_6c7219b487.terminal.txt,/workspace/outputs/platform/home/.copilot/session-state/7b40b439-8460-4672-b905-0eb58aec12d7/events.jsonl,/workspace/benchmarks/swe-refactor/data/commons-io/ai_logs/single-agent_copilot_qwen/qwen3_6-flash/benchmark_pip_4d0bcbd1d1_b3ce147431db_6c7219b487.output.txt,"the Extract And Move Method operation is successful. | ['[ERROR] COMPILATION ERROR : ', '[ERROR] /workspace/benchmarks/swe-refactor/data/commons-io/ai_logs/single-agent_copilot_qwen/qwen3_6-flash/_workspaces/benchmark_pip_4d0bcbd1d1_b3ce147431db_6c7219b487/project/src/main/java/org/apache/commons/io/output/ProxyWriter.java:[18,29] cannot find symbol', '[ERROR] /workspace/benchmarks/swe-refactor/data/commons-io/ai_logs/single-agent_copilot_qwen/qwen3_6-flash/_workspaces/benchmark_pip_4d0bcbd1d1_b3ce147431db_6c7219b487/project/src/main/java/org/apache/commons/io/output/ProxyWriter.java:[94,29] cannot find symbol', '[ERROR] Failed to execute goal org.apache.maven.plugins:maven-compiler-plugin:3.8.0:compile (default-compile) on project commons-io: Compilation failure: Compilation failure: ', '[ERROR] /workspace/benchmarks/swe-refactor/data/commons-io/ai_logs/single-agent_copilot_qwen/qwen3_6-flash/_workspaces/benchmark_pip_4d0bcbd1d1_b3ce147431db_6c7219b487/project/src/main/java/org/apache/commons/io/output/ProxyWriter.java:[18,29] cannot find symbol', '[ERROR]   symbol:   class provides', '[ERROR]   location: package org.apache.commons.io', '[ERROR] /workspace/benchmarks/swe-refactor/data/commons-io/ai_logs/single-agent_copilot_qwen/qwen3_6-flash/_workspaces/benchmark_pip_4d0bcbd1d1_b3ce147431db_6c7219b487/project/src/main/java/org/apache/commons/io/output/ProxyWriter.java:[94,29] cannot find symbol', '[ERROR]   symbol:   variable IOUtils', '[ERROR]   location: class org.apache.commons.io.output.ProxyWriter', '[ERROR] -> [Help 1]', '[ERROR] ', '[ERROR] To see the full stack trace of the errors, re-run Maven with the -e switch.', '[ERROR] Re-run Maven using the -X switch to enable full debug logging.', '[ERROR] ', '[ERROR] For more information about the errors and possible solutions, please read the following articles:', '[ERROR] [Help 1] http://cwiki.apache.org/confluence/display/MAVEN/MojoFailureException']"
2026-05-15T18:54:31.192150Z,swe,benchmark_pipeline_20260515_155352,single-agent,commons-io,8a786abb5e2cc04568517f1f8c053578c3e313a6_40_44_54_63_40_44,failed,0,131.78784704208374,2026-05-15T18:54:30Z,,,,,,/workspace/benchmarks/swe-refactor/data/commons-io/ai_logs/single-agent_copilot_qwen/qwen3_6-flash/benchmark_pip_4d0bcbd1d1_8a786abb5e2c_13b8604c11.terminal.txt,/workspace/outputs/platform/home/.copilot/session-state/985b443e-f7af-4c50-957e-bc69f3db58e5/events.jsonl,/workspace/benchmarks/swe-refactor/data/commons-io/ai_logs/single-agent_copilot_qwen/qwen3_6-flash/benchmark_pip_4d0bcbd1d1_8a786abb5e2c_13b8604c11.output.txt,"the Extract And Move Method operation is successful. | ['[ERROR] COMPILATION ERROR : ', '[ERROR] /workspace/benchmarks/swe-refactor/data/commons-io/ai_logs/single-agent_copilot_qwen/qwen3_6-flash/_workspaces/benchmark_pip_4d0bcbd1d1_8a786abb5e2c_13b8604c11/project/src/test/java/org/apache/commons/io/output/CloseShieldWriterTest.java:[18,36] cannot find symbol', '[ERROR] Failed to execute goal org.apache.maven.plugins:maven-compiler-plugin:3.8.1:testCompile (default-testCompile) on project commons-io: Compilation failure', '[ERROR] /workspace/benchmarks/swe-refactor/data/commons-io/ai_logs/single-agent_copilot_qwen/qwen3_6-flash/_workspaces/benchmark_pip_4d0bcbd1d1_8a786abb5e2c_13b8604c11/project/src/test/java/org/apache/commons/io/output/CloseShieldWriterTest.java:[18,36] cannot find symbol', '[ERROR]   symbol:   class is', '[ERROR]   location: package org.apache.commons.io.output', '[ERROR] ', '[ERROR] -> [Help 1]', '[ERROR] ', '[ERROR] To see the full stack trace of the errors, re-run Maven with the -e switch.', '[ERROR] Re-run Maven using the -X switch to enable full debug logging.', '[ERROR] ', '[ERROR] For more information about the errors and possible solutions, please read the following articles:', '[ERROR] [Help 1] http://cwiki.apache.org/confluence/display/MAVEN/MojoFailureException']"
2026-05-15T18:55:45.135598Z,swe,benchmark_pipeline_20260515_155352,single-agent,commons-io,8a786abb5e2cc04568517f1f8c053578c3e313a6_40_50_57_67_40_50,failed,0,73.591463804245,2026-05-15T18:55:44Z,,,,,,/workspace/benchmarks/swe-refactor/data/commons-io/ai_logs/single-agent_copilot_qwen/qwen3_6-flash/benchmark_pip_4d0bcbd1d1_8a786abb5e2c_8c9b4bdacb.terminal.txt,/workspace/outputs/platform/home/.copilot/session-state/fa9e1fc0-5382-4e24-8d27-207545cf1b91/events.jsonl,/workspace/benchmarks/swe-refactor/data/commons-io/ai_logs/single-agent_copilot_qwen/qwen3_6-flash/benchmark_pip_4d0bcbd1d1_8a786abb5e2c_8c9b4bdacb.output.txt,"the code did not perform Extract And Move Method operation. | ['[ERROR] COMPILATION ERROR : ', '[ERROR] /workspace/benchmarks/swe-refactor/data/commons-io/ai_logs/single-agent_copilot_qwen/qwen3_6-flash/_workspaces/benchmark_pip_4d0bcbd1d1_8a786abb5e2c_8c9b4bdacb/project/src/test/java/org/apache/commons/io/output/CloseShieldOutputStreamTest.java:[18,35] <identifier> expected', '[ERROR] Failed to execute goal org.apache.maven.plugins:maven-compiler-plugin:3.8.1:testCompile (default-testCompile) on project commons-io: Compilation failure', '[ERROR] /workspace/benchmarks/swe-refactor/data/commons-io/ai_logs/single-agent_copilot_qwen/qwen3_6-flash/_workspaces/benchmark_pip_4d0bcbd1d1_8a786abb5e2c_8c9b4bdacb/project/src/test/java/org/apache/commons/io/output/CloseShieldOutputStreamTest.java:[18,35] <identifier> expected', '[ERROR] ', '[ERROR] -> [Help 1]', '[ERROR] ', '[ERROR] To see the full stack trace of the errors, re-run Maven with the -e switch.', '[ERROR] Re-run Maven using the -X switch to enable full debug logging.', '[ERROR] ', '[ERROR] For more information about the errors and possible solutions, please read the following articles:', '[ERROR] [Help 1] http://cwiki.apache.org/confluence/display/MAVEN/MojoFailureException']"
2026-05-15T18:58:10.030441Z,swe,benchmark_pipeline_20260515_155352,single-agent,commons-io,8a786abb5e2cc04568517f1f8c053578c3e313a6_42_53_57_67_42_53,failed,0,144.45009994506836,2026-05-15T18:58:09Z,,,,,,/workspace/benchmarks/swe-refactor/data/commons-io/ai_logs/single-agent_copilot_qwen/qwen3_6-flash/benchmark_pip_4d0bcbd1d1_8a786abb5e2c_12421072f4.terminal.txt,/workspace/outputs/platform/home/.copilot/session-state/2863d9c7-bb29-48e5-85ac-7ab95aee5494/events.jsonl,/workspace/benchmarks/swe-refactor/data/commons-io/ai_logs/single-agent_copilot_qwen/qwen3_6-flash/benchmark_pip_4d0bcbd1d1_8a786abb5e2c_12421072f4.output.txt,"the code did not perform Extract And Move Method operation. | ['[ERROR] COMPILATION ERROR : ', '[ERROR] /workspace/benchmarks/swe-refactor/data/commons-io/ai_logs/single-agent_copilot_qwen/qwen3_6-flash/_workspaces/benchmark_pip_4d0bcbd1d1_8a786abb5e2c_12421072f4/project/src/test/java/org/apache/commons/io/input/CloseShieldInputStreamTest.java:[18,35] <identifier> expected', '[ERROR] Failed to execute goal org.apache.maven.plugins:maven-compiler-plugin:3.8.1:testCompile (default-testCompile) on project commons-io: Compilation failure', '[ERROR] /workspace/benchmarks/swe-refactor/data/commons-io/ai_logs/single-agent_copilot_qwen/qwen3_6-flash/_workspaces/benchmark_pip_4d0bcbd1d1_8a786abb5e2c_12421072f4/project/src/test/java/org/apache/commons/io/input/CloseShieldInputStreamTest.java:[18,35] <identifier> expected', '[ERROR] ', '[ERROR] -> [Help 1]', '[ERROR] ', '[ERROR] To see the full stack trace of the errors, re-run Maven with the -e switch.', '[ERROR] Re-run Maven using the -X switch to enable full debug logging.', '[ERROR] ', '[ERROR] For more information about the errors and possible solutions, please read the following articles:', '[ERROR] [Help 1] http://cwiki.apache.org/confluence/display/MAVEN/MojoFailureException']"
2026-05-15T19:00:00.507749Z,swe,benchmark_pipeline_20260515_155352,single-agent,commons-io,0d84f279d6dd6486b581acf2ea2ad212530e16fc_126_145_120_126_126_141,failed,0,110.00981044769287,2026-05-15T19:00:00Z,,,,,,/workspace/benchmarks/swe-refactor/data/commons-io/ai_logs/single-agent_copilot_qwen/qwen3_6-flash/benchmark_pip_4d0bcbd1d1_0d84f279d6dd_0b56446606.terminal.txt,/workspace/outputs/platform/home/.copilot/session-state/e3ec3670-e496-4361-9fd4-4eaab7e60505/events.jsonl,/workspace/benchmarks/swe-refactor/data/commons-io/ai_logs/single-agent_copilot_qwen/qwen3_6-flash/benchmark_pip_4d0bcbd1d1_0d84f279d6dd_0b56446606.output.txt,"the Extract And Move Method operation is successful. | ['[ERROR] COMPILATION ERROR : ', '[ERROR] /workspace/benchmarks/swe-refactor/data/commons-io/ai_logs/single-agent_copilot_qwen/qwen3_6-flash/_workspaces/benchmark_pip_4d0bcbd1d1_0d84f279d6dd_0b56446606/project/src/main/java/org/apache/commons/io/filefilter/SizeFileFilter.java:[18,40] cannot find symbol', '[ERROR] /workspace/benchmarks/swe-refactor/data/commons-io/ai_logs/single-agent_copilot_qwen/qwen3_6-flash/_workspaces/benchmark_pip_4d0bcbd1d1_0d84f279d6dd_0b56446606/project/src/main/java/org/apache/commons/io/filefilter/FileFilterUtils.java:[775,51] no suitable method found for accept(long)', '[ERROR] Failed to execute goal org.apache.maven.plugins:maven-compiler-plugin:3.10.1:compile (default-compile) on project commons-io: Compilation failure: Compilation failure: ', '[ERROR] /workspace/benchmarks/swe-refactor/data/commons-io/ai_logs/single-agent_copilot_qwen/qwen3_6-flash/_workspaces/benchmark_pip_4d0bcbd1d1_0d84f279d6dd_0b56446606/project/src/main/java/org/apache/commons/io/filefilter/SizeFileFilter.java:[18,40] cannot find symbol', '[ERROR]   symbol:   class you', '[ERROR]   location: package org.apache.commons.io.filefilter', '[ERROR] /workspace/benchmarks/swe-refactor/data/commons-io/ai_logs/single-agent_copilot_qwen/qwen3_6-flash/_workspaces/benchmark_pip_4d0bcbd1d1_0d84f279d6dd_0b56446606/project/src/main/java/org/apache/commons/io/filefilter/FileFilterUtils.java:[775,51] no suitable method found for accept(long)', '[ERROR]     method org.apache.commons.io.filefilter.SizeFileFilter.accept(java.io.File) is not applicable', '[ERROR]       (argument mismatch; long cannot be converted to java.io.File)', '[ERROR]     method org.apache.commons.io.filefilter.SizeFileFilter.accept(long) is not applicable', '[ERROR]       (accept(long) has private access in org.apache.commons.io.filefilter.SizeFileFilter)', '[ERROR] -> [Help 1]', '[ERROR] ', '[ERROR] To see the full stack trace of the errors, re-run Maven wi"
2026-05-15T19:00:12.042154Z,swe,benchmark_pipeline_20260515_155352,single-agent,commons-lang,479532b83db2d7b228e4128f2db02233f91e6e91_7804_7836_1414_1448_7804_7830,failed,0,6.485489368438721,2026-05-15T19:00:11Z,,,,,,/workspace/benchmarks/swe-refactor/data/commons-lang/ai_logs/single-agent_copilot_qwen/qwen3_6-flash/benchmark_pip_4d0bcbd1d1_479532b83db2_55a6ac1edd.terminal.txt,/workspace/outputs/platform/home/.copilot/session-state/e3ec3670-e496-4361-9fd4-4eaab7e60505/events.jsonl,/workspace/benchmarks/swe-refactor/data/commons-lang/ai_logs/single-agent_copilot_qwen/qwen3_6-flash/benchmark_pip_4d0bcbd1d1_479532b83db2_55a6ac1edd.output.txt,Invalid target file path: | Invalid target file path:
2026-05-15T19:00:20.032536Z,swe,benchmark_pipeline_20260515_155352,single-agent,commons-lang,cdddb82e12ef7b2cc770125e930bde040b032213_5872_5905_1044_1086_5871_5906,failed,0,6.6940765380859375,2026-05-15T19:00:18Z,,,,,,/workspace/benchmarks/swe-refactor/data/commons-lang/ai_logs/single-agent_copilot_qwen/qwen3_6-flash/benchmark_pip_4d0bcbd1d1_cdddb82e12ef_6643a65be1.terminal.txt,/workspace/outputs/platform/home/.copilot/session-state/e3ec3670-e496-4361-9fd4-4eaab7e60505/events.jsonl,/workspace/benchmarks/swe-refactor/data/commons-lang/ai_logs/single-agent_copilot_qwen/qwen3_6-flash/benchmark_pip_4d0bcbd1d1_cdddb82e12ef_6643a65be1.output.txt,Invalid target file path: | Invalid target file path:
2026-05-15T19:00:26.550687Z,swe,benchmark_pipeline_20260515_155352,single-agent,commons-lang,cdddb82e12ef7b2cc770125e930bde040b032213_5681_5709_1044_1086_5681_5708,failed,0,5.31361985206604,2026-05-15T19:00:25Z,,,,,,/workspace/benchmarks/swe-refactor/data/commons-lang/ai_logs/single-agent_copilot_qwen/qwen3_6-flash/benchmark_pip_4d0bcbd1d1_cdddb82e12ef_6a45fd5ac2.terminal.txt,/workspace/outputs/platform/home/.copilot/session-state/e3ec3670-e496-4361-9fd4-4eaab7e60505/events.jsonl,/workspace/benchmarks/swe-refactor/data/commons-lang/ai_logs/single-agent_copilot_qwen/qwen3_6-flash/benchmark_pip_4d0bcbd1d1_cdddb82e12ef_6a45fd5ac2.output.txt,Invalid target file path: | Invalid target file path:
2026-05-15T19:00:31.497828Z,swe,benchmark_pipeline_20260515_155352,single-agent,commons-lang,e4c03c5e38b3e2550da7a1f9084d93dad32386ef_1694_1725_600_634_1694_1719,failed,0,4.5594587326049805,2026-05-15T19:00:31Z,,,,,,/workspace/benchmarks/swe-refactor/data/commons-lang/ai_logs/single-agent_copilot_qwen/qwen3_6-flash/benchmark_pip_4d0bcbd1d1_e4c03c5e38b3_358cf8e4ca.terminal.txt,/workspace/outputs/platform/home/.copilot/session-state/e3ec3670-e496-4361-9fd4-4eaab7e60505/events.jsonl,/workspace/benchmarks/swe-refactor/data/commons-lang/ai_logs/single-agent_copilot_qwen/qwen3_6-flash/benchmark_pip_4d0bcbd1d1_e4c03c5e38b3_358cf8e4ca.output.txt,Invalid target file path: | Invalid target file path:
2026-05-15T19:11:32.129780Z,swe,benchmark_pipeline_20260515_155352,single-agent,guava,a9c3d3ac68223c83a98022eb88bbcf0f14a66863_75_92__218_235,failed,0,656.0329005718231,2026-05-15T19:11:30Z,,,,,,/workspace/benchmarks/swe-refactor/data/guava/ai_logs/single-agent_copilot_qwen/qwen3_6-flash/benchmark_pip_4d0bcbd1d1_a9c3d3ac6822_2d5245e3f3.terminal.txt,/workspace/outputs/platform/home/.copilot/session-state/6fcc1f16-bd98-4d80-b8c9-baaf8a2ea9e3/events.jsonl,/workspace/benchmarks/swe-refactor/data/guava/ai_logs/single-agent_copilot_qwen/qwen3_6-flash/benchmark_pip_4d0bcbd1d1_a9c3d3ac6822_2d5245e3f3.output.txt,"the Move And Rename Method operation is successful. | ['[ERROR] COMPILATION ERROR : ', '[ERROR] /workspace/benchmarks/swe-refactor/data/guava/ai_logs/single-agent_copilot_qwen/qwen3_6-flash/_workspaces/benchmark_pip_4d0bcbd1d1_a9c3d3ac6822_2d5245e3f3/project/guava-tests/test/com/google/common/util/concurrent/AbstractIdleServiceTest.java:[244,13] cannot find symbol', '[ERROR] /workspace/benchmarks/swe-refactor/data/guava/ai_logs/single-agent_copilot_qwen/qwen3_6-flash/_workspaces/benchmark_pip_4d0bcbd1d1_a9c3d3ac6822_2d5245e3f3/project/guava-tests/test/com/google/common/util/concurrent/AbstractIdleServiceTest.java:[245,11] method does not override or implement a method from a supertype', '[ERROR] Failed to execute goal org.apache.maven.plugins:maven-compiler-plugin:3.8.1:testCompile (default-testCompile) on project guava-tests: Compilation failure: Compilation failure: ', '[ERROR] /workspace/benchmarks/swe-refactor/data/guava/ai_logs/single-agent_copilot_qwen/qwen3_6-flash/_workspaces/benchmark_pip_4d0bcbd1d1_a9c3d3ac6822_2d5245e3f3/project/guava-tests/test/com/google/common/util/concurrent/AbstractIdleServiceTest.java:[244,13] cannot find symbol', '[ERROR]   symbol:   class DefaultService', '[ERROR]   location: class com.google.common.util.concurrent.AbstractIdleServiceTest', '[ERROR] /workspace/benchmarks/swe-refactor/data/guava/ai_logs/single-agent_copilot_qwen/qwen3_6-flash/_workspaces/benchmark_pip_4d0bcbd1d1_a9c3d3ac6822_2d5245e3f3/project/guava-tests/test/com/google/common/util/concurrent/AbstractIdleServiceTest.java:[245,11] method does not override or implement a method from a supertype', '[ERROR] -> [Help 1]', '[ERROR] ', '[ERROR] To see the full stack trace of the errors, re-run Maven with the -e switch.', '[ERROR] Re-run Maven using the -X switch to enable full debug logging.', '[ERROR] ', '[ERROR] For more information about the errors and possible solutions, please read the following articles:', '[ERROR] [Help 1] http://cwiki.apache.org/confluence/displa"
2026-05-15T19:17:50.043419Z,swe,benchmark_pipeline_20260515_155352,single-agent,guava,a9c3d3ac68223c83a98022eb88bbcf0f14a66863_57_73__200_216,failed,0,376.78697323799133,2026-05-15T19:17:48Z,,,,,,/workspace/benchmarks/swe-refactor/data/guava/ai_logs/single-agent_copilot_qwen/qwen3_6-flash/benchmark_pip_4d0bcbd1d1_a9c3d3ac6822_1e2386a18f.terminal.txt,/workspace/outputs/platform/home/.copilot/session-state/898c80a9-1124-45a2-b36b-2488f52d4bed/events.jsonl,/workspace/benchmarks/swe-refactor/data/guava/ai_logs/single-agent_copilot_qwen/qwen3_6-flash/benchmark_pip_4d0bcbd1d1_a9c3d3ac6822_1e2386a18f.output.txt,"the code did not perform Move And Rename Method operation. | ['[ERROR] COMPILATION ERROR : ', '[ERROR] /workspace/benchmarks/swe-refactor/data/guava/ai_logs/single-agent_copilot_qwen/qwen3_6-flash/_workspaces/benchmark_pip_4d0bcbd1d1_a9c3d3ac6822_1e2386a18f/project/guava-tests/test/com/google/common/util/concurrent/AbstractIdleServiceTest.java:[257,1] illegal start of type', '[ERROR] /workspace/benchmarks/swe-refactor/data/guava/ai_logs/single-agent_copilot_qwen/qwen3_6-flash/_workspaces/benchmark_pip_4d0bcbd1d1_a9c3d3ac6822_1e2386a18f/project/guava-tests/test/com/google/common/util/concurrent/AbstractIdleServiceTest.java:[257,42] <identifier> expected', '[ERROR] /workspace/benchmarks/swe-refactor/data/guava/ai_logs/single-agent_copilot_qwen/qwen3_6-flash/_workspaces/benchmark_pip_4d0bcbd1d1_a9c3d3ac6822_1e2386a18f/project/guava-tests/test/com/google/common/util/concurrent/AbstractIdleServiceTest.java:[259,1] illegal start of type', '[ERROR] /workspace/benchmarks/swe-refactor/data/guava/ai_logs/single-agent_copilot_qwen/qwen3_6-flash/_workspaces/benchmark_pip_4d0bcbd1d1_a9c3d3ac6822_1e2386a18f/project/guava-tests/test/com/google/common/util/concurrent/AbstractIdleServiceTest.java:[259,55] <identifier> expected', '[ERROR] /workspace/benchmarks/swe-refactor/data/guava/ai_logs/single-agent_copilot_qwen/qwen3_6-flash/_workspaces/benchmark_pip_4d0bcbd1d1_a9c3d3ac6822_1e2386a18f/project/guava-tests/test/com/google/common/util/concurrent/AbstractIdleServiceTest.java:[260,1] illegal start of type', '[ERROR] /workspace/benchmarks/swe-refactor/data/guava/ai_logs/single-agent_copilot_qwen/qwen3_6-flash/_workspaces/benchmark_pip_4d0bcbd1d1_a9c3d3ac6822_1e2386a18f/project/guava-tests/test/com/google/common/util/concurrent/AbstractIdleServiceTest.java:[260,77] <identifier> expected', '[ERROR] /workspace/benchmarks/swe-refactor/data/guava/ai_logs/single-agent_copilot_qwen/qwen3_6-flash/_workspaces/benchmark_pip_4d0bcbd1d1_a9c3d3ac6822_1e2386a18f/project/guava-tests/test/com/google"
2026-05-15T19:27:47.068376Z,swe,benchmark_pipeline_20260515_155352,single-agent,guava,a9c3d3ac68223c83a98022eb88bbcf0f14a66863_49_55__192_198,failed,0,595.7167038917542,2026-05-15T19:27:45Z,,,,,,/workspace/benchmarks/swe-refactor/data/guava/ai_logs/single-agent_copilot_qwen/qwen3_6-flash/benchmark_pip_4d0bcbd1d1_a9c3d3ac6822_0bbcd6b55b.terminal.txt,/workspace/outputs/platform/home/.copilot/session-state/c2c9f8e1-197d-4f4c-9198-5125f72ee70b/events.jsonl,/workspace/benchmarks/swe-refactor/data/guava/ai_logs/single-agent_copilot_qwen/qwen3_6-flash/benchmark_pip_4d0bcbd1d1_a9c3d3ac6822_0bbcd6b55b.output.txt,"the code did not perform Move And Rename Method operation. | ['[ERROR] Failed to execute goal org.apache.maven.plugins:maven-dependency-plugin:3.1.1:unpack-dependencies (unpack-failureaccess-sources) on project guava-gwt: Execution unpack-failureaccess-sources of goal org.apache.maven.plugins:maven-dependency-plugin:3.1.1:unpack-dependencies failed: Plugin org.apache.maven.plugins:maven-dependency-plugin:3.1.1 or one of its dependencies could not be resolved:', '[ERROR] \tCould not find artifact com.google.guava:guava:jar:sources:HEAD-jre-SNAPSHOT in sonatype-snapshots (https://oss.sonatype.org/content/repositories/snapshots/)', '[ERROR] \tCould not find artifact com.google.guava:guava:jar:sources:HEAD-jre-SNAPSHOT in apache.snapshots (https://repository.apache.org/snapshots)', '[ERROR] \tCould not find artifact com.google.guava:guava-testlib:jar:sources:HEAD-jre-SNAPSHOT in sonatype-snapshots (https://oss.sonatype.org/content/repositories/snapshots/)', '[ERROR] \tCould not find artifact com.google.guava:guava-testlib:jar:sources:HEAD-jre-SNAPSHOT in apache.snapshots (https://repository.apache.org/snapshots)', '[ERROR] \tCould not find artifact com.google.guava:guava-testlib:jar:test-sources:HEAD-jre-SNAPSHOT in sonatype-snapshots (https://oss.sonatype.org/content/repositories/snapshots/)', '[ERROR] \tCould not find artifact com.google.guava:guava-testlib:jar:test-sources:HEAD-jre-SNAPSHOT in apache.snapshots (https://repository.apache.org/snapshots)', '[ERROR] \tCould not find artifact com.google.guava:guava-tests:jar:test-sources:HEAD-jre-SNAPSHOT in sonatype-snapshots (https://oss.sonatype.org/content/repositories/snapshots/)', '[ERROR] \tCould not find artifact com.google.guava:guava-tests:jar:test-sources:HEAD-jre-SNAPSHOT in apache.snapshots (https://repository.apache.org/snapshots)', '[ERROR] ', '[ERROR] -> [Help 1]', '[ERROR] ', '[ERROR] To see the full stack trace of the errors, re-run Maven with the -e switch.', '[ERROR] Re-run Maven using the -X switch to"
2026-05-15T19:30:22.209421Z,swe,benchmark_pipeline_20260515_155352,single-agent,guava,b03067f2c78b2352cba8f5136c9aa0be667068a5_97_106__185_194,failed,0,154.64383840560913,2026-05-15T19:30:21Z,,,,,,/workspace/benchmarks/swe-refactor/data/guava/ai_logs/single-agent_copilot_qwen/qwen3_6-flash/benchmark_pip_4d0bcbd1d1_b03067f2c78b_4aab4d9c52.terminal.txt,/workspace/outputs/platform/home/.copilot/session-state/ffddaba9-071b-423a-bfe9-d2c237c37489/events.jsonl,/workspace/benchmarks/swe-refactor/data/guava/ai_logs/single-agent_copilot_qwen/qwen3_6-flash/benchmark_pip_4d0bcbd1d1_b03067f2c78b_4aab4d9c52.output.txt,invalid_swe_output_artifact: missing required original SWE section headers or malformed final SWE output file. | invalid_swe_output_artifact: missing required original SWE section headers or malformed final SWE output file.
2026-05-15T19:32:18.428420Z,swe,benchmark_pipeline_20260515_155352,single-agent,guava,b03067f2c78b2352cba8f5136c9aa0be667068a5_88_93__164_168,failed,0,115.7633626461029,2026-05-15T19:32:17Z,,,,,,/workspace/benchmarks/swe-refactor/data/guava/ai_logs/single-agent_copilot_qwen/qwen3_6-flash/benchmark_pip_4d0bcbd1d1_b03067f2c78b_b181276a54.terminal.txt,/workspace/outputs/platform/home/.copilot/session-state/54a93360-c0e4-48ee-959f-b0b672057de8/events.jsonl,/workspace/benchmarks/swe-refactor/data/guava/ai_logs/single-agent_copilot_qwen/qwen3_6-flash/benchmark_pip_4d0bcbd1d1_b03067f2c78b_b181276a54.output.txt,Moved method must be public static. | Moved method must be public static.
2026-05-15T19:40:42.569053Z,swe,benchmark_pipeline_20260515_155352,single-agent,guava,b007d6db4ab71c5fc94623cac6eb8a90e227ff3a_607_637_28_30_608_637,failed,0,502.8084213733673,2026-05-15T19:40:41Z,,,,,,/workspace/benchmarks/swe-refactor/data/guava/ai_logs/single-agent_copilot_qwen/qwen3_6-flash/benchmark_pip_4d0bcbd1d1_b007d6db4ab7_6ae1a66439.terminal.txt,/workspace/outputs/platform/home/.copilot/session-state/f5618f5a-f253-4a51-8cad-5dc854fae9f8/events.jsonl,/workspace/benchmarks/swe-refactor/data/guava/ai_logs/single-agent_copilot_qwen/qwen3_6-flash/benchmark_pip_4d0bcbd1d1_b007d6db4ab7_6ae1a66439.output.txt,"the Extract And Move Method operation is successful. | ['[ERROR] COMPILATION ERROR : ', '[ERROR] /workspace/benchmarks/swe-refactor/data/guava/ai_logs/single-agent_copilot_qwen/qwen3_6-flash/_workspaces/benchmark_pip_4d0bcbd1d1_b007d6db4ab7_6ae1a66439/project/guava-tests/test/com/google/common/math/MathTesting.java:[324,35] cannot find symbol', '[ERROR] /workspace/benchmarks/swe-refactor/data/guava/ai_logs/single-agent_copilot_qwen/qwen3_6-flash/_workspaces/benchmark_pip_4d0bcbd1d1_b007d6db4ab7_6ae1a66439/project/guava-tests/test/com/google/common/math/MathTesting.java:[326,11] cannot find symbol', '[ERROR] /workspace/benchmarks/swe-refactor/data/guava/ai_logs/single-agent_copilot_qwen/qwen3_6-flash/_workspaces/benchmark_pip_4d0bcbd1d1_b007d6db4ab7_6ae1a66439/project/guava-tests/test/com/google/common/math/MathTesting.java:[327,11] cannot find symbol', '[ERROR] /workspace/benchmarks/swe-refactor/data/guava/ai_logs/single-agent_copilot_qwen/qwen3_6-flash/_workspaces/benchmark_pip_4d0bcbd1d1_b007d6db4ab7_6ae1a66439/project/guava-tests/test/com/google/common/math/MathTesting.java:[330,13] cannot find symbol', '[ERROR] Failed to execute goal org.apache.maven.plugins:maven-compiler-plugin:3.6.1:testCompile (default-testCompile) on project guava-tests: Compilation failure: Compilation failure: ', '[ERROR] /workspace/benchmarks/swe-refactor/data/guava/ai_logs/single-agent_copilot_qwen/qwen3_6-flash/_workspaces/benchmark_pip_4d0bcbd1d1_b007d6db4ab7_6ae1a66439/project/guava-tests/test/com/google/common/math/MathTesting.java:[324,35] cannot find symbol', '[ERROR]   symbol:   method fitsInLong(java.math.BigInteger)', '[ERROR]   location: class com.google.common.math.MathTesting', '[ERROR] /workspace/benchmarks/swe-refactor/data/guava/ai_logs/single-agent_copilot_qwen/qwen3_6-flash/_workspaces/benchmark_pip_4d0bcbd1d1_b007d6db4ab7_6ae1a66439/project/guava-tests/test/com/google/common/math/MathTesting.java:[326,11] cannot find symbol', '[ERROR]   symbol:   method assertEquals(lo"
2026-05-15T19:54:33.139780Z,swe,benchmark_pipeline_20260515_155352,single-agent,guava,ee9ac70a9296645b3f883773eb950961bb12f0d0_586_596_60_62_588_598,failed,0,829.8873946666718,2026-05-15T19:54:32Z,,,,,,/workspace/benchmarks/swe-refactor/data/guava/ai_logs/single-agent_copilot_qwen/qwen3_6-flash/benchmark_pip_4d0bcbd1d1_ee9ac70a9296_077852c28a.terminal.txt,/workspace/outputs/platform/home/.copilot/session-state/b2452b33-60ce-4d33-8e45-0acef1df3ed1/events.jsonl,/workspace/benchmarks/swe-refactor/data/guava/ai_logs/single-agent_copilot_qwen/qwen3_6-flash/benchmark_pip_4d0bcbd1d1_ee9ac70a9296_077852c28a.output.txt,"the Extract And Move Method operation is successful. | ['[ERROR] Failed to execute goal org.apache.maven.plugins:maven-dependency-plugin:2.10:unpack-dependencies (unpack-guava-sources) on project guava-gwt: Execution unpack-guava-sources of goal org.apache.maven.plugins:maven-dependency-plugin:2.10:unpack-dependencies failed: Plugin org.apache.maven.plugins:maven-dependency-plugin:2.10 or one of its dependencies could not be resolved:', '[ERROR] \tcom.google.guava:guava:jar:sources:HEAD-jre-SNAPSHOT was not found in https://oss.sonatype.org/content/repositories/snapshots/ during a previous attempt. This failure was cached in the local repository and resolution is not reattempted until the update interval of sonatype-snapshots has elapsed or updates are forced', '[ERROR] \tCould not transfer artifact com.google.guava:guava:jar:sources:HEAD-jre-SNAPSHOT from/to maven-default-http-blocker (http://0.0.0.0/): Blocked mirror for repositories: [apache.snapshots (http://repository.apache.org/snapshots, default, snapshots)]', '[ERROR] \tcom.google.guava:guava-testlib:jar:sources:HEAD-jre-SNAPSHOT was not found in https://oss.sonatype.org/content/repositories/snapshots/ during a previous attempt. This failure was cached in the local repository and resolution is not reattempted until the update interval of sonatype-snapshots has elapsed or updates are forced', '[ERROR] \tCould not transfer artifact com.google.guava:guava-testlib:jar:sources:HEAD-jre-SNAPSHOT from/to maven-default-http-blocker (http://0.0.0.0/): Blocked mirror for repositories: [apache.snapshots (http://repository.apache.org/snapshots, default, snapshots)]', '[ERROR] \tcom.google.guava:guava-testlib:jar:test-sources:HEAD-jre-SNAPSHOT was not found in https://oss.sonatype.org/content/repositories/snapshots/ during a previous attempt. This failure was cached in the local repository and resolution is not reattempted until the update interval of sonatype-snapshots has elapsed or updates are forced', '[ERROR] \tCoul"
2026-05-15T19:59:19.572727Z,swe,benchmark_pipeline_20260515_155352,single-agent,guava,ee9ac70a9296645b3f883773eb950961bb12f0d0_568_584_56_58_570_586,failed,0,285.7390549182892,2026-05-15T19:59:18Z,,,,,,/workspace/benchmarks/swe-refactor/data/guava/ai_logs/single-agent_copilot_qwen/qwen3_6-flash/benchmark_pip_4d0bcbd1d1_ee9ac70a9296_812fbcfb85.terminal.txt,/workspace/outputs/platform/home/.copilot/session-state/2fcc409c-0bd8-450e-b582-ae4c687a2cf5/events.jsonl,/workspace/benchmarks/swe-refactor/data/guava/ai_logs/single-agent_copilot_qwen/qwen3_6-flash/benchmark_pip_4d0bcbd1d1_ee9ac70a9296_812fbcfb85.output.txt,"the Extract And Move Method operation is successful. | ['[ERROR] Failed to execute goal org.apache.maven.plugins:maven-dependency-plugin:2.10:unpack-dependencies (unpack-guava-sources) on project guava-gwt: Execution unpack-guava-sources of goal org.apache.maven.plugins:maven-dependency-plugin:2.10:unpack-dependencies failed: Plugin org.apache.maven.plugins:maven-dependency-plugin:2.10 or one of its dependencies could not be resolved:', '[ERROR] \tcom.google.guava:guava:jar:sources:HEAD-jre-SNAPSHOT was not found in https://oss.sonatype.org/content/repositories/snapshots/ during a previous attempt. This failure was cached in the local repository and resolution is not reattempted until the update interval of sonatype-snapshots has elapsed or updates are forced', '[ERROR] \tCould not transfer artifact com.google.guava:guava:jar:sources:HEAD-jre-SNAPSHOT from/to maven-default-http-blocker (http://0.0.0.0/): Blocked mirror for repositories: [apache.snapshots (http://repository.apache.org/snapshots, default, snapshots)]', '[ERROR] \tcom.google.guava:guava-testlib:jar:sources:HEAD-jre-SNAPSHOT was not found in https://oss.sonatype.org/content/repositories/snapshots/ during a previous attempt. This failure was cached in the local repository and resolution is not reattempted until the update interval of sonatype-snapshots has elapsed or updates are forced', '[ERROR] \tCould not transfer artifact com.google.guava:guava-testlib:jar:sources:HEAD-jre-SNAPSHOT from/to maven-default-http-blocker (http://0.0.0.0/): Blocked mirror for repositories: [apache.snapshots (http://repository.apache.org/snapshots, default, snapshots)]', '[ERROR] \tcom.google.guava:guava-testlib:jar:test-sources:HEAD-jre-SNAPSHOT was not found in https://oss.sonatype.org/content/repositories/snapshots/ during a previous attempt. This failure was cached in the local repository and resolution is not reattempted until the update interval of sonatype-snapshots has elapsed or updates are forced', '[ERROR] \tCoul"
2026-05-15T19:59:53.162687Z,swe,benchmark_pipeline_20260515_155352,single-agent,hibernate-orm,96cba56591e3e8c6dabaf35d954bd5911b1471ae_123_224_87_97_128_191,failed,0,28.043619394302368,2026-05-15T19:59:51Z,,,,,,/workspace/benchmarks/swe-refactor/data/hibernate-orm/ai_logs/single-agent_copilot_qwen/qwen3_6-flash/benchmark_pip_4d0bcbd1d1_96cba56591e3_b5e5c233ff.terminal.txt,/workspace/outputs/platform/home/.copilot/session-state/2fcc409c-0bd8-450e-b582-ae4c687a2cf5/events.jsonl,/workspace/benchmarks/swe-refactor/data/hibernate-orm/ai_logs/single-agent_copilot_qwen/qwen3_6-flash/benchmark_pip_4d0bcbd1d1_96cba56591e3_b5e5c233ff.output.txt,Invalid target file path: | Invalid target file path:
2026-05-15T20:00:25.581502Z,swe,benchmark_pipeline_20260515_155352,single-agent,hibernate-orm,2f7052c0ce5114e492c7dc4e4b8abd5283b2fe13_43_121_50_53_40_94,failed,0,31.363500356674194,2026-05-15T20:00:24Z,,,,,,/workspace/benchmarks/swe-refactor/data/hibernate-orm/ai_logs/single-agent_copilot_qwen/qwen3_6-flash/benchmark_pip_4d0bcbd1d1_2f7052c0ce51_35f9dba11a.terminal.txt,/workspace/outputs/platform/home/.copilot/session-state/2fcc409c-0bd8-450e-b582-ae4c687a2cf5/events.jsonl,/workspace/benchmarks/swe-refactor/data/hibernate-orm/ai_logs/single-agent_copilot_qwen/qwen3_6-flash/benchmark_pip_4d0bcbd1d1_2f7052c0ce51_35f9dba11a.output.txt,Invalid target file path: | Invalid target file path:
2026-05-15T20:00:50.498753Z,swe,benchmark_pipeline_20260515_155352,single-agent,hibernate-orm,5dcbdf64f11dfdcf25fd5a4a571f978b5ade2a8e_353_385_638_661_335_353,failed,0,24.114624738693237,2026-05-15T20:00:49Z,,,,,,/workspace/benchmarks/swe-refactor/data/hibernate-orm/ai_logs/single-agent_copilot_qwen/qwen3_6-flash/benchmark_pip_4d0bcbd1d1_5dcbdf64f11d_e55396d051.terminal.txt,/workspace/outputs/platform/home/.copilot/session-state/2fcc409c-0bd8-450e-b582-ae4c687a2cf5/events.jsonl,/workspace/benchmarks/swe-refactor/data/hibernate-orm/ai_logs/single-agent_copilot_qwen/qwen3_6-flash/benchmark_pip_4d0bcbd1d1_5dcbdf64f11d_e55396d051.output.txt,Invalid target file path: | Invalid target file path:
2026-05-15T20:01:16.473247Z,swe,benchmark_pipeline_20260515_155352,single-agent,hibernate-orm,72e2da2da84fae761f14ceeb822bd3e946690c78_820_877__895_952_231_234,failed,0,24.49111557006836,2026-05-15T20:01:14Z,,,,,,/workspace/benchmarks/swe-refactor/data/hibernate-orm/ai_logs/single-agent_copilot_qwen/qwen3_6-flash/benchmark_pip_4d0bcbd1d1_72e2da2da84f_9e6309da1d.terminal.txt,/workspace/outputs/platform/home/.copilot/session-state/2fcc409c-0bd8-450e-b582-ae4c687a2cf5/events.jsonl,/workspace/benchmarks/swe-refactor/data/hibernate-orm/ai_logs/single-agent_copilot_qwen/qwen3_6-flash/benchmark_pip_4d0bcbd1d1_72e2da2da84f_9e6309da1d.output.txt,"Invalid target file path: ##########################
2026-05-15T20:01:39.375660Z,swe,benchmark_pipeline_20260515_155352,single-agent,hibernate-orm,ba05533a036e73ac119169392b0da49273dc2e5b_330_336_23_28_350_356,failed,0,22.076549530029297,2026-05-15T20:01:38Z,,,,,,/workspace/benchmarks/swe-refactor/data/hibernate-orm/ai_logs/single-agent_copilot_qwen/qwen3_6-flash/benchmark_pip_4d0bcbd1d1_ba05533a036e_47529e26c5.terminal.txt,/workspace/outputs/platform/home/.copilot/session-state/2fcc409c-0bd8-450e-b582-ae4c687a2cf5/events.jsonl,/workspace/benchmarks/swe-refactor/data/hibernate-orm/ai_logs/single-agent_copilot_qwen/qwen3_6-flash/benchmark_pip_4d0bcbd1d1_ba05533a036e_47529e26c5.output.txt,Invalid target file path: | Invalid target file path:
2026-05-15T20:01:59.598670Z,swe,benchmark_pipeline_20260515_155352,single-agent,hibernate-orm,26e73937756de5781043f120905b71abe9398e5e_27_49_461_463_27_49,failed,0,19.49045443534851,2026-05-15T20:01:58Z,,,,,,/workspace/benchmarks/swe-refactor/data/hibernate-orm/ai_logs/single-agent_copilot_qwen/qwen3_6-flash/benchmark_pip_4d0bcbd1d1_26e73937756d_a4ac587686.terminal.txt,/workspace/outputs/platform/home/.copilot/session-state/2fcc409c-0bd8-450e-b582-ae4c687a2cf5/events.jsonl,/workspace/benchmarks/swe-refactor/data/hibernate-orm/ai_logs/single-agent_copilot_qwen/qwen3_6-flash/benchmark_pip_4d0bcbd1d1_26e73937756d_a4ac587686.output.txt,Invalid target file path: | Invalid target file path:
2026-05-15T20:02:21.333895Z,swe,benchmark_pipeline_20260515_155352,single-agent,hibernate-orm,26e73937756de5781043f120905b71abe9398e5e_66_91_461_463_66_91,failed,0,20.93318247795105,2026-05-15T20:02:20Z,,,,,,/workspace/benchmarks/swe-refactor/data/hibernate-orm/ai_logs/single-agent_copilot_qwen/qwen3_6-flash/benchmark_pip_4d0bcbd1d1_26e73937756d_350edb598b.terminal.txt,/workspace/outputs/platform/home/.copilot/session-state/2fcc409c-0bd8-450e-b582-ae4c687a2cf5/events.jsonl,/workspace/benchmarks/swe-refactor/data/hibernate-orm/ai_logs/single-agent_copilot_qwen/qwen3_6-flash/benchmark_pip_4d0bcbd1d1_26e73937756d_350edb598b.output.txt,Invalid target file path: | Invalid target file path:
2026-05-15T20:02:45.200701Z,swe,benchmark_pipeline_20260515_155352,single-agent,hibernate-orm,26e73937756de5781043f120905b71abe9398e5e_38_64_461_463_38_64,failed,0,21.72571110725403,2026-05-15T20:02:43Z,,,,,,/workspace/benchmarks/swe-refactor/data/hibernate-orm/ai_logs/single-agent_copilot_qwen/qwen3_6-flash/benchmark_pip_4d0bcbd1d1_26e73937756d_fd0c865b5a.terminal.txt,/workspace/outputs/platform/home/.copilot/session-state/2fcc409c-0bd8-450e-b582-ae4c687a2cf5/events.jsonl,/workspace/benchmarks/swe-refactor/data/hibernate-orm/ai_logs/single-agent_copilot_qwen/qwen3_6-flash/benchmark_pip_4d0bcbd1d1_26e73937756d_fd0c865b5a.output.txt,Invalid target file path: | Invalid target file path:
2026-05-15T20:03:06.902688Z,swe,benchmark_pipeline_20260515_155352,single-agent,hibernate-orm,26e73937756de5781043f120905b71abe9398e5e_34_59_461_463_34_59,failed,0,20.94442892074585,2026-05-15T20:03:06Z,,,,,,/workspace/benchmarks/swe-refactor/data/hibernate-orm/ai_logs/single-agent_copilot_qwen/qwen3_6-flash/benchmark_pip_4d0bcbd1d1_26e73937756d_b50d0ee36a.terminal.txt,/workspace/outputs/platform/home/.copilot/session-state/2fcc409c-0bd8-450e-b582-ae4c687a2cf5/events.jsonl,/workspace/benchmarks/swe-refactor/data/hibernate-orm/ai_logs/single-agent_copilot_qwen/qwen3_6-flash/benchmark_pip_4d0bcbd1d1_26e73937756d_b50d0ee36a.output.txt,Invalid target file path: | Invalid target file path:
2026-05-15T20:03:31.159998Z,swe,benchmark_pipeline_20260515_155352,single-agent,hibernate-orm,c04caa18de3c5ff81c17ebb151430b9cf18b6284_109_126_92_95_102_119,failed,0,23.50322127342224,2026-05-15T20:03:30Z,,,,,,/workspace/benchmarks/swe-refactor/data/hibernate-orm/ai_logs/single-agent_copilot_qwen/qwen3_6-flash/benchmark_pip_4d0bcbd1d1_c04caa18de3c_7f0829b488.terminal.txt,/workspace/outputs/platform/home/.copilot/session-state/2fcc409c-0bd8-450e-b582-ae4c687a2cf5/events.jsonl,/workspace/benchmarks/swe-refactor/data/hibernate-orm/ai_logs/single-agent_copilot_qwen/qwen3_6-flash/benchmark_pip_4d0bcbd1d1_c04caa18de3c_7f0829b488.output.txt,Invalid target file path: | Invalid target file path:
2026-05-15T20:26:15.332328Z,swe,benchmark_pipeline_20260515_155352,single-agent,hibernate-search,b67c74bdf7a5a1a8102fb0b0179bdc0774366c29_184_230__184_230_17_24,failed,0,1360.2402625083923,2026-05-15T20:26:14Z,,,,,,/workspace/benchmarks/swe-refactor/data/hibernate-search/ai_logs/single-agent_copilot_qwen/qwen3_6-flash/benchmark_pip_4d0bcbd1d1_b67c74bdf7a5_dd31fca824.terminal.txt,/workspace/outputs/platform/home/.copilot/session-state/6a98d80e-6fa4-480c-a645-41b6c9f2c95f/events.jsonl,/workspace/benchmarks/swe-refactor/data/hibernate-search/ai_logs/single-agent_copilot_qwen/qwen3_6-flash/benchmark_pip_4d0bcbd1d1_b67c74bdf7a5_dd31fca824.output.txt,"the code did not perform Move And Inline Method operation. | ['[ERROR] COMPILATION ERROR : ', '[ERROR] /workspace/benchmarks/swe-refactor/data/hibernate-search/ai_logs/single-agent_copilot_qwen/qwen3_6-flash/_workspaces/benchmark_pip_4d0bcbd1d1_b67c74bdf7a5_dd31fca824/project/integrationtest/backend/lucene/src/test/java/org/hibernate/search/integrationtest/backend/lucene/ExtensionIT.java:[510,101] cannot find symbol', '[ERROR] /workspace/benchmarks/swe-refactor/data/hibernate-search/ai_logs/single-agent_copilot_qwen/qwen3_6-flash/_workspaces/benchmark_pip_4d0bcbd1d1_b67c74bdf7a5_dd31fca824/project/integrationtest/backend/lucene/src/test/java/org/hibernate/search/integrationtest/backend/lucene/ExtensionIT.java:[515,48] cannot find symbol', '[ERROR] /workspace/benchmarks/swe-refactor/data/hibernate-search/ai_logs/single-agent_copilot_qwen/qwen3_6-flash/_workspaces/benchmark_pip_4d0bcbd1d1_b67c74bdf7a5_dd31fca824/project/integrationtest/backend/lucene/src/test/java/org/hibernate/search/integrationtest/backend/lucene/ExtensionIT.java:[519,117] cannot find symbol', '[ERROR] /workspace/benchmarks/swe-refactor/data/hibernate-search/ai_logs/single-agent_copilot_qwen/qwen3_6-flash/_workspaces/benchmark_pip_4d0bcbd1d1_b67c74bdf7a5_dd31fca824/project/integrationtest/backend/lucene/src/test/java/org/hibernate/search/integrationtest/backend/lucene/ExtensionIT.java:[95,94] cannot find symbol', '[ERROR] /workspace/benchmarks/swe-refactor/data/hibernate-search/ai_logs/single-agent_copilot_qwen/qwen3_6-flash/_workspaces/benchmark_pip_4d0bcbd1d1_b67c74bdf7a5_dd31fca824/project/integrationtest/backend/lucene/src/test/java/org/hibernate/search/integrationtest/backend/lucene/ExtensionIT.java:[101,75] cannot find symbol', '[ERROR] /workspace/benchmarks/swe-refactor/data/hibernate-search/ai_logs/single-agent_copilot_qwen/qwen3_6-flash/_workspaces/benchmark_pip_4d0bcbd1d1_b67c74bdf7a5_dd31fca824/project/integrationtest/backend/lucene/src/test/java/org/hibernate/search/integrationtest/backe"
2026-05-15T20:33:47.391597Z,swe,benchmark_pipeline_20260515_155352,single-agent,hibernate-search,b67c74bdf7a5a1a8102fb0b0179bdc0774366c29_198_246__198_246_17_24,failed,0,451.4191269874573,2026-05-15T20:33:46Z,,,,,,/workspace/benchmarks/swe-refactor/data/hibernate-search/ai_logs/single-agent_copilot_qwen/qwen3_6-flash/benchmark_pip_4d0bcbd1d1_b67c74bdf7a5_9ddb190901.terminal.txt,/workspace/outputs/platform/home/.copilot/session-state/967c5f89-f84d-4c8f-acc2-2989a21e3abf/events.jsonl,/workspace/benchmarks/swe-refactor/data/hibernate-search/ai_logs/single-agent_copilot_qwen/qwen3_6-flash/benchmark_pip_4d0bcbd1d1_b67c74bdf7a5_9ddb190901.output.txt,"the code did not perform Move And Inline Method operation. | ['[ERROR] COMPILATION ERROR : ', '[ERROR] /workspace/benchmarks/swe-refactor/data/hibernate-search/ai_logs/single-agent_copilot_qwen/qwen3_6-flash/_workspaces/benchmark_pip_4d0bcbd1d1_b67c74bdf7a5_9ddb190901/project/integrationtest/backend/elasticsearch/src/test/java/org/hibernate/search/integrationtest/backend/elasticsearch/ExtensionIT.java:[54,17] cannot find symbol', '[ERROR] /workspace/benchmarks/swe-refactor/data/hibernate-search/ai_logs/single-agent_copilot_qwen/qwen3_6-flash/_workspaces/benchmark_pip_4d0bcbd1d1_b67c74bdf7a5_9ddb190901/project/integrationtest/backend/elasticsearch/src/test/java/org/hibernate/search/integrationtest/backend/elasticsearch/ExtensionIT.java:[56,17] cannot find symbol', '[ERROR] /workspace/benchmarks/swe-refactor/data/hibernate-search/ai_logs/single-agent_copilot_qwen/qwen3_6-flash/_workspaces/benchmark_pip_4d0bcbd1d1_b67c74bdf7a5_9ddb190901/project/integrationtest/backend/elasticsearch/src/test/java/org/hibernate/search/integrationtest/backend/elasticsearch/ExtensionIT.java:[57,17] cannot find symbol', '[ERROR] /workspace/benchmarks/swe-refactor/data/hibernate-search/ai_logs/single-agent_copilot_qwen/qwen3_6-flash/_workspaces/benchmark_pip_4d0bcbd1d1_b67c74bdf7a5_9ddb190901/project/integrationtest/backend/elasticsearch/src/test/java/org/hibernate/search/integrationtest/backend/elasticsearch/ExtensionIT.java:[365,23] cannot find symbol', '[ERROR] /workspace/benchmarks/swe-refactor/data/hibernate-search/ai_logs/single-agent_copilot_qwen/qwen3_6-flash/_workspaces/benchmark_pip_4d0bcbd1d1_b67c74bdf7a5_9ddb190901/project/integrationtest/backend/elasticsearch/src/test/java/org/hibernate/search/integrationtest/backend/elasticsearch/ExtensionIT.java:[366,23] cannot find symbol', '[ERROR] /workspace/benchmarks/swe-refactor/data/hibernate-search/ai_logs/single-agent_copilot_qwen/qwen3_6-flash/_workspaces/benchmark_pip_4d0bcbd1d1_b67c74bdf7a5_9ddb190901/project/integrationtest/backe"
2026-05-15T20:41:30.428825Z,swe,benchmark_pipeline_20260515_155352,single-agent,hibernate-search,b67c74bdf7a5a1a8102fb0b0179bdc0774366c29_117_140__117_140_17_24,failed,0,462.2876932621002,2026-05-15T20:41:29Z,,,,,,/workspace/benchmarks/swe-refactor/data/hibernate-search/ai_logs/single-agent_copilot_qwen/qwen3_6-flash/benchmark_pip_4d0bcbd1d1_b67c74bdf7a5_2949d7dad4.terminal.txt,/workspace/outputs/platform/home/.copilot/session-state/7a09364c-6696-450a-bc19-4ca9a991c564/events.jsonl,/workspace/benchmarks/swe-refactor/data/hibernate-search/ai_logs/single-agent_copilot_qwen/qwen3_6-flash/benchmark_pip_4d0bcbd1d1_b67c74bdf7a5_2949d7dad4.output.txt,"the code did not perform Move And Inline Method operation. | ['[ERROR] COMPILATION ERROR : ', '[ERROR] /workspace/benchmarks/swe-refactor/data/hibernate-search/ai_logs/single-agent_copilot_qwen/qwen3_6-flash/_workspaces/benchmark_pip_4d0bcbd1d1_b67c74bdf7a5_2949d7dad4/project/integrationtest/backend/lucene/src/test/java/org/hibernate/search/integrationtest/backend/lucene/ExtensionIT.java:[510,101] cannot find symbol', '[ERROR] /workspace/benchmarks/swe-refactor/data/hibernate-search/ai_logs/single-agent_copilot_qwen/qwen3_6-flash/_workspaces/benchmark_pip_4d0bcbd1d1_b67c74bdf7a5_2949d7dad4/project/integrationtest/backend/lucene/src/test/java/org/hibernate/search/integrationtest/backend/lucene/ExtensionIT.java:[515,48] cannot find symbol', '[ERROR] /workspace/benchmarks/swe-refactor/data/hibernate-search/ai_logs/single-agent_copilot_qwen/qwen3_6-flash/_workspaces/benchmark_pip_4d0bcbd1d1_b67c74bdf7a5_2949d7dad4/project/integrationtest/backend/lucene/src/test/java/org/hibernate/search/integrationtest/backend/lucene/ExtensionIT.java:[519,117] cannot find symbol', '[ERROR] /workspace/benchmarks/swe-refactor/data/hibernate-search/ai_logs/single-agent_copilot_qwen/qwen3_6-flash/_workspaces/benchmark_pip_4d0bcbd1d1_b67c74bdf7a5_2949d7dad4/project/integrationtest/backend/lucene/src/test/java/org/hibernate/search/integrationtest/backend/lucene/ExtensionIT.java:[95,94] cannot find symbol', '[ERROR] /workspace/benchmarks/swe-refactor/data/hibernate-search/ai_logs/single-agent_copilot_qwen/qwen3_6-flash/_workspaces/benchmark_pip_4d0bcbd1d1_b67c74bdf7a5_2949d7dad4/project/integrationtest/backend/lucene/src/test/java/org/hibernate/search/integrationtest/backend/lucene/ExtensionIT.java:[101,75] cannot find symbol', '[ERROR] /workspace/benchmarks/swe-refactor/data/hibernate-search/ai_logs/single-agent_copilot_qwen/qwen3_6-flash/_workspaces/benchmark_pip_4d0bcbd1d1_b67c74bdf7a5_2949d7dad4/project/integrationtest/backend/lucene/src/test/java/org/hibernate/search/integrationtest/backe"
2026-05-15T20:49:05.599862Z,swe,benchmark_pipeline_20260515_155352,single-agent,hibernate-search,b67c74bdf7a5a1a8102fb0b0179bdc0774366c29_114_152__114_152_17_24,failed,0,454.2685043811798,2026-05-15T20:49:04Z,,,,,,/workspace/benchmarks/swe-refactor/data/hibernate-search/ai_logs/single-agent_copilot_qwen/qwen3_6-flash/benchmark_pip_4d0bcbd1d1_b67c74bdf7a5_54ecb52fd5.terminal.txt,/workspace/outputs/platform/home/.copilot/session-state/fda13f67-d127-481b-9077-b5a863884eb8/events.jsonl,/workspace/benchmarks/swe-refactor/data/hibernate-search/ai_logs/single-agent_copilot_qwen/qwen3_6-flash/benchmark_pip_4d0bcbd1d1_b67c74bdf7a5_54ecb52fd5.output.txt,"the code did not perform Move And Inline Method operation. | ['[ERROR] COMPILATION ERROR : ', '[ERROR] /workspace/benchmarks/swe-refactor/data/hibernate-search/ai_logs/single-agent_copilot_qwen/qwen3_6-flash/_workspaces/benchmark_pip_4d0bcbd1d1_b67c74bdf7a5_54ecb52fd5/project/integrationtest/backend/elasticsearch/src/test/java/org/hibernate/search/integrationtest/backend/elasticsearch/ExtensionIT.java:[54,17] cannot find symbol', '[ERROR] /workspace/benchmarks/swe-refactor/data/hibernate-search/ai_logs/single-agent_copilot_qwen/qwen3_6-flash/_workspaces/benchmark_pip_4d0bcbd1d1_b67c74bdf7a5_54ecb52fd5/project/integrationtest/backend/elasticsearch/src/test/java/org/hibernate/search/integrationtest/backend/elasticsearch/ExtensionIT.java:[56,17] cannot find symbol', '[ERROR] /workspace/benchmarks/swe-refactor/data/hibernate-search/ai_logs/single-agent_copilot_qwen/qwen3_6-flash/_workspaces/benchmark_pip_4d0bcbd1d1_b67c74bdf7a5_54ecb52fd5/project/integrationtest/backend/elasticsearch/src/test/java/org/hibernate/search/integrationtest/backend/elasticsearch/ExtensionIT.java:[57,17] cannot find symbol', '[ERROR] /workspace/benchmarks/swe-refactor/data/hibernate-search/ai_logs/single-agent_copilot_qwen/qwen3_6-flash/_workspaces/benchmark_pip_4d0bcbd1d1_b67c74bdf7a5_54ecb52fd5/project/integrationtest/backend/elasticsearch/src/test/java/org/hibernate/search/integrationtest/backend/elasticsearch/ExtensionIT.java:[365,23] cannot find symbol', '[ERROR] /workspace/benchmarks/swe-refactor/data/hibernate-search/ai_logs/single-agent_copilot_qwen/qwen3_6-flash/_workspaces/benchmark_pip_4d0bcbd1d1_b67c74bdf7a5_54ecb52fd5/project/integrationtest/backend/elasticsearch/src/test/java/org/hibernate/search/integrationtest/backend/elasticsearch/ExtensionIT.java:[366,23] cannot find symbol', '[ERROR] /workspace/benchmarks/swe-refactor/data/hibernate-search/ai_logs/single-agent_copilot_qwen/qwen3_6-flash/_workspaces/benchmark_pip_4d0bcbd1d1_b67c74bdf7a5_54ecb52fd5/project/integrationtest/backe"
2026-05-15T21:13:18.808829Z,swe,benchmark_pipeline_20260515_155352,single-agent,hibernate-search,ea4e402fd1d991e8c01ae3918047796dd2f3ab8b_48_51__103_108,failed,0,1298.0461852550507,2026-05-15T21:10:43Z,,,,,,/workspace/benchmarks/swe-refactor/data/hibernate-search/ai_logs/single-agent_copilot_qwen/qwen3_6-flash/benchmark_pip_4d0bcbd1d1_ea4e402fd1d9_076ad5788a.terminal.txt,/workspace/outputs/platform/home/.copilot/session-state/91c667e8-b9df-4b7a-9543-1525a424a792/events.jsonl,/workspace/benchmarks/swe-refactor/data/hibernate-search/ai_logs/single-agent_copilot_qwen/qwen3_6-flash/benchmark_pip_4d0bcbd1d1_ea4e402fd1d9_076ad5788a.output.txt,"the Move And Rename Method operation is successful. | ['[ERROR] COMPILATION ERROR : ', '[ERROR] /workspace/benchmarks/swe-refactor/data/hibernate-search/ai_logs/single-agent_copilot_qwen/qwen3_6-flash/_workspaces/benchmark_pip_4d0bcbd1d1_ea4e402fd1d9_076ad5788a/project/jsr352/core/src/test/java/org/hibernate/search/jsr352/test/util/JobTestUtil.java:[25,1] a type with the same simple name is already defined by the single-type-import of org.hibernate.search.jpa.Search', '[ERROR] /workspace/benchmarks/swe-refactor/data/hibernate-search/ai_logs/single-agent_copilot_qwen/qwen3_6-flash/_workspaces/benchmark_pip_4d0bcbd1d1_ea4e402fd1d9_076ad5788a/project/jsr352/core/src/test/java/org/hibernate/search/jsr352/test/util/JobTestUtil.java:[123,26] variable log is already defined in class org.hibernate.search.jsr352.test.util.JobTestUtil', '[ERROR] /workspace/benchmarks/swe-refactor/data/hibernate-search/ai_logs/single-agent_copilot_qwen/qwen3_6-flash/_workspaces/benchmark_pip_4d0bcbd1d1_ea4e402fd1d9_076ad5788a/project/jsr352/core/src/test/java/org/hibernate/search/jsr352/test/util/JobTestUtil.java:[125,34] variable THREAD_SLEEP is already defined in class org.hibernate.search.jsr352.test.util.JobTestUtil', '[ERROR] /workspace/benchmarks/swe-refactor/data/hibernate-search/ai_logs/single-agent_copilot_qwen/qwen3_6-flash/_workspaces/benchmark_pip_4d0bcbd1d1_ea4e402fd1d9_076ad5788a/project/jsr352/core/src/test/java/org/hibernate/search/jsr352/test/util/JobTestUtil.java:[127,34] variable JOB_TIMEOUT_MS is already defined in class org.hibernate.search.jsr352.test.util.JobTestUtil', '[ERROR] /workspace/benchmarks/swe-refactor/data/hibernate-search/ai_logs/single-agent_copilot_qwen/qwen3_6-flash/_workspaces/benchmark_pip_4d0bcbd1d1_ea4e402fd1d9_076ad5788a/project/jsr352/core/src/test/java/org/hibernate/search/jsr352/test/util/JobTestUtil.java:[129,17] constructor JobTestUtil() is already defined in class org.hibernate.search.jsr352.test.util.JobTestUtil', '[ERROR] /workspace/benchmarks"
2026-05-15T21:15:26.603280Z,swe,benchmark_pipeline_20260515_155352,single-agent,hibernate-search,f50cbfc772b75e7d7a983359b9baca383bc6ae9f_62_65__81_84,failed,0,127.27796602249146,2026-05-15T21:15:26Z,,,,,,/workspace/benchmarks/swe-refactor/data/hibernate-search/ai_logs/single-agent_copilot_qwen/qwen3_6-flash/benchmark_pip_4d0bcbd1d1_f50cbfc772b7_69583176a2.terminal.txt,/workspace/outputs/platform/home/.copilot/session-state/6b3affeb-0dc4-48e3-9468-119ea0ef22a3/events.jsonl,/workspace/benchmarks/swe-refactor/data/hibernate-search/ai_logs/single-agent_copilot_qwen/qwen3_6-flash/benchmark_pip_4d0bcbd1d1_f50cbfc772b7_69583176a2.output.txt,Target file path does not exist: /util/internal/test/src/main/java/org/hibernate/search/util/impl/test/ExceptionMatcherBuilder.java | Target file path does not exist: /util/internal/test/src/main/java/org/hibernate/search/util/impl/test/ExceptionMatcherBuilder.java
2026-05-15T21:18:47.165308Z,swe,benchmark_pipeline_20260515_155352,single-agent,hibernate-search,0b4c69d582f4c29554d78da38daebbc49d9d40da_144_165_75_79_142_162,failed,0,199.9959044456482,2026-05-15T21:18:46Z,,,,,,/workspace/benchmarks/swe-refactor/data/hibernate-search/ai_logs/single-agent_copilot_qwen/qwen3_6-flash/benchmark_pip_4d0bcbd1d1_0b4c69d582f4_97cf0f334a.terminal.txt,/workspace/outputs/platform/home/.copilot/session-state/ed3fafd4-f9a5-4a0c-a139-026026a0ef56/events.jsonl,/workspace/benchmarks/swe-refactor/data/hibernate-search/ai_logs/single-agent_copilot_qwen/qwen3_6-flash/benchmark_pip_4d0bcbd1d1_0b4c69d582f4_97cf0f334a.output.txt,Invalid target file path: | Invalid target file path:
2026-05-15T21:20:37.641400Z,swe,benchmark_pipeline_20260515_155352,single-agent,hibernate-search,c1738e3fcb5ac2ded491a9ff1b9aa65e941be327_22_34__29_40,failed,0,109.87813806533813,2026-05-15T21:20:37Z,,,,,,/workspace/benchmarks/swe-refactor/data/hibernate-search/ai_logs/single-agent_copilot_qwen/qwen3_6-flash/benchmark_pip_4d0bcbd1d1_c1738e3fcb5a_b908e14919.terminal.txt,/workspace/outputs/platform/home/.copilot/session-state/38f45bb7-debb-4636-8ecf-c637a1658ef4/events.jsonl,/workspace/benchmarks/swe-refactor/data/hibernate-search/ai_logs/single-agent_copilot_qwen/qwen3_6-flash/benchmark_pip_4d0bcbd1d1_c1738e3fcb5a_b908e14919.output.txt,Refactored code does not call moved method 'fromClusterMemberList'. | Refactored code does not call moved method 'fromClusterMemberList'.
2026-05-15T21:30:48.664642Z,swe,benchmark_pipeline_20260515_155352,single-agent,hibernate-search,520908200e1e83c994b39a93131741bc114ee85d_321_385_23_32_320_384,failed,0,610.3306369781494,2026-05-15T21:30:47Z,,,,,,/workspace/benchmarks/swe-refactor/data/hibernate-search/ai_logs/single-agent_copilot_qwen/qwen3_6-flash/benchmark_pip_4d0bcbd1d1_520908200e1e_bb01a0fc4f.terminal.txt,/workspace/outputs/platform/home/.copilot/session-state/0eaf351d-e4e9-42e6-a113-e339c0b384ea/events.jsonl,/workspace/benchmarks/swe-refactor/data/hibernate-search/ai_logs/single-agent_copilot_qwen/qwen3_6-flash/benchmark_pip_4d0bcbd1d1_520908200e1e_bb01a0fc4f.output.txt,"the Extract And Move Method operation is successful. | ['[ERROR] COMPILATION ERROR : ', '[ERROR] /workspace/benchmarks/swe-refactor/data/hibernate-search/ai_logs/single-agent_copilot_qwen/qwen3_6-flash/_workspaces/benchmark_pip_4d0bcbd1d1_520908200e1e_bb01a0fc4f/project/integrationtest/showcase/library/src/main/java/org/hibernate/search/integrationtest/showcase/library/dao/DaoFactory.java:[183,1] cannot find symbol', '[ERROR] /workspace/benchmarks/swe-refactor/data/hibernate-search/ai_logs/single-agent_copilot_qwen/qwen3_6-flash/_workspaces/benchmark_pip_4d0bcbd1d1_520908200e1e_bb01a0fc4f/project/integrationtest/showcase/library/src/main/java/org/hibernate/search/integrationtest/showcase/library/dao/DaoFactory.java:[184,1] cannot find symbol', '[ERROR] /workspace/benchmarks/swe-refactor/data/hibernate-search/ai_logs/single-agent_copilot_qwen/qwen3_6-flash/_workspaces/benchmark_pip_4d0bcbd1d1_520908200e1e_bb01a0fc4f/project/integrationtest/showcase/library/src/main/java/org/hibernate/search/integrationtest/showcase/library/dao/DaoFactory.java:[185,1] cannot find symbol', '[ERROR] /workspace/benchmarks/swe-refactor/data/hibernate-search/ai_logs/single-agent_copilot_qwen/qwen3_6-flash/_workspaces/benchmark_pip_4d0bcbd1d1_520908200e1e_bb01a0fc4f/project/integrationtest/showcase/library/src/main/java/org/hibernate/search/integrationtest/showcase/library/dao/DaoFactory.java:[186,1] cannot find symbol', '[ERROR] /workspace/benchmarks/swe-refactor/data/hibernate-search/ai_logs/single-agent_copilot_qwen/qwen3_6-flash/_workspaces/benchmark_pip_4d0bcbd1d1_520908200e1e_bb01a0fc4f/project/integrationtest/showcase/library/src/main/java/org/hibernate/search/integrationtest/showcase/library/dao/DaoFactory.java:[187,1] cannot find symbol', '[ERROR] /workspace/benchmarks/swe-refactor/data/hibernate-search/ai_logs/single-agent_copilot_qwen/qwen3_6-flash/_workspaces/benchmark_pip_4d0bcbd1d1_520908200e1e_bb01a0fc4f/project/integrationtest/showcase/library/src/main/java/org/hibernate/sea"
2026-05-15T21:34:37.863836Z,swe,benchmark_pipeline_20260515_155352,single-agent,hibernate-search,b369ab192fd1c80ab666c63e65224bf90f658292_132_142_214_224_132_139,failed,0,228.61547660827637,2026-05-15T21:34:37Z,,,,,,/workspace/benchmarks/swe-refactor/data/hibernate-search/ai_logs/single-agent_copilot_qwen/qwen3_6-flash/benchmark_pip_4d0bcbd1d1_b369ab192fd1_706d03e14f.terminal.txt,/workspace/outputs/platform/home/.copilot/session-state/2fdbacd5-06ea-4099-b32e-dc71e9e910c6/events.jsonl,/workspace/benchmarks/swe-refactor/data/hibernate-search/ai_logs/single-agent_copilot_qwen/qwen3_6-flash/benchmark_pip_4d0bcbd1d1_b369ab192fd1_706d03e14f.output.txt,"the Extract And Move Method operation is successful. | ['[ERROR] COMPILATION ERROR : ', '[ERROR] /workspace/benchmarks/swe-refactor/data/hibernate-search/ai_logs/single-agent_copilot_qwen/qwen3_6-flash/_workspaces/benchmark_pip_4d0bcbd1d1_b369ab192fd1_706d03e14f/project/mapper/pojo/src/main/java/org/hibernate/search/mapper/pojo/extractor/impl/ContainerValueExtractorBinder.java:[339,1] method tryBindPath in class org.hibernate.search.mapper.pojo.extractor.impl.ContainerValueExtractorBinder cannot be applied to given types;', '[ERROR] Failed to execute goal org.apache.maven.plugins:maven-compiler-plugin:3.7.0:compile (default-compile) on project hibernate-search-mapper-pojo: Compilation failure', '[ERROR] /workspace/benchmarks/swe-refactor/data/hibernate-search/ai_logs/single-agent_copilot_qwen/qwen3_6-flash/_workspaces/benchmark_pip_4d0bcbd1d1_b369ab192fd1_706d03e14f/project/mapper/pojo/src/main/java/org/hibernate/search/mapper/pojo/extractor/impl/ContainerValueExtractorBinder.java:[339,1] method tryBindPath in class org.hibernate.search.mapper.pojo.extractor.impl.ContainerValueExtractorBinder cannot be applied to given types;', '[ERROR]   required: org.hibernate.search.mapper.pojo.model.spi.PojoBootstrapIntrospector,org.hibernate.search.mapper.pojo.model.spi.PojoGenericTypeModel<C>,org.hibernate.search.mapper.pojo.extractor.ContainerValueExtractorPath', '[ERROR]   found: org.hibernate.search.mapper.pojo.model.spi.PojoBootstrapIntrospector,org.hibernate.search.mapper.pojo.model.spi.PojoTypeModel<capture#1 of ?>,org.hibernate.search.mapper.pojo.extractor.ContainerValueExtractorPath', '[ERROR]   reason: cannot infer type-variable(s) C', '[ERROR]     (argument mismatch; org.hibernate.search.mapper.pojo.model.spi.PojoTypeModel<capture#1 of ?> cannot be converted to org.hibernate.search.mapper.pojo.model.spi.PojoGenericTypeModel<C>)', '[ERROR] ', '[ERROR] -> [Help 1]', '[ERROR] ', '[ERROR] To see the full stack trace of the errors, re-run Maven with the -e switch.', '[ERR"
2026-05-15T22:09:15.875214Z,swe,benchmark_pipeline_20260515_155352,single-agent,hibernate-search,314cff098d6147b783fa091ce3ebcc54a87522aa_90_95__83_88,failed,0,2077.177747964859,2026-05-15T22:09:15Z,,,,,,/workspace/benchmarks/swe-refactor/data/hibernate-search/ai_logs/single-agent_copilot_qwen/qwen3_6-flash/benchmark_pip_4d0bcbd1d1_314cff098d61_34599aef07.terminal.txt,/workspace/outputs/platform/home/.copilot/session-state/93d345ae-1076-4356-9d0b-40fd748a7747/events.jsonl,/workspace/benchmarks/swe-refactor/data/hibernate-search/ai_logs/single-agent_copilot_qwen/qwen3_6-flash/benchmark_pip_4d0bcbd1d1_314cff098d61_34599aef07.output.txt,the code did not perform Move And Rename Method operation. | Build succeeded.
2026-05-15T22:10:14.485678Z,swe,benchmark_pipeline_20260515_155352,single-agent,hibernate-search,314cff098d6147b783fa091ce3ebcc54a87522aa_109_114__83_88,failed,0,57.72001123428345,2026-05-15T22:10:13Z,,,,,,/workspace/benchmarks/swe-refactor/data/hibernate-search/ai_logs/single-agent_copilot_qwen/qwen3_6-flash/benchmark_pip_4d0bcbd1d1_314cff098d61_b7a1c12901.terminal.txt,/workspace/outputs/platform/home/.copilot/session-state/831da135-2273-4319-9ca9-b32bc0515ac6/events.jsonl,/workspace/benchmarks/swe-refactor/data/hibernate-search/ai_logs/single-agent_copilot_qwen/qwen3_6-flash/benchmark_pip_4d0bcbd1d1_314cff098d61_b7a1c12901.output.txt,Refactored code does not call moved method 'getPersistenceUnitName'. | Refactored code does not call moved method 'getPersistenceUnitName'.
2026-05-15T22:16:16.108210Z,swe,benchmark_pipeline_20260515_155352,single-agent,hibernate-search,6b65d5b3d028b6cf672822b29edb9610db6adca4_67_70__103_163_228_230,failed,0,360.97799944877625,2026-05-15T22:16:15Z,,,,,,/workspace/benchmarks/swe-refactor/data/hibernate-search/ai_logs/single-agent_copilot_qwen/qwen3_6-flash/benchmark_pip_4d0bcbd1d1_6b65d5b3d028_3a15f8642a.terminal.txt,/workspace/outputs/platform/home/.copilot/session-state/14243991-61a7-424c-ba95-3e99627583f1/events.jsonl,/workspace/benchmarks/swe-refactor/data/hibernate-search/ai_logs/single-agent_copilot_qwen/qwen3_6-flash/benchmark_pip_4d0bcbd1d1_6b65d5b3d028_3a15f8642a.output.txt,"the code did not perform Move And Inline Method operation. | ['[ERROR] Failed to execute goal org.apache.maven.plugins:maven-compiler-plugin:3.13.0:compile (default-compile) on project hibernate-search-build-enforcer: Fatal error compiling: Error while executing the external compiler /usr/lib/jvm/java-21-openjdk-amd64/bin/javac: Error while executing process. Cannot run program ""/usr/lib/jvm/java-21-openjdk-amd64/bin/javac"": Exec failed, error: 2 (No such file or directory) -> [Help 1]', '[ERROR] ', '[ERROR] To see the full stack trace of the errors, re-run Maven with the -e switch.', '[ERROR] Re-run Maven using the -X switch to enable full debug logging.', '[ERROR] ', '[ERROR] For more information about the errors and possible solutions, please read the following articles:', '[ERROR] [Help 1] http://cwiki.apache.org/confluence/display/MAVEN/MojoExecutionException', '[ERROR] ', '[ERROR] After correcting the problems, you can resume the build with the command', '[ERROR]   mvn <args> -rf :hibernate-search-build-enforcer']"
2026-05-15T23:12:18.004713Z,swe,benchmark_pipeline_20260515_155352,single-agent,hibernate-search,da64c4e549b8dfd9c17e7753247d8028bc022529_57_86_264_266_57_86,success,0,3360.7210252285004,2026-05-15T23:12:16Z,,,,,,/workspace/benchmarks/swe-refactor/data/hibernate-search/ai_logs/single-agent_copilot_qwen/qwen3_6-flash/benchmark_pip_4d0bcbd1d1_da64c4e549b8_2037bce8c8.terminal.txt,/workspace/outputs/platform/home/.copilot/session-state/d568ecbf-6234-4f06-bc47-e020b4ed03fc/events.jsonl,/workspace/benchmarks/swe-refactor/data/hibernate-search/ai_logs/single-agent_copilot_qwen/qwen3_6-flash/benchmark_pip_4d0bcbd1d1_da64c4e549b8_2037bce8c8.output.txt,the Extract And Move Method operation is successful. | Build succeeded.
2026-05-15T23:17:05.864856Z,swe,benchmark_pipeline_20260515_155352,single-agent,hibernate-search,05c12b8fd2eb002ad9246efd04d8fa27c9379a4b_23_29_46_53_19_21,failed,0,287.1351993083954,2026-05-15T23:17:05Z,,,,,,/workspace/benchmarks/swe-refactor/data/hibernate-search/ai_logs/single-agent_copilot_qwen/qwen3_6-flash/benchmark_pip_4d0bcbd1d1_05c12b8fd2eb_a3d06fbf3d.terminal.txt,/workspace/outputs/platform/home/.copilot/session-state/b04d737f-82b5-4b9a-8544-b2f0019fd6a1/events.jsonl,/workspace/benchmarks/swe-refactor/data/hibernate-search/ai_logs/single-agent_copilot_qwen/qwen3_6-flash/benchmark_pip_4d0bcbd1d1_05c12b8fd2eb_a3d06fbf3d.output.txt,"the Extract And Move Method operation is successful. | ['[ERROR] diagnostic: /workspace/benchmarks/swe-refactor/data/hibernate-search/ai_logs/single-agent_copilot_qwen/qwen3_6-flash/_workspaces/benchmark_pip_4d0bcbd1d1_05c12b8fd2eb_a3d06fbf3d/project/backend/elasticsearch/src/main/java/org/hibernate/search/backend/elasticsearch/search/projection/impl/DocumentReferenceExtractorHelper.java:51: error: cannot find symbol', '[ERROR] error on execute: use -X to have details ', '[ERROR] Failed to execute goal org.bsc.maven:maven-processor-plugin:3.2.0:process (process) on project hibernate-search-backend-elasticsearch: Error executing: error during compilation -> [Help 1]', '[ERROR] ', '[ERROR] To see the full stack trace of the errors, re-run Maven with the -e switch.', '[ERROR] Re-run Maven using the -X switch to enable full debug logging.', '[ERROR] ', '[ERROR] For more information about the errors and possible solutions, please read the following articles:', '[ERROR] [Help 1] http://cwiki.apache.org/confluence/display/MAVEN/MojoExecutionException', '[ERROR] ', '[ERROR] After correcting the problems, you can resume the build with the command', '[ERROR]   mvn <args> -rf :hibernate-search-backend-elasticsearch']"
2026-05-15T23:19:04.912196Z,swe,benchmark_pipeline_20260515_155352,single-agent,hibernate-search,0c6c0d87a14968fd7a417b4943835c7dfadeed0f_78_111__118_152_76_78,failed,0,118.48534035682678,2026-05-15T23:19:04Z,,,,,,/workspace/benchmarks/swe-refactor/data/hibernate-search/ai_logs/single-agent_copilot_qwen/qwen3_6-flash/benchmark_pip_4d0bcbd1d1_0c6c0d87a149_a404ee5cc8.terminal.txt,/workspace/outputs/platform/home/.copilot/session-state/90a51f64-0850-42e3-8780-b5f5564f40cd/events.jsonl,/workspace/benchmarks/swe-refactor/data/hibernate-search/ai_logs/single-agent_copilot_qwen/qwen3_6-flash/benchmark_pip_4d0bcbd1d1_0c6c0d87a149_a404ee5cc8.output.txt,"the code did not perform Move And Inline Method operation. | ['[ERROR] diagnostic: /workspace/benchmarks/swe-refactor/data/hibernate-search/ai_logs/single-agent_copilot_qwen/qwen3_6-flash/_workspaces/benchmark_pip_4d0bcbd1d1_0c6c0d87a149_a404ee5cc8/project/backend/elasticsearch/src/main/java/org/hibernate/search/backend/elasticsearch/search/query/impl/ElasticsearchSearchQueryBuilder.java:67: error: illegal start of expression', '[ERROR] diagnostic: /workspace/benchmarks/swe-refactor/data/hibernate-search/ai_logs/single-agent_copilot_qwen/qwen3_6-flash/_workspaces/benchmark_pip_4d0bcbd1d1_0c6c0d87a149_a404ee5cc8/project/backend/elasticsearch/src/main/java/org/hibernate/search/backend/elasticsearch/search/query/impl/ElasticsearchSearchQueryBuilder.java:70: error: illegal start of expression', '[ERROR] diagnostic: /workspace/benchmarks/swe-refactor/data/hibernate-search/ai_logs/single-agent_copilot_qwen/qwen3_6-flash/_workspaces/benchmark_pip_4d0bcbd1d1_0c6c0d87a149_a404ee5cc8/project/backend/elasticsearch/src/main/java/org/hibernate/search/backend/elasticsearch/search/query/impl/ElasticsearchSearchQueryBuilder.java:73: error: illegal start of expression', '[ERROR] error on execute: use -X to have details ', '[ERROR] Failed to execute goal org.bsc.maven:maven-processor-plugin:3.2.0:process (process) on project hibernate-search-backend-elasticsearch: Error executing: error during compilation -> [Help 1]', '[ERROR] ', '[ERROR] To see the full stack trace of the errors, re-run Maven with the -e switch.', '[ERROR] Re-run Maven using the -X switch to enable full debug logging.', '[ERROR] ', '[ERROR] For more information about the errors and possible solutions, please read the following articles:', '[ERROR] [Help 1] http://cwiki.apache.org/confluence/display/MAVEN/MojoExecutionException', '[ERROR] ', '[ERROR] After correcting the problems, you can resume the build with the command', '[ERROR]   mvn <args> -rf :hibernate-search-backend-elasticsearch']"
2026-05-15T23:20:29.569864Z,swe,benchmark_pipeline_20260515_155352,single-agent,hibernate-search,14e6370a9ab5e7fca20e508f6413bd11ed242cde_35_43__215_222,failed,0,84.13416051864624,2026-05-15T23:20:29Z,,,,,,/workspace/benchmarks/swe-refactor/data/hibernate-search/ai_logs/single-agent_copilot_qwen/qwen3_6-flash/benchmark_pip_4d0bcbd1d1_14e6370a9ab5_d9ca5e07f8.terminal.txt,/workspace/outputs/platform/home/.copilot/session-state/aea54292-f982-41a3-8980-2ad3f4527c9b/events.jsonl,/workspace/benchmarks/swe-refactor/data/hibernate-search/ai_logs/single-agent_copilot_qwen/qwen3_6-flash/benchmark_pip_4d0bcbd1d1_14e6370a9ab5_d9ca5e07f8.output.txt,Target file path does not exist: /engine/src/main/java/org/hibernate/search/engine/environment/classpath/spi/ClassLoaderHelper.java | Target file path does not exist: /engine/src/main/java/org/hibernate/search/engine/environment/classpath/spi/ClassLoaderHelper.java
2026-05-15T23:21:29.431691Z,swe,benchmark_pipeline_20260515_155352,single-agent,hibernate-search,60720a3723b836213b0e663b71fcbdbb3ce58d36_79_98__325_344,failed,0,58.344507455825806,2026-05-15T23:21:27Z,,,,,,/workspace/benchmarks/swe-refactor/data/hibernate-search/ai_logs/single-agent_copilot_qwen/qwen3_6-flash/benchmark_pip_4d0bcbd1d1_60720a3723b8_358a0acdd5.terminal.txt,/workspace/outputs/platform/home/.copilot/session-state/840bdf5d-5903-425e-a555-61fa99a5a3a0/events.jsonl,/workspace/benchmarks/swe-refactor/data/hibernate-search/ai_logs/single-agent_copilot_qwen/qwen3_6-flash/benchmark_pip_4d0bcbd1d1_60720a3723b8_358a0acdd5.output.txt,Moved method must be public static. | Moved method must be public static.
2026-05-15T23:21:44.727561Z,swe,benchmark_pipeline_20260515_155352,single-agent,hibernate-search,daaa9ff20cae0f7751636f16bcaf0cf2512c16a4_167_236_16_21_167_236,timed_out,1,14.806482076644897,2026-05-15T23:21:44Z,,,,,,/workspace/benchmarks/swe-refactor/data/hibernate-search/ai_logs/single-agent_copilot_qwen/qwen3_6-flash/benchmark_pip_4d0bcbd1d1_daaa9ff20cae_0f87d496c6.terminal.txt,/workspace/outputs/platform/home/.copilot/session-state/7fd44946-6e8a-40c1-9eb3-e1631372f1e4/events.jsonl,/workspace/benchmarks/swe-refactor/data/hibernate-search/ai_logs/single-agent_copilot_qwen/qwen3_6-flash/benchmark_pip_4d0bcbd1d1_daaa9ff20cae_0f87d496c6.output.txt,Invalid target file path: | Invalid target file path:
2026-05-15T23:21:57.686051Z,swe,benchmark_pipeline_20260515_155352,single-agent,hibernate-search,f6398f46e661b12bb5cd7d429c52bd84f5830f79_86_133_316_337_158_177,timed_out,1,12.47235655784607,2026-05-15T23:21:57Z,,,,,,/workspace/benchmarks/swe-refactor/data/hibernate-search/ai_logs/single-agent_copilot_qwen/qwen3_6-flash/benchmark_pip_4d0bcbd1d1_f6398f46e661_c13c13912f.terminal.txt,/workspace/outputs/platform/home/.copilot/session-state/995a5a2c-e5eb-4f96-9dab-ec0e877f83a3/events.jsonl,/workspace/benchmarks/swe-refactor/data/hibernate-search/ai_logs/single-agent_copilot_qwen/qwen3_6-flash/benchmark_pip_4d0bcbd1d1_f6398f46e661_c13c13912f.output.txt,Invalid target file path: | Invalid target file path:
2026-05-15T23:35:34.089566Z,swe,benchmark_pipeline_20260515_155352,single-agent,hibernate-search,8233e6e5e455472b841a7a2b0aee22089f1e2b43_114_126_85_87_37_47,success,0,815.6658253669739,2026-05-15T23:35:33Z,,,,,,/workspace/benchmarks/swe-refactor/data/hibernate-search/ai_logs/single-agent_copilot_qwen/qwen3_6-flash/benchmark_pip_4d0bcbd1d1_8233e6e5e455_f3482c2b1b.terminal.txt,/workspace/outputs/platform/home/.copilot/session-state/f070a182-203d-44fc-9318-61f16f46cd08/events.jsonl,/workspace/benchmarks/swe-refactor/data/hibernate-search/ai_logs/single-agent_copilot_qwen/qwen3_6-flash/benchmark_pip_4d0bcbd1d1_8233e6e5e455_f3482c2b1b.output.txt,the Extract And Move Method operation is successful. | Build succeeded.
2026-05-15T23:40:03.970290Z,swe,benchmark_pipeline_20260515_155352,single-agent,hibernate-search,be929dfca72583e5cef800af2f97727e75184a76_53_128_91_96_53_123,failed,0,269.2111954689026,2026-05-15T23:40:03Z,,,,,,/workspace/benchmarks/swe-refactor/data/hibernate-search/ai_logs/single-agent_copilot_qwen/qwen3_6-flash/benchmark_pip_4d0bcbd1d1_be929dfca725_d5ed90a6ca.terminal.txt,/workspace/outputs/platform/home/.copilot/session-state/dab54981-9ac3-4c10-b55a-8197d36ec793/events.jsonl,/workspace/benchmarks/swe-refactor/data/hibernate-search/ai_logs/single-agent_copilot_qwen/qwen3_6-flash/benchmark_pip_4d0bcbd1d1_be929dfca725_d5ed90a6ca.output.txt,"the code did not perform Extract And Move Method operation. | ['[ERROR] COMPILATION ERROR : ', '[ERROR] /workspace/benchmarks/swe-refactor/data/hibernate-search/ai_logs/single-agent_copilot_qwen/qwen3_6-flash/_workspaces/benchmark_pip_4d0bcbd1d1_be929dfca725_d5ed90a6ca/project/engine/src/test/java/org/hibernate/search/engine/common/dsl/impl/DslExtensionStateTest.java:[11,47] org.hibernate.search.engine.common.impl.IndexManagerBuildingStateHolder is not public in org.hibernate.search.engine.common.impl; cannot be accessed from outside package', '[ERROR] /workspace/benchmarks/swe-refactor/data/hibernate-search/ai_logs/single-agent_copilot_qwen/qwen3_6-flash/_workspaces/benchmark_pip_4d0bcbd1d1_be929dfca725_d5ed90a6ca/project/engine/src/test/java/org/hibernate/search/engine/common/dsl/impl/DslExtensionStateTest.java:[361,29] org.hibernate.search.engine.common.impl.IndexManagerBuildingStateHolder is not public in org.hibernate.search.engine.common.impl; cannot be accessed from outside package', '[ERROR] /workspace/benchmarks/swe-refactor/data/hibernate-search/ai_logs/single-agent_copilot_qwen/qwen3_6-flash/_workspaces/benchmark_pip_4d0bcbd1d1_be929dfca725_d5ed90a6ca/project/engine/src/test/java/org/hibernate/search/engine/common/dsl/impl/DslExtensionStateTest.java:[389,48] package IndexManagerBuildingStateHolder does not exist', '[ERROR] Failed to execute goal org.apache.maven.plugins:maven-compiler-plugin:3.7.0:testCompile (default-testCompile) on project hibernate-search-engine: Compilation failure: Compilation failure: ', '[ERROR] /workspace/benchmarks/swe-refactor/data/hibernate-search/ai_logs/single-agent_copilot_qwen/qwen3_6-flash/_workspaces/benchmark_pip_4d0bcbd1d1_be929dfca725_d5ed90a6ca/project/engine/src/test/java/org/hibernate/search/engine/common/dsl/impl/DslExtensionStateTest.java:[11,47] org.hibernate.search.engine.common.impl.IndexManagerBuildingStateHolder is not public in org.hibernate.search.engine.common.impl; cannot be accessed from outside package'"
2026-05-15T23:45:50.337745Z,swe,benchmark_pipeline_20260515_155352,single-agent,hibernate-search,daaa9ff20cae0f7751636f16bcaf0cf2512c16a4_40_90_18_20_40_90,success,0,345.5865366458893,2026-05-15T23:45:49Z,,,,,,/workspace/benchmarks/swe-refactor/data/hibernate-search/ai_logs/single-agent_copilot_qwen/qwen3_6-flash/benchmark_pip_4d0bcbd1d1_daaa9ff20cae_274daa552e.terminal.txt,/workspace/outputs/platform/home/.copilot/session-state/ef1d75ba-12cd-430f-af29-12051a2dfa0a/events.jsonl,/workspace/benchmarks/swe-refactor/data/hibernate-search/ai_logs/single-agent_copilot_qwen/qwen3_6-flash/benchmark_pip_4d0bcbd1d1_daaa9ff20cae_274daa552e.output.txt,the Extract And Move Method operation is successful. | Build succeeded.
2026-05-15T23:52:06.106321Z,swe,benchmark_pipeline_20260515_155352,single-agent,hibernate-search,daaa9ff20cae0f7751636f16bcaf0cf2512c16a4_159_190_18_20_158_189,success,0,374.9686939716339,2026-05-15T23:52:05Z,,,,,,/workspace/benchmarks/swe-refactor/data/hibernate-search/ai_logs/single-agent_copilot_qwen/qwen3_6-flash/benchmark_pip_4d0bcbd1d1_daaa9ff20cae_3430d6c2d1.terminal.txt,/workspace/outputs/platform/home/.copilot/session-state/4b62b508-bdfe-4821-a8bb-f1aa70d37447/events.jsonl,/workspace/benchmarks/swe-refactor/data/hibernate-search/ai_logs/single-agent_copilot_qwen/qwen3_6-flash/benchmark_pip_4d0bcbd1d1_daaa9ff20cae_3430d6c2d1.output.txt,the Extract And Move Method operation is successful. | Build succeeded.
2026-05-15T23:57:33.217825Z,swe,benchmark_pipeline_20260515_155352,single-agent,hibernate-search,4c0595551f48dcca939fc3f7d3ea5bcf86dcbe7d_263_274__57_68,failed,0,326.4886124134064,2026-05-15T23:57:32Z,,,,,,/workspace/benchmarks/swe-refactor/data/hibernate-search/ai_logs/single-agent_copilot_qwen/qwen3_6-flash/benchmark_pip_4d0bcbd1d1_4c0595551f48_6b83f3c3f8.terminal.txt,/workspace/outputs/platform/home/.copilot/session-state/4075c88b-97dd-42d2-8739-92d689554690/events.jsonl,/workspace/benchmarks/swe-refactor/data/hibernate-search/ai_logs/single-agent_copilot_qwen/qwen3_6-flash/benchmark_pip_4d0bcbd1d1_4c0595551f48_6b83f3c3f8.output.txt,"the Move And Rename Method operation is successful. | ['[ERROR] COMPILATION ERROR : ', '[ERROR] /workspace/benchmarks/swe-refactor/data/hibernate-search/ai_logs/single-agent_copilot_qwen/qwen3_6-flash/_workspaces/benchmark_pip_4d0bcbd1d1_4c0595551f48_6b83f3c3f8/project/jsr352/core/src/main/java/org/hibernate/search/jsr352/massindexing/impl/util/MassIndexerUtil.java:[66,28] variable LOGGER is already defined in class org.hibernate.search.jsr352.massindexing.impl.util.MassIndexerUtil', '[ERROR] /workspace/benchmarks/swe-refactor/data/hibernate-search/ai_logs/single-agent_copilot_qwen/qwen3_6-flash/_workspaces/benchmark_pip_4d0bcbd1d1_4c0595551f48_6b83f3c3f8/project/jsr352/core/src/main/java/org/hibernate/search/jsr352/massindexing/impl/util/MassIndexerUtil.java:[68,9] constructor MassIndexerUtil() is already defined in class org.hibernate.search.jsr352.massindexing.impl.util.MassIndexerUtil', '[ERROR] Failed to execute goal org.apache.maven.plugins:maven-compiler-plugin:3.6.2:compile (default-compile) on project hibernate-search-jsr352-core: Compilation failure: Compilation failure: ', '[ERROR] /workspace/benchmarks/swe-refactor/data/hibernate-search/ai_logs/single-agent_copilot_qwen/qwen3_6-flash/_workspaces/benchmark_pip_4d0bcbd1d1_4c0595551f48_6b83f3c3f8/project/jsr352/core/src/main/java/org/hibernate/search/jsr352/massindexing/impl/util/MassIndexerUtil.java:[66,28] variable LOGGER is already defined in class org.hibernate.search.jsr352.massindexing.impl.util.MassIndexerUtil', '[ERROR] /workspace/benchmarks/swe-refactor/data/hibernate-search/ai_logs/single-agent_copilot_qwen/qwen3_6-flash/_workspaces/benchmark_pip_4d0bcbd1d1_4c0595551f48_6b83f3c3f8/project/jsr352/core/src/main/java/org/hibernate/search/jsr352/massindexing/impl/util/MassIndexerUtil.java:[68,9] constructor MassIndexerUtil() is already defined in class org.hibernate.search.jsr352.massindexing.impl.util.MassIndexerUtil', '[ERROR] -> [Help 1]', '[ERROR] ', '[ERROR] To see the full stack trace of the err"
2026-05-15T23:59:18.572596Z,swe,benchmark_pipeline_20260515_155352,single-agent,hibernate-search,6b55b85d003d11848939dbdf2640fcb479397186_73_88__93_108,failed,0,104.91691970825195,2026-05-15T23:59:18Z,,,,,,/workspace/benchmarks/swe-refactor/data/hibernate-search/ai_logs/single-agent_copilot_qwen/qwen3_6-flash/benchmark_pip_4d0bcbd1d1_6b55b85d003d_943bfde9f3.terminal.txt,/workspace/outputs/platform/home/.copilot/session-state/7a4ddb15-00d3-4ea9-8968-b47b556470a4/events.jsonl,/workspace/benchmarks/swe-refactor/data/hibernate-search/ai_logs/single-agent_copilot_qwen/qwen3_6-flash/benchmark_pip_4d0bcbd1d1_6b55b85d003d_943bfde9f3.output.txt,Invalid target file path: | Invalid target file path:
2026-05-16T00:01:27.906949Z,swe,benchmark_pipeline_20260515_155352,single-agent,hibernate-search,64d26592b1ac48943690f7690355d44821591f36_179_185__186_195_57_60,failed,0,128.7536497116089,2026-05-16T00:01:27Z,,,,,,/workspace/benchmarks/swe-refactor/data/hibernate-search/ai_logs/single-agent_copilot_qwen/qwen3_6-flash/benchmark_pip_4d0bcbd1d1_64d26592b1ac_ff9ffafd2d.terminal.txt,/workspace/outputs/platform/home/.copilot/session-state/a1ad2c0f-a91f-46ce-9f8f-1dc6ceb31780/events.jsonl,/workspace/benchmarks/swe-refactor/data/hibernate-search/ai_logs/single-agent_copilot_qwen/qwen3_6-flash/benchmark_pip_4d0bcbd1d1_64d26592b1ac_ff9ffafd2d.output.txt,invalid_swe_output_artifact: missing required original SWE section headers or malformed final SWE output file. | invalid_swe_output_artifact: missing required original SWE section headers or malformed final SWE output file.
2026-05-16T00:13:11.855010Z,swe,benchmark_pipeline_20260515_155352,single-agent,hibernate-search,4809368dec30478582c165d2c01aa254f8bf06ab_116_140_84_96_122_133,failed,0,702.9432618618011,2026-05-16T00:13:10Z,,,,,,/workspace/benchmarks/swe-refactor/data/hibernate-search/ai_logs/single-agent_copilot_qwen/qwen3_6-flash/benchmark_pip_4d0bcbd1d1_4809368dec30_1b1aa717b8.terminal.txt,/workspace/outputs/platform/home/.copilot/session-state/5d83a436-3b77-4696-8a60-099b10f051bf/events.jsonl,/workspace/benchmarks/swe-refactor/data/hibernate-search/ai_logs/single-agent_copilot_qwen/qwen3_6-flash/benchmark_pip_4d0bcbd1d1_4809368dec30_1b1aa717b8.output.txt,"the Extract And Move Method operation is successful. | ['[ERROR] COMPILATION ERROR : ', '[ERROR] /workspace/benchmarks/swe-refactor/data/hibernate-search/ai_logs/single-agent_copilot_qwen/qwen3_6-flash/_workspaces/benchmark_pip_4d0bcbd1d1_4809368dec30_1b1aa717b8/project/mapper/pojo-base/src/main/java/org/hibernate/search/mapper/pojo/model/hcann/spi/AbstractPojoHCAnnBootstrapIntrospector.java:[23,20] error: cannot find symbol', '[ERROR] Failed to execute goal org.apache.maven.plugins:maven-compiler-plugin:3.11.0:compile (default-compile) on project hibernate-search-mapper-pojo-base: Compilation failure', '[ERROR] /workspace/benchmarks/swe-refactor/data/hibernate-search/ai_logs/single-agent_copilot_qwen/qwen3_6-flash/_workspaces/benchmark_pip_4d0bcbd1d1_4809368dec30_1b1aa717b8/project/mapper/pojo-base/src/main/java/org/hibernate/search/mapper/pojo/model/hcann/spi/AbstractPojoHCAnnBootstrapIntrospector.java:[23,20] error: cannot find symbol', '[ERROR]   symbol:   class AssertionFailure', '[ERROR]   location: package org.hibernate', '[ERROR] ', '[ERROR] -> [Help 1]', '[ERROR] ', '[ERROR] To see the full stack trace of the errors, re-run Maven with the -e switch.', '[ERROR] Re-run Maven using the -X switch to enable full debug logging.', '[ERROR] ', '[ERROR] For more information about the errors and possible solutions, please read the following articles:', '[ERROR] [Help 1] http://cwiki.apache.org/confluence/display/MAVEN/MojoFailureException', '[ERROR] ', '[ERROR] After correcting the problems, you can resume the build with the command', '[ERROR]   mvn <args> -rf :hibernate-search-mapper-pojo-base']"
2026-05-16T00:27:27.367398Z,swe,benchmark_pipeline_20260515_155352,single-agent,hibernate-search,f307576b2d1a89c3814067a2b6b62df1d8cd45fb_143_182_80_86_143_182,failed,0,854.7233123779297,2026-05-16T00:27:26Z,,,,,,/workspace/benchmarks/swe-refactor/data/hibernate-search/ai_logs/single-agent_copilot_qwen/qwen3_6-flash/benchmark_pip_4d0bcbd1d1_f307576b2d1a_d1970e9633.terminal.txt,/workspace/outputs/platform/home/.copilot/session-state/5bd75b0f-9a76-4c2e-aa38-6141fa8e38fa/events.jsonl,/workspace/benchmarks/swe-refactor/data/hibernate-search/ai_logs/single-agent_copilot_qwen/qwen3_6-flash/benchmark_pip_4d0bcbd1d1_f307576b2d1a_d1970e9633.output.txt,"the code did not perform Extract And Move Method operation. | ['[ERROR] COMPILATION ERROR : ', '[ERROR] /workspace/benchmarks/swe-refactor/data/hibernate-search/ai_logs/single-agent_copilot_qwen/qwen3_6-flash/_workspaces/benchmark_pip_4d0bcbd1d1_f307576b2d1a_d1970e9633/project/util/internal/integrationtest/mapper/orm/src/main/java/org/hibernate/search/util/impl/integrationtest/mapper/orm/OrmUtils.java:[12,68] package org.hibernate.search.integrationtest.mapper.orm.massindexing does not exist', '[ERROR] /workspace/benchmarks/swe-refactor/data/hibernate-search/ai_logs/single-agent_copilot_qwen/qwen3_6-flash/_workspaces/benchmark_pip_4d0bcbd1d1_f307576b2d1a_d1970e9633/project/util/internal/integrationtest/mapper/orm/src/main/java/org/hibernate/search/util/impl/integrationtest/mapper/orm/OrmUtils.java:[110,30] package AbstractMassIndexingFailureIT does not exist', '[ERROR] /workspace/benchmarks/swe-refactor/data/hibernate-search/ai_logs/single-agent_copilot_qwen/qwen3_6-flash/_workspaces/benchmark_pip_4d0bcbd1d1_f307576b2d1a_d1970e9633/project/util/internal/integrationtest/mapper/orm/src/main/java/org/hibernate/search/util/impl/integrationtest/mapper/orm/OrmUtils.java:[111,30] package AbstractMassIndexingFailureIT does not exist', '[ERROR] Failed to execute goal org.apache.maven.plugins:maven-compiler-plugin:3.8.1:compile (default-compile) on project hibernate-search-util-internal-integrationtest-mapper-orm: Compilation failure: Compilation failure: ', '[ERROR] /workspace/benchmarks/swe-refactor/data/hibernate-search/ai_logs/single-agent_copilot_qwen/qwen3_6-flash/_workspaces/benchmark_pip_4d0bcbd1d1_f307576b2d1a_d1970e9633/project/util/internal/integrationtest/mapper/orm/src/main/java/org/hibernate/search/util/impl/integrationtest/mapper/orm/OrmUtils.java:[12,68] package org.hibernate.search.integrationtest.mapper.orm.massindexing does not exist', '[ERROR] /workspace/benchmarks/swe-refactor/data/hibernate-search/ai_logs/single-agent_copilot_qwen/qwen3_6-flash/_workspac"
2026-05-16T00:30:06.864954Z,swe,benchmark_pipeline_20260515_155352,single-agent,hibernate-search,3ba4b03373611f27e258496ad8376ea8dc123642_134_148_201_204_122_129,failed,0,158.8645646572113,2026-05-16T00:30:06Z,,,,,,/workspace/benchmarks/swe-refactor/data/hibernate-search/ai_logs/single-agent_copilot_qwen/qwen3_6-flash/benchmark_pip_4d0bcbd1d1_3ba4b0337361_cbf752e776.terminal.txt,/workspace/outputs/platform/home/.copilot/session-state/8e0d2b25-42df-4fc7-a024-ba2a31eeb8be/events.jsonl,/workspace/benchmarks/swe-refactor/data/hibernate-search/ai_logs/single-agent_copilot_qwen/qwen3_6-flash/benchmark_pip_4d0bcbd1d1_3ba4b0337361_cbf752e776.output.txt,Target file path does not exist: /workspace/benchmarks/swe-refactor/data/hibernate-search/ai_logs/single-agent_copilot_qwen/qwen3_6-flash/_workspaces/benchmark_pip_4d0bcbd1d1_3ba4b0337361_cbf752e776/project/util/common/impl/Futures.java | Target file path does not exist: /workspace/benchmarks/swe-refactor/data/hibernate-search/ai_logs/single-agent_copilot_qwen/qwen3_6-flash/_workspaces/benchmark_pip_4d0bcbd1d1_3ba4b0337361_cbf752e776/project/util/common/impl/Futures.java
2026-05-16T00:32:24.361394Z,swe,benchmark_pipeline_20260515_155352,single-agent,hibernate-search,3ba4b03373611f27e258496ad8376ea8dc123642_51_95_281_284_52_83,failed,0,136.69281935691833,2026-05-16T00:32:23Z,,,,,,/workspace/benchmarks/swe-refactor/data/hibernate-search/ai_logs/single-agent_copilot_qwen/qwen3_6-flash/benchmark_pip_4d0bcbd1d1_3ba4b0337361_9f9d4303a4.terminal.txt,/workspace/outputs/platform/home/.copilot/session-state/c3c1d2ae-8d4f-42b6-a92e-48d69f47a745/events.jsonl,/workspace/benchmarks/swe-refactor/data/hibernate-search/ai_logs/single-agent_copilot_qwen/qwen3_6-flash/benchmark_pip_4d0bcbd1d1_3ba4b0337361_9f9d4303a4.output.txt,"the code did not perform Extract And Move Method operation. | ['[ERROR] diagnostic: /workspace/benchmarks/swe-refactor/data/hibernate-search/ai_logs/single-agent_copilot_qwen/qwen3_6-flash/_workspaces/benchmark_pip_4d0bcbd1d1_3ba4b0337361_9f9d4303a4/project/backend/elasticsearch/src/main/java/org/hibernate/search/backend/elasticsearch/orchestration/impl/ElasticsearchWorkSequenceBuilder.java:134: error: cannot find symbol', '[ERROR] error on execute: use -X to have details ', '[ERROR] Failed to execute goal org.bsc.maven:maven-processor-plugin:3.2.0:process (process) on project hibernate-search-backend-elasticsearch: Error executing: error during compilation -> [Help 1]', '[ERROR] ', '[ERROR] To see the full stack trace of the errors, re-run Maven with the -e switch.', '[ERROR] Re-run Maven using the -X switch to enable full debug logging.', '[ERROR] ', '[ERROR] For more information about the errors and possible solutions, please read the following articles:', '[ERROR] [Help 1] http://cwiki.apache.org/confluence/display/MAVEN/MojoExecutionException', '[ERROR] ', '[ERROR] After correcting the problems, you can resume the build with the command', '[ERROR]   mvn <args> -rf :hibernate-search-backend-elasticsearch']"
2026-05-16T00:33:40.455732Z,swe,benchmark_pipeline_20260515_155352,single-agent,javaparser,b08e66263903837d53a688b5d12a758c8cdf167e_87_129_53_55_87_129,failed,0,71.55092191696167,2026-05-16T00:33:39Z,,,,,,/workspace/benchmarks/swe-refactor/data/javaparser/ai_logs/single-agent_copilot_qwen/qwen3_6-flash/benchmark_pip_4d0bcbd1d1_b08e66263903_9f0ab5ca61.terminal.txt,/workspace/outputs/platform/home/.copilot/session-state/42afcc7e-b6df-4ce0-8ba7-e5833117c3da/events.jsonl,/workspace/benchmarks/swe-refactor/data/javaparser/ai_logs/single-agent_copilot_qwen/qwen3_6-flash/benchmark_pip_4d0bcbd1d1_b08e66263903_9f0ab5ca61.output.txt,invalid_swe_output_artifact: missing required original SWE section headers or malformed final SWE output file. | invalid_swe_output_artifact: missing required original SWE section headers or malformed final SWE output file.
2026-05-16T00:39:48.970519Z,swe,benchmark_pipeline_20260515_155352,single-agent,javaparser,2903fc918dd87be53192aa1065047392f7adf4d1_76_98__79_110_156_161,failed,0,367.8987171649933,2026-05-16T00:39:48Z,,,,,,/workspace/benchmarks/swe-refactor/data/javaparser/ai_logs/single-agent_copilot_qwen/qwen3_6-flash/benchmark_pip_4d0bcbd1d1_2903fc918dd8_0dba3f8d13.terminal.txt,/workspace/outputs/platform/home/.copilot/session-state/d76768d5-2102-4516-9be1-617df87a558c/events.jsonl,/workspace/benchmarks/swe-refactor/data/javaparser/ai_logs/single-agent_copilot_qwen/qwen3_6-flash/benchmark_pip_4d0bcbd1d1_2903fc918dd8_0dba3f8d13.output.txt,the code did not perform Move And Inline Method operation. | Build succeeded.
2026-05-16T00:43:23.899262Z,swe,benchmark_pipeline_20260515_155352,single-agent,javaparser,034b17a06497b52eb066eaf1ece5f086305ec840_72_76_133_135_73_77,failed,0,214.56009674072266,2026-05-16T00:43:23Z,,,,,,/workspace/benchmarks/swe-refactor/data/javaparser/ai_logs/single-agent_copilot_qwen/qwen3_6-flash/benchmark_pip_4d0bcbd1d1_034b17a06497_b9c60f9986.terminal.txt,/workspace/outputs/platform/home/.copilot/session-state/1008dd6e-7e31-4e4c-9800-1e314f15b6b2/events.jsonl,/workspace/benchmarks/swe-refactor/data/javaparser/ai_logs/single-agent_copilot_qwen/qwen3_6-flash/benchmark_pip_4d0bcbd1d1_034b17a06497_b9c60f9986.output.txt,"the Extract And Move Method operation is successful. | ['[ERROR] COMPILATION ERROR : ', '[ERROR] /workspace/benchmarks/swe-refactor/data/javaparser/ai_logs/single-agent_copilot_qwen/qwen3_6-flash/_workspaces/benchmark_pip_4d0bcbd1d1_034b17a06497_b9c60f9986/project/javaparser-testing/src/test/java/com/github/javaparser/utils/TestUtils.java:[140,65] cannot find symbol', '[ERROR] Failed to execute goal org.apache.maven.plugins:maven-compiler-plugin:3.5.1:testCompile (default-testCompile) on project javaparser-testing: Compilation failure', '[ERROR] /workspace/benchmarks/swe-refactor/data/javaparser/ai_logs/single-agent_copilot_qwen/qwen3_6-flash/_workspaces/benchmark_pip_4d0bcbd1d1_034b17a06497_b9c60f9986/project/javaparser-testing/src/test/java/com/github/javaparser/utils/TestUtils.java:[140,65] cannot find symbol', '[ERROR]   symbol:   variable EXPRESSION', '[ERROR]   location: class com.github.javaparser.utils.TestUtils', '[ERROR] ', '[ERROR] -> [Help 1]', '[ERROR] ', '[ERROR] To see the full stack trace of the errors, re-run Maven with the -e switch.', '[ERROR] Re-run Maven using the -X switch to enable full debug logging.', '[ERROR] ', '[ERROR] For more information about the errors and possible solutions, please read the following articles:', '[ERROR] [Help 1] http://cwiki.apache.org/confluence/display/MAVEN/MojoFailureException', '[ERROR] ', '[ERROR] After correcting the problems, you can resume the build with the command', '[ERROR]   mvn <args> -rf :javaparser-testing']"
2026-05-16T00:45:53.740137Z,swe,benchmark_pipeline_20260515_155352,single-agent,javaparser,ead1412d06bf2ba7eaec982231023aef4aed370a_88_91__77_80_66_68,failed,0,149.4760718345642,2026-05-16T00:45:53Z,,,,,,/workspace/benchmarks/swe-refactor/data/javaparser/ai_logs/single-agent_copilot_qwen/qwen3_6-flash/benchmark_pip_4d0bcbd1d1_ead1412d06bf_4201424b4e.terminal.txt,/workspace/outputs/platform/home/.copilot/session-state/edf4dbec-cc8f-490f-94c1-4ce22f3ec4df/events.jsonl,/workspace/benchmarks/swe-refactor/data/javaparser/ai_logs/single-agent_copilot_qwen/qwen3_6-flash/benchmark_pip_4d0bcbd1d1_ead1412d06bf_4201424b4e.output.txt,invalid_swe_output_artifact: missing required original SWE section headers or malformed final SWE output file. | invalid_swe_output_artifact: missing required original SWE section headers or malformed final SWE output file.
2026-05-16T00:46:52.246713Z,swe,benchmark_pipeline_20260515_155352,single-agent,javaparser,547da782d2ea7f1abc35e5c1e5852928962a11ef_60_63_178_189_60_63,success,0,57.67596244812012,2026-05-16T00:46:51Z,,,,,,/workspace/benchmarks/swe-refactor/data/javaparser/ai_logs/single-agent_copilot_qwen/qwen3_6-flash/benchmark_pip_4d0bcbd1d1_547da782d2ea_b37a6666b2.terminal.txt,/workspace/outputs/platform/home/.copilot/session-state/fe463588-9e10-4031-9548-f1ffbadc6c0b/events.jsonl,/workspace/benchmarks/swe-refactor/data/javaparser/ai_logs/single-agent_copilot_qwen/qwen3_6-flash/benchmark_pip_4d0bcbd1d1_547da782d2ea_b37a6666b2.output.txt,the Extract And Move Method operation is successful. | Build succeeded.
2026-05-16T00:53:26.293238Z,swe,benchmark_pipeline_20260515_155352,single-agent,javaparser,c378a677ebcd999d853b3e5867ac7ca7cd8e73cb_359_371_187_198_357_360,failed,0,393.52675890922546,2026-05-16T00:53:25Z,,,,,,/workspace/benchmarks/swe-refactor/data/javaparser/ai_logs/single-agent_copilot_qwen/qwen3_6-flash/benchmark_pip_4d0bcbd1d1_c378a677ebcd_e54ffa9029.terminal.txt,/workspace/outputs/platform/home/.copilot/session-state/588b89f9-fd64-4da3-b3aa-ba88fd955be5/events.jsonl,/workspace/benchmarks/swe-refactor/data/javaparser/ai_logs/single-agent_copilot_qwen/qwen3_6-flash/benchmark_pip_4d0bcbd1d1_c378a677ebcd_e54ffa9029.output.txt,"the Extract And Move Method operation is successful. | ['[ERROR] COMPILATION ERROR : ', '[ERROR] /workspace/benchmarks/swe-refactor/data/javaparser/ai_logs/single-agent_copilot_qwen/qwen3_6-flash/_workspaces/benchmark_pip_4d0bcbd1d1_c378a677ebcd_e54ffa9029/project/javaparser-symbol-solver-core/src/main/java/com/github/javaparser/symbolsolver/javaparsermodel/declarations/JavaParserInterfaceDeclaration.java:[362,16] method internalTypes in class com.github.javaparser.symbolsolver.javaparsermodel.declarations.JavaParserInterfaceDeclaration cannot be applied to given types;', '[ERROR] Failed to execute goal org.apache.maven.plugins:maven-compiler-plugin:3.8.1:compile (default-compile) on project javaparser-symbol-solver-core: Compilation failure', '[ERROR] /workspace/benchmarks/swe-refactor/data/javaparser/ai_logs/single-agent_copilot_qwen/qwen3_6-flash/_workspaces/benchmark_pip_4d0bcbd1d1_c378a677ebcd_e54ffa9029/project/javaparser-symbol-solver-core/src/main/java/com/github/javaparser/symbolsolver/javaparsermodel/declarations/JavaParserInterfaceDeclaration.java:[362,16] method internalTypes in class com.github.javaparser.symbolsolver.javaparsermodel.declarations.JavaParserInterfaceDeclaration cannot be applied to given types;', '[ERROR]   required: no arguments', '[ERROR]   found:    com.github.javaparser.ast.body.ClassOrInterfaceDeclaration,com.github.javaparser.symbolsolver.model.resolution.TypeSolver', '[ERROR]   reason: actual and formal argument lists differ in length', '[ERROR] ', '[ERROR] -> [Help 1]', '[ERROR] ', '[ERROR] To see the full stack trace of the errors, re-run Maven with the -e switch.', '[ERROR] Re-run Maven using the -X switch to enable full debug logging.', '[ERROR] ', '[ERROR] For more information about the errors and possible solutions, please read the following articles:', '[ERROR] [Help 1] http://cwiki.apache.org/confluence/display/MAVEN/MojoFailureException', '[ERROR] ', '[ERROR] After correcting the problems, you can resume the build with th"
2026-05-16T01:00:04.868570Z,swe,benchmark_pipeline_20260515_155352,single-agent,javaparser,2b503c32229deae7d432f59dab710839ecf76c4c_203_211_25_27_203_211,failed,0,396.0746123790741,2026-05-16T01:00:02Z,,,,,,/workspace/benchmarks/swe-refactor/data/javaparser/ai_logs/single-agent_copilot_qwen/qwen3_6-flash/benchmark_pip_4d0bcbd1d1_2b503c32229d_5814b4d35c.terminal.txt,/workspace/outputs/platform/home/.copilot/session-state/b66b4cdd-1e46-4ba1-b01f-7a9acc1851fe/events.jsonl,/workspace/benchmarks/swe-refactor/data/javaparser/ai_logs/single-agent_copilot_qwen/qwen3_6-flash/benchmark_pip_4d0bcbd1d1_2b503c32229d_5814b4d35c.output.txt,"the Extract And Move Method operation is successful. | ['[ERROR] COMPILATION ERROR : ', '[ERROR] /workspace/benchmarks/swe-refactor/data/javaparser/ai_logs/single-agent_copilot_qwen/qwen3_6-flash/_workspaces/benchmark_pip_4d0bcbd1d1_2b503c32229d_5814b4d35c/project/javaparser-symbol-solver-core/src/main/java/com/github/javaparser/symbolsolver/resolution/typeinference/LeastUpperBoundLogic.java:[11,1] a type with the same simple name is already defined by the single-type-import of com.github.javaparser.symbolsolver.resolution.typeinference.Bound', '[ERROR] /workspace/benchmarks/swe-refactor/data/javaparser/ai_logs/single-agent_copilot_qwen/qwen3_6-flash/_workspaces/benchmark_pip_4d0bcbd1d1_2b503c32229d_5814b4d35c/project/javaparser-symbol-solver-core/src/main/java/com/github/javaparser/symbolsolver/resolution/typeinference/LeastUpperBoundLogic.java:[343,48] incompatible types: java.util.List<com.github.javaparser.resolution.declarations.ResolvedTypeParameterDeclaration.Bound> cannot be converted to java.util.List<com.github.javaparser.symbolsolver.resolution.typeinference.Bound>', '[ERROR] /workspace/benchmarks/swe-refactor/data/javaparser/ai_logs/single-agent_copilot_qwen/qwen3_6-flash/_workspaces/benchmark_pip_4d0bcbd1d1_2b503c32229d_5814b4d35c/project/javaparser-symbol-solver-core/src/main/java/com/github/javaparser/symbolsolver/resolution/typeinference/LeastUpperBoundLogic.java:[344,51] cannot find symbol', '[ERROR] Failed to execute goal org.apache.maven.plugins:maven-compiler-plugin:3.10.1:compile (default-compile) on project javaparser-symbol-solver-core: Compilation failure: Compilation failure: ', '[ERROR] /workspace/benchmarks/swe-refactor/data/javaparser/ai_logs/single-agent_copilot_qwen/qwen3_6-flash/_workspaces/benchmark_pip_4d0bcbd1d1_2b503c32229d_5814b4d35c/project/javaparser-symbol-solver-core/src/main/java/com/github/javaparser/symbolsolver/resolution/typeinference/LeastUpperBoundLogic.java:[11,1] a type with the same simple name is already defined by "
2026-05-16T01:01:13.400962Z,swe,benchmark_pipeline_20260515_155352,single-agent,javaparser,78d0ea5d493f0ab2e83bb70d7023b670bfa2f7b6_32_49_120_123_29_34,failed,0,68.04536199569702,2026-05-16T01:01:12Z,,,,,,/workspace/benchmarks/swe-refactor/data/javaparser/ai_logs/single-agent_copilot_qwen/qwen3_6-flash/benchmark_pip_4d0bcbd1d1_78d0ea5d493f_ca74a97046.terminal.txt,/workspace/outputs/platform/home/.copilot/session-state/662b1f72-49fe-4803-9ab4-59fc056ceda2/events.jsonl,/workspace/benchmarks/swe-refactor/data/javaparser/ai_logs/single-agent_copilot_qwen/qwen3_6-flash/benchmark_pip_4d0bcbd1d1_78d0ea5d493f_ca74a97046.output.txt,"the code did not perform Extract And Move Method operation. | ['[ERROR] COMPILATION ERROR : ', '[ERROR] /workspace/benchmarks/swe-refactor/data/javaparser/ai_logs/single-agent_copilot_qwen/qwen3_6-flash/_workspaces/benchmark_pip_4d0bcbd1d1_78d0ea5d493f_ca74a97046/project/javaparser-core/src/main/java/com/github/javaparser/printer/concretesyntaxmodel/CsmComment.java:[22,38] <identifier> expected', '[ERROR] /workspace/benchmarks/swe-refactor/data/javaparser/ai_logs/single-agent_copilot_qwen/qwen3_6-flash/_workspaces/benchmark_pip_4d0bcbd1d1_78d0ea5d493f_ca74a97046/project/javaparser-core/src/main/java/com/github/javaparser/printer/concretesyntaxmodel/CsmComment.java:[33,5] illegal start of type', '[ERROR] /workspace/benchmarks/swe-refactor/data/javaparser/ai_logs/single-agent_copilot_qwen/qwen3_6-flash/_workspaces/benchmark_pip_4d0bcbd1d1_78d0ea5d493f_ca74a97046/project/javaparser-core/src/main/java/com/github/javaparser/printer/concretesyntaxmodel/CsmComment.java:[33,62] <identifier> expected', '[ERROR] /workspace/benchmarks/swe-refactor/data/javaparser/ai_logs/single-agent_copilot_qwen/qwen3_6-flash/_workspaces/benchmark_pip_4d0bcbd1d1_78d0ea5d493f_ca74a97046/project/javaparser-core/src/main/java/com/github/javaparser/printer/concretesyntaxmodel/CsmComment.java:[35,1] illegal start of type', '[ERROR] /workspace/benchmarks/swe-refactor/data/javaparser/ai_logs/single-agent_copilot_qwen/qwen3_6-flash/_workspaces/benchmark_pip_4d0bcbd1d1_78d0ea5d493f_ca74a97046/project/javaparser-core/src/main/java/com/github/javaparser/printer/concretesyntaxmodel/CsmComment.java:[35,38] <identifier> expected', '[ERROR] /workspace/benchmarks/swe-refactor/data/javaparser/ai_logs/single-agent_copilot_qwen/qwen3_6-flash/_workspaces/benchmark_pip_4d0bcbd1d1_78d0ea5d493f_ca74a97046/project/javaparser-core/src/main/java/com/github/javaparser/printer/concretesyntaxmodel/CsmComment.java:[36,1] illegal start of type', '[ERROR] /workspace/benchmarks/swe-refactor/data/javaparser/ai_logs/single-age"
2026-05-16T01:05:44.008803Z,swe,benchmark_pipeline_20260515_155352,single-agent,javaparser,86f41353d40bfd3ef0669b863926626b6c4949bf_622_653_132_135_616_629,failed,0,270.17736649513245,2026-05-16T01:05:43Z,,,,,,/workspace/benchmarks/swe-refactor/data/javaparser/ai_logs/single-agent_copilot_qwen/qwen3_6-flash/benchmark_pip_4d0bcbd1d1_86f41353d40b_025d4fd996.terminal.txt,/workspace/outputs/platform/home/.copilot/session-state/8a000b51-ca71-4f61-95d4-63d1b9edcd7a/events.jsonl,/workspace/benchmarks/swe-refactor/data/javaparser/ai_logs/single-agent_copilot_qwen/qwen3_6-flash/benchmark_pip_4d0bcbd1d1_86f41353d40b_025d4fd996.output.txt,invalid_swe_output_artifact: missing required original SWE section headers or malformed final SWE output file. | invalid_swe_output_artifact: missing required original SWE section headers or malformed final SWE output file.
2026-05-16T01:30:20.273258Z,swe,benchmark_pipeline_20260515_155352,single-agent,junit5,50b28568a20c85473460504f484ac84b0308dc5d_61_93_569_574_61_78,failed,0,1472.6800775527954,2026-05-16T01:30:19Z,,,,,,/workspace/benchmarks/swe-refactor/data/junit5/ai_logs/single-agent_copilot_qwen/qwen3_6-flash/benchmark_pip_4d0bcbd1d1_50b28568a20c_eb99a086f9.terminal.txt,/workspace/outputs/platform/home/.copilot/session-state/96bb130e-86fe-408f-8ea3-aaa7841f3e72/events.jsonl,/workspace/benchmarks/swe-refactor/data/junit5/ai_logs/single-agent_copilot_qwen/qwen3_6-flash/benchmark_pip_4d0bcbd1d1_50b28568a20c_eb99a086f9.output.txt,"the Extract And Move Method operation is successful. | Build failed. Details:
2026-05-16T01:49:48.767404Z,swe,benchmark_pipeline_20260515_155352,single-agent,junit5,50b28568a20c85473460504f484ac84b0308dc5d_562_568_588_590_550_556,failed,0,1167.9229612350464,2026-05-16T01:49:48Z,,,,,,/workspace/benchmarks/swe-refactor/data/junit5/ai_logs/single-agent_copilot_qwen/qwen3_6-flash/benchmark_pip_4d0bcbd1d1_50b28568a20c_d0abdaa290.terminal.txt,/workspace/outputs/platform/home/.copilot/session-state/669bff41-04d5-4f19-a33b-d112c96b5772/events.jsonl,/workspace/benchmarks/swe-refactor/data/junit5/ai_logs/single-agent_copilot_qwen/qwen3_6-flash/benchmark_pip_4d0bcbd1d1_50b28568a20c_d0abdaa290.output.txt,"the Extract And Move Method operation is successful. | Build failed. Details:
2026-05-16T02:06:34.265385Z,swe,benchmark_pipeline_20260515_155352,single-agent,junit5,50b28568a20c85473460504f484ac84b0308dc5d_554_560_584_586_542_548,success,0,1004.2266685962677,2026-05-16T02:06:33Z,,,,,,/workspace/benchmarks/swe-refactor/data/junit5/ai_logs/single-agent_copilot_qwen/qwen3_6-flash/benchmark_pip_4d0bcbd1d1_50b28568a20c_720ca7d06c.terminal.txt,/workspace/outputs/platform/home/.copilot/session-state/165a8307-e53e-4fe8-a814-8d08c64711a6/events.jsonl,/workspace/benchmarks/swe-refactor/data/junit5/ai_logs/single-agent_copilot_qwen/qwen3_6-flash/benchmark_pip_4d0bcbd1d1_50b28568a20c_720ca7d06c.output.txt,the Extract And Move Method operation is successful. | Build succeeded.
2026-05-16T02:08:29.022232Z,swe,benchmark_pipeline_20260515_155352,single-agent,junit5,50b28568a20c85473460504f484ac84b0308dc5d_546_552_580_582_534_540,failed,0,114.37743997573853,2026-05-16T02:08:28Z,,,,,,/workspace/benchmarks/swe-refactor/data/junit5/ai_logs/single-agent_copilot_qwen/qwen3_6-flash/benchmark_pip_4d0bcbd1d1_50b28568a20c_2a3c314d99.terminal.txt,/workspace/outputs/platform/home/.copilot/session-state/e89a7e53-293b-4cba-abd8-54b5190e20e5/events.jsonl,/workspace/benchmarks/swe-refactor/data/junit5/ai_logs/single-agent_copilot_qwen/qwen3_6-flash/benchmark_pip_4d0bcbd1d1_50b28568a20c_2a3c314d99.output.txt,Invalid target file path: | Invalid target file path:
2026-05-16T02:10:11.161146Z,swe,benchmark_pipeline_20260515_155352,single-agent,junit5,50b28568a20c85473460504f484ac84b0308dc5d_538_544_576_578_526_532,failed,0,101.73476767539978,2026-05-16T02:10:10Z,,,,,,/workspace/benchmarks/swe-refactor/data/junit5/ai_logs/single-agent_copilot_qwen/qwen3_6-flash/benchmark_pip_4d0bcbd1d1_50b28568a20c_deb892817f.terminal.txt,/workspace/outputs/platform/home/.copilot/session-state/8d69deed-20f6-43f8-88c6-899babf68842/events.jsonl,/workspace/benchmarks/swe-refactor/data/junit5/ai_logs/single-agent_copilot_qwen/qwen3_6-flash/benchmark_pip_4d0bcbd1d1_50b28568a20c_deb892817f.output.txt,Extracted method must be public static. | Extracted method must be public static.
2026-05-16T02:13:48.270766Z,swe,benchmark_pipeline_20260515_155352,single-agent,junit5,50b28568a20c85473460504f484ac84b0308dc5d_524_529_588_590_515_520,timed_out,1,216.7009255886078,2026-05-16T02:13:47Z,,,,,,/workspace/benchmarks/swe-refactor/data/junit5/ai_logs/single-agent_copilot_qwen/qwen3_6-flash/benchmark_pip_4d0bcbd1d1_50b28568a20c_8355026e2e.terminal.txt,/workspace/outputs/platform/home/.copilot/session-state/89a26bdf-1f98-489b-a67d-782c63aa0e8d/events.jsonl,/workspace/benchmarks/swe-refactor/data/junit5/ai_logs/single-agent_copilot_qwen/qwen3_6-flash/benchmark_pip_4d0bcbd1d1_50b28568a20c_8355026e2e.output.txt,Extracted method must be public static. | Extracted method must be public static.
2026-05-16T02:32:32.807630Z,swe,benchmark_pipeline_20260515_155352,single-agent,junit5,50b28568a20c85473460504f484ac84b0308dc5d_517_522_584_586_508_513,timed_out,1,1123.9783017635345,2026-05-16T02:32:32Z,,,,,,/workspace/benchmarks/swe-refactor/data/junit5/ai_logs/single-agent_copilot_qwen/qwen3_6-flash/benchmark_pip_4d0bcbd1d1_50b28568a20c_cec68779b3.terminal.txt,/workspace/outputs/platform/home/.copilot/session-state/7ca0209d-65a0-4794-875d-d147e47b44be/events.jsonl,/workspace/benchmarks/swe-refactor/data/junit5/ai_logs/single-agent_copilot_qwen/qwen3_6-flash/benchmark_pip_4d0bcbd1d1_50b28568a20c_cec68779b3.output.txt,"the Extract And Move Method operation is successful. | Build failed. Details:
2026-05-16T02:50:26.228842Z,swe,benchmark_pipeline_20260515_155352,single-agent,junit5,50b28568a20c85473460504f484ac84b0308dc5d_406_412_584_586_406_412,failed,0,1072.8461351394653,2026-05-16T02:50:25Z,,,,,,/workspace/benchmarks/swe-refactor/data/junit5/ai_logs/single-agent_copilot_qwen/qwen3_6-flash/benchmark_pip_4d0bcbd1d1_50b28568a20c_e0cff4e996.terminal.txt,/workspace/outputs/platform/home/.copilot/session-state/d9607f26-ba05-4f51-b320-1aec7853844c/events.jsonl,/workspace/benchmarks/swe-refactor/data/junit5/ai_logs/single-agent_copilot_qwen/qwen3_6-flash/benchmark_pip_4d0bcbd1d1_50b28568a20c_e0cff4e996.output.txt,"the Extract And Move Method operation is successful. | Build failed. Details:
2026-05-16T03:07:44.544180Z,swe,benchmark_pipeline_20260515_155352,single-agent,junit5,50b28568a20c85473460504f484ac84b0308dc5d_398_404_580_582_398_404,failed,0,1037.7202508449554,2026-05-16T03:07:43Z,,,,,,/workspace/benchmarks/swe-refactor/data/junit5/ai_logs/single-agent_copilot_qwen/qwen3_6-flash/benchmark_pip_4d0bcbd1d1_50b28568a20c_ae95bad75a.terminal.txt,/workspace/outputs/platform/home/.copilot/session-state/3fe1d070-8b3d-462e-8432-edddddae399a/events.jsonl,/workspace/benchmarks/swe-refactor/data/junit5/ai_logs/single-agent_copilot_qwen/qwen3_6-flash/benchmark_pip_4d0bcbd1d1_50b28568a20c_ae95bad75a.output.txt,"the Extract And Move Method operation is successful. | Build failed. Details:
2026-05-16T03:10:09.899124Z,swe,benchmark_pipeline_20260515_155352,single-agent,junit5,50b28568a20c85473460504f484ac84b0308dc5d_390_396_576_578_390_396,failed,0,144.8419280052185,2026-05-16T03:10:09Z,,,,,,/workspace/benchmarks/swe-refactor/data/junit5/ai_logs/single-agent_copilot_qwen/qwen3_6-flash/benchmark_pip_4d0bcbd1d1_50b28568a20c_add12fe24b.terminal.txt,/workspace/outputs/platform/home/.copilot/session-state/9a48183e-6858-4bb7-a574-612f9a66bd05/events.jsonl,/workspace/benchmarks/swe-refactor/data/junit5/ai_logs/single-agent_copilot_qwen/qwen3_6-flash/benchmark_pip_4d0bcbd1d1_50b28568a20c_add12fe24b.output.txt,invalid_swe_output_artifact: missing required original SWE section headers or malformed final SWE output file. | invalid_swe_output_artifact: missing required original SWE section headers or malformed final SWE output file.
2026-05-16T03:12:46.740950Z,swe,benchmark_pipeline_20260515_155352,single-agent,junit5,2a777a84cfdc9ccb79aa906cde80e0f44977d3a7_75_80__81_86,timed_out,1,156.39791131019592,2026-05-16T03:12:46Z,,,,,,/workspace/benchmarks/swe-refactor/data/junit5/ai_logs/single-agent_copilot_qwen/qwen3_6-flash/benchmark_pip_4d0bcbd1d1_2a777a84cfdc_6e50415172.terminal.txt,/workspace/outputs/platform/home/.copilot/session-state/a3580d33-572c-45a9-9a53-d2c4ea7413c7/events.jsonl,/workspace/benchmarks/swe-refactor/data/junit5/ai_logs/single-agent_copilot_qwen/qwen3_6-flash/benchmark_pip_4d0bcbd1d1_2a777a84cfdc_6e50415172.output.txt,Invalid target file path: | Invalid target file path:
2026-05-16T03:31:37.614753Z,swe,benchmark_pipeline_20260515_155352,single-agent,junit5,50b28568a20c85473460504f484ac84b0308dc5d_510_515_580_582_501_506,failed,0,1130.2897510528564,2026-05-16T03:31:37Z,,,,,,/workspace/benchmarks/swe-refactor/data/junit5/ai_logs/single-agent_copilot_qwen/qwen3_6-flash/benchmark_pip_4d0bcbd1d1_50b28568a20c_a664b99bf5.terminal.txt,/workspace/outputs/platform/home/.copilot/session-state/5270a0ce-3272-4fd9-8199-c6542abde5a5/events.jsonl,/workspace/benchmarks/swe-refactor/data/junit5/ai_logs/single-agent_copilot_qwen/qwen3_6-flash/benchmark_pip_4d0bcbd1d1_50b28568a20c_a664b99bf5.output.txt,"the code did not perform Extract And Move Method operation. | Build failed. Details:
2026-05-16T03:50:42.291879Z,swe,benchmark_pipeline_20260515_155352,single-agent,junit5,50b28568a20c85473460504f484ac84b0308dc5d_503_508_576_578_494_499,failed,0,1143.2004663944244,2026-05-16T03:50:40Z,,,,,,/workspace/benchmarks/swe-refactor/data/junit5/ai_logs/single-agent_copilot_qwen/qwen3_6-flash/benchmark_pip_4d0bcbd1d1_50b28568a20c_4a33ed96f4.terminal.txt,/workspace/outputs/platform/home/.copilot/session-state/a8fbebf0-48bd-48fc-96b4-6700610bb05a/events.jsonl,/workspace/benchmarks/swe-refactor/data/junit5/ai_logs/single-agent_copilot_qwen/qwen3_6-flash/benchmark_pip_4d0bcbd1d1_50b28568a20c_4a33ed96f4.output.txt,"the Extract And Move Method operation is successful. | Build failed. Details:
2026-05-16T04:10:17.974584Z,swe,benchmark_pipeline_20260515_155352,single-agent,junit5,50b28568a20c85473460504f484ac84b0308dc5d_488_494_588_590_482_488,failed,0,1175.0052688121796,2026-05-16T04:10:17Z,,,,,,/workspace/benchmarks/swe-refactor/data/junit5/ai_logs/single-agent_copilot_qwen/qwen3_6-flash/benchmark_pip_4d0bcbd1d1_50b28568a20c_be1e8a0c6e.terminal.txt,/workspace/outputs/platform/home/.copilot/session-state/28ae2a08-39e6-4a73-b6fb-fa09aac8c83a/events.jsonl,/workspace/benchmarks/swe-refactor/data/junit5/ai_logs/single-agent_copilot_qwen/qwen3_6-flash/benchmark_pip_4d0bcbd1d1_50b28568a20c_be1e8a0c6e.output.txt,"the Extract And Move Method operation is successful. | Build failed. Details:
2026-05-16T04:30:16.627880Z,swe,benchmark_pipeline_20260515_155352,single-agent,junit5,50b28568a20c85473460504f484ac84b0308dc5d_480_486_584_586_474_480,failed,0,1197.8959653377533,2026-05-16T04:30:15Z,,,,,,/workspace/benchmarks/swe-refactor/data/junit5/ai_logs/single-agent_copilot_qwen/qwen3_6-flash/benchmark_pip_4d0bcbd1d1_50b28568a20c_8f1606e245.terminal.txt,/workspace/outputs/platform/home/.copilot/session-state/9c88892b-3ee1-42f8-bbc8-c303ed411421/events.jsonl,/workspace/benchmarks/swe-refactor/data/junit5/ai_logs/single-agent_copilot_qwen/qwen3_6-flash/benchmark_pip_4d0bcbd1d1_50b28568a20c_8f1606e245.output.txt,"the code did not perform Extract And Move Method operation. | Build failed. Details:
2026-05-16T04:32:31.278736Z,swe,benchmark_pipeline_20260515_155352,single-agent,junit5,50b28568a20c85473460504f484ac84b0308dc5d_472_478_580_582_466_472,failed,0,134.1735999584198,2026-05-16T04:32:30Z,,,,,,/workspace/benchmarks/swe-refactor/data/junit5/ai_logs/single-agent_copilot_qwen/qwen3_6-flash/benchmark_pip_4d0bcbd1d1_50b28568a20c_de4f8ad95e.terminal.txt,/workspace/outputs/platform/home/.copilot/session-state/dcb7fa89-161b-4b4d-820d-39f2509ef98a/events.jsonl,/workspace/benchmarks/swe-refactor/data/junit5/ai_logs/single-agent_copilot_qwen/qwen3_6-flash/benchmark_pip_4d0bcbd1d1_50b28568a20c_de4f8ad95e.output.txt,invalid_swe_output_artifact: missing required original SWE section headers or malformed final SWE output file. | invalid_swe_output_artifact: missing required original SWE section headers or malformed final SWE output file.
2026-05-16T04:51:51.549769Z,swe,benchmark_pipeline_20260515_155352,single-agent,junit5,50b28568a20c85473460504f484ac84b0308dc5d_443_448_584_586_440_445,failed,0,1159.6366622447968,2026-05-16T04:51:50Z,,,,,,/workspace/benchmarks/swe-refactor/data/junit5/ai_logs/single-agent_copilot_qwen/qwen3_6-flash/benchmark_pip_4d0bcbd1d1_50b28568a20c_81c6635c9e.terminal.txt,/workspace/outputs/platform/home/.copilot/session-state/52abe50c-a7db-4a90-9035-608c01240cfa/events.jsonl,/workspace/benchmarks/swe-refactor/data/junit5/ai_logs/single-agent_copilot_qwen/qwen3_6-flash/benchmark_pip_4d0bcbd1d1_50b28568a20c_81c6635c9e.output.txt,"the code did not perform Extract And Move Method operation. | Build failed. Details:
2026-05-16T05:12:25.565946Z,swe,benchmark_pipeline_20260515_155352,single-agent,junit5,50b28568a20c85473460504f484ac84b0308dc5d_436_441_580_582_433_438,failed,0,1231.9231255054474,2026-05-16T05:12:23Z,,,,,,/workspace/benchmarks/swe-refactor/data/junit5/ai_logs/single-agent_copilot_qwen/qwen3_6-flash/benchmark_pip_4d0bcbd1d1_50b28568a20c_afaefaf945.terminal.txt,/workspace/outputs/platform/home/.copilot/session-state/cd30c6a7-59c7-45d2-8e3c-f14579070296/events.jsonl,/workspace/benchmarks/swe-refactor/data/junit5/ai_logs/single-agent_copilot_qwen/qwen3_6-flash/benchmark_pip_4d0bcbd1d1_50b28568a20c_afaefaf945.output.txt,"the Extract And Move Method operation is successful. | Build failed. Details:
2026-05-16T05:31:20.903324Z,swe,benchmark_pipeline_20260515_155352,single-agent,junit5,50b28568a20c85473460504f484ac84b0308dc5d_429_434_576_578_426_431,failed,0,1132.9086000919342,2026-05-16T05:31:18Z,,,,,,/workspace/benchmarks/swe-refactor/data/junit5/ai_logs/single-agent_copilot_qwen/qwen3_6-flash/benchmark_pip_4d0bcbd1d1_50b28568a20c_db587b7488.terminal.txt,/workspace/outputs/platform/home/.copilot/session-state/9bec978e-bffd-4c1f-bae1-1527b623fcec/events.jsonl,/workspace/benchmarks/swe-refactor/data/junit5/ai_logs/single-agent_copilot_qwen/qwen3_6-flash/benchmark_pip_4d0bcbd1d1_50b28568a20c_db587b7488.output.txt,"the code did not perform Extract And Move Method operation. | Build failed. Details:
2026-05-16T05:35:19.958359Z,swe,benchmark_pipeline_20260515_155352,single-agent,junit5,9f6ad01b6d4753a0cb8f6c366371b277d49d035b_84_91__23_30,failed,0,237.9952371120453,2026-05-16T05:35:18Z,,,,,,/workspace/benchmarks/swe-refactor/data/junit5/ai_logs/single-agent_copilot_qwen/qwen3_6-flash/benchmark_pip_4d0bcbd1d1_9f6ad01b6d47_60766ab06a.terminal.txt,/workspace/outputs/platform/home/.copilot/session-state/7d8e4784-ee68-473b-ae4a-deed032ba75b/events.jsonl,/workspace/benchmarks/swe-refactor/data/junit5/ai_logs/single-agent_copilot_qwen/qwen3_6-flash/benchmark_pip_4d0bcbd1d1_9f6ad01b6d47_60766ab06a.output.txt,"the code did not perform Move And Rename Method operation. | Build failed. Details:
2026-05-16T05:42:10.806900Z,swe,benchmark_pipeline_20260515_155352,single-agent,mockito,50b21cf68b400a29369de58b9286d29e368212a7_16_18_46_49_18_20,success,0,406.8531174659729,2026-05-16T05:42:10Z,,,,,,/workspace/benchmarks/swe-refactor/data/mockito/ai_logs/single-agent_copilot_qwen/qwen3_6-flash/benchmark_pip_4d0bcbd1d1_50b21cf68b40_17be0e7325.terminal.txt,/workspace/outputs/platform/home/.copilot/session-state/2ea8cdf4-e8c6-4086-a193-b118123cc7d6/events.jsonl,/workspace/benchmarks/swe-refactor/data/mockito/ai_logs/single-agent_copilot_qwen/qwen3_6-flash/benchmark_pip_4d0bcbd1d1_50b21cf68b40_17be0e7325.output.txt,the Extract And Move Method operation is successful. | Build succeeded.
2026-05-16T06:15:37.332557Z,swe,benchmark_pipeline_20260515_155352,single-agent,pmd,994b8402d59773888977d768d395526acfe5cf16_30_33_63_66_46_49,failed,0,2000.9165210723877,2026-05-16T06:15:35Z,,,,,,/workspace/benchmarks/swe-refactor/data/pmd/ai_logs/single-agent_copilot_qwen/qwen3_6-flash/benchmark_pip_4d0bcbd1d1_994b8402d597_6baeedcb1a.terminal.txt,/workspace/outputs/platform/home/.copilot/session-state/4eb3b693-2de0-4d63-9c23-7b6e7660172d/events.jsonl,/workspace/benchmarks/swe-refactor/data/pmd/ai_logs/single-agent_copilot_qwen/qwen3_6-flash/benchmark_pip_4d0bcbd1d1_994b8402d597_6baeedcb1a.output.txt,"the Extract And Move Method operation is successful. | ['[ERROR] The given File link: /workspace/benchmarks/swe-refactor/data/pmd/ai_logs/single-agent_copilot_qwen/qwen3_6-flash/_workspaces/benchmark_pip_4d0bcbd1d1_994b8402d597_6baeedcb1a/project/pmd-core/../pmd-lang-test/target/dokkaJavadocJar is not a dir.', '[ERROR] Error fetching link: /workspace/benchmarks/swe-refactor/data/pmd/ai_logs/single-agent_copilot_qwen/qwen3_6-flash/_workspaces/benchmark_pip_4d0bcbd1d1_994b8402d597_6baeedcb1a/project/pmd-core/../pmd-lang-test/target/dokkaJavadocJar. Ignored it.', '[ERROR] The given File link: /workspace/benchmarks/swe-refactor/data/pmd/ai_logs/single-agent_copilot_qwen/qwen3_6-flash/_workspaces/benchmark_pip_4d0bcbd1d1_994b8402d597_6baeedcb1a/project/pmd-core/../pmd-test/target/apidocs is not a dir.', '[ERROR] Error fetching link: /workspace/benchmarks/swe-refactor/data/pmd/ai_logs/single-agent_copilot_qwen/qwen3_6-flash/_workspaces/benchmark_pip_4d0bcbd1d1_994b8402d597_6baeedcb1a/project/pmd-core/../pmd-test/target/apidocs. Ignored it.', '[ERROR] Error fetching link: /workspace/benchmarks/swe-refactor/data/pmd/ai_logs/single-agent_copilot_qwen/qwen3_6-flash/_workspaces/benchmark_pip_4d0bcbd1d1_994b8402d597_6baeedcb1a/project/pmd-core/../pmd-core/target/apidocs. Ignored it.', '[ERROR] The given File link: /workspace/benchmarks/swe-refactor/data/pmd/ai_logs/single-agent_copilot_qwen/qwen3_6-flash/_workspaces/benchmark_pip_4d0bcbd1d1_994b8402d597_6baeedcb1a/project/pmd-test-schema/../pmd-lang-test/target/dokkaJavadocJar is not a dir.', '[ERROR] Error fetching link: /workspace/benchmarks/swe-refactor/data/pmd/ai_logs/single-agent_copilot_qwen/qwen3_6-flash/_workspaces/benchmark_pip_4d0bcbd1d1_994b8402d597_6baeedcb1a/project/pmd-test-schema/../pmd-lang-test/target/dokkaJavadocJar. Ignored it.', '[ERROR] The given File link: /workspace/benchmarks/swe-refactor/data/pmd/ai_logs/single-agent_copilot_qwen/qwen3_6-flash/_workspaces/benchmark_pip_4d0bcbd1d1_994b8402d597_6baeedcb1"
2026-05-16T06:16:44.183578Z,swe,benchmark_pipeline_20260515_155352,single-agent,pmd,e4f5d027b2d86f675208d8da53d0bb4b6365ad20_167_190_56_63_167_190,failed,0,65.25118160247803,2026-05-16T06:16:42Z,,,,,,/workspace/benchmarks/swe-refactor/data/pmd/ai_logs/single-agent_copilot_qwen/qwen3_6-flash/benchmark_pip_4d0bcbd1d1_e4f5d027b2d8_1b4cae2355.terminal.txt,/workspace/outputs/platform/home/.copilot/session-state/ad0469e3-36f3-4d8f-9455-dc43a55c5e6d/events.jsonl,/workspace/benchmarks/swe-refactor/data/pmd/ai_logs/single-agent_copilot_qwen/qwen3_6-flash/benchmark_pip_4d0bcbd1d1_e4f5d027b2d8_1b4cae2355.output.txt,Invalid target file path: | Invalid target file path:
2026-05-16T06:18:34.414010Z,swe,benchmark_pipeline_20260515_155352,single-agent,pmd,868883819020b0780313358e00f6132b3e8dc73f_215_224__207_216,failed,0,109.57893085479736,2026-05-16T06:18:33Z,,,,,,/workspace/benchmarks/swe-refactor/data/pmd/ai_logs/single-agent_copilot_qwen/qwen3_6-flash/benchmark_pip_4d0bcbd1d1_868883819020_4e2eec9946.terminal.txt,/workspace/outputs/platform/home/.copilot/session-state/2f691877-6537-4466-a418-d9e4fc064de3/events.jsonl,/workspace/benchmarks/swe-refactor/data/pmd/ai_logs/single-agent_copilot_qwen/qwen3_6-flash/benchmark_pip_4d0bcbd1d1_868883819020_4e2eec9946.output.txt,"the Move And Rename Method operation is successful. | ['[ERROR] COMPILATION ERROR : ', '[ERROR] /workspace/benchmarks/swe-refactor/data/pmd/ai_logs/single-agent_copilot_qwen/qwen3_6-flash/_workspaces/benchmark_pip_4d0bcbd1d1_868883819020_4e2eec9946/project/pmd-core/src/test/java/net/sourceforge/pmd/PmdCoreTestUtils.java:[39,1] illegal start of type', '[ERROR] /workspace/benchmarks/swe-refactor/data/pmd/ai_logs/single-agent_copilot_qwen/qwen3_6-flash/_workspaces/benchmark_pip_4d0bcbd1d1_868883819020_4e2eec9946/project/pmd-core/src/test/java/net/sourceforge/pmd/PmdCoreTestUtils.java:[39,54] <identifier> expected', '[ERROR] Failed to execute goal org.apache.maven.plugins:maven-compiler-plugin:3.8.1:testCompile (java-test-compile) on project pmd-core: Compilation failure: Compilation failure: ', '[ERROR] /workspace/benchmarks/swe-refactor/data/pmd/ai_logs/single-agent_copilot_qwen/qwen3_6-flash/_workspaces/benchmark_pip_4d0bcbd1d1_868883819020_4e2eec9946/project/pmd-core/src/test/java/net/sourceforge/pmd/PmdCoreTestUtils.java:[39,1] illegal start of type', '[ERROR] /workspace/benchmarks/swe-refactor/data/pmd/ai_logs/single-agent_copilot_qwen/qwen3_6-flash/_workspaces/benchmark_pip_4d0bcbd1d1_868883819020_4e2eec9946/project/pmd-core/src/test/java/net/sourceforge/pmd/PmdCoreTestUtils.java:[39,54] <identifier> expected', '[ERROR] -> [Help 1]', '[ERROR] ', '[ERROR] To see the full stack trace of the errors, re-run Maven with the -e switch.', '[ERROR] Re-run Maven using the -X switch to enable full debug logging.', '[ERROR] ', '[ERROR] For more information about the errors and possible solutions, please read the following articles:', '[ERROR] [Help 1] http://cwiki.apache.org/confluence/display/MAVEN/MojoFailureException', '[ERROR] ', '[ERROR] After correcting the problems, you can resume the build with the command', '[ERROR]   mvn <args> -rf :pmd-core']"
2026-05-16T06:49:38.627863Z,swe,benchmark_pipeline_20260515_155352,single-agent,pmd,20a3c39b4d88b0e5716b9e72880ad91d810d6b04_260_301_103_114_259_293,success,0,1863.1393070220947,2026-05-16T06:49:37Z,,,,,,/workspace/benchmarks/swe-refactor/data/pmd/ai_logs/single-agent_copilot_qwen/qwen3_6-flash/benchmark_pip_4d0bcbd1d1_20a3c39b4d88_bb967a6b13.terminal.txt,/workspace/outputs/platform/home/.copilot/session-state/0e762140-674f-4d8d-ba8e-ce017dbd04e4/events.jsonl,/workspace/benchmarks/swe-refactor/data/pmd/ai_logs/single-agent_copilot_qwen/qwen3_6-flash/benchmark_pip_4d0bcbd1d1_20a3c39b4d88_bb967a6b13.output.txt,the Extract And Move Method operation is successful. | Build succeeded.
2026-05-16T06:50:00.132237Z,swe,benchmark_pipeline_20260515_155352,single-agent,pmd,91d0ebf4620b9cda44ce6f02232fe8a003d82efd_187_194_20_22_175_180,timed_out,1,20.862452030181885,2026-05-16T06:49:59Z,,,,,,/workspace/benchmarks/swe-refactor/data/pmd/ai_logs/single-agent_copilot_qwen/qwen3_6-flash/benchmark_pip_4d0bcbd1d1_91d0ebf4620b_dfe5a72767.terminal.txt,/workspace/outputs/platform/home/.copilot/session-state/082cebb9-3990-4e04-825e-3fe14bef0b0e/events.jsonl,/workspace/benchmarks/swe-refactor/data/pmd/ai_logs/single-agent_copilot_qwen/qwen3_6-flash/benchmark_pip_4d0bcbd1d1_91d0ebf4620b_dfe5a72767.output.txt,Invalid target file path: | Invalid target file path:
2026-05-16T06:50:35.326102Z,swe,benchmark_pipeline_20260515_155352,single-agent,pmd,97c08a37ab6e5f0dc0bc2c38d865207b69b7eb2d_14_20_26_28_14_20,timed_out,1,34.64363074302673,2026-05-16T06:50:34Z,,,,,,/workspace/benchmarks/swe-refactor/data/pmd/ai_logs/single-agent_copilot_qwen/qwen3_6-flash/benchmark_pip_4d0bcbd1d1_97c08a37ab6e_87965cbbde.terminal.txt,/workspace/outputs/platform/home/.copilot/session-state/24519632-9e3f-4fd8-afe2-70019354f98f/events.jsonl,/workspace/benchmarks/swe-refactor/data/pmd/ai_logs/single-agent_copilot_qwen/qwen3_6-flash/benchmark_pip_4d0bcbd1d1_97c08a37ab6e_87965cbbde.output.txt,Invalid target file path: | Invalid target file path:
2026-05-16T06:50:52.543576Z,swe,benchmark_pipeline_20260515_155352,single-agent,pmd,da03fafabb2146ca3b2cd3f61484754490dfc9fb_144_160_71_106_142_144,timed_out,1,15.109033584594727,2026-05-16T06:50:50Z,,,,,,/workspace/benchmarks/swe-refactor/data/pmd/ai_logs/single-agent_copilot_qwen/qwen3_6-flash/benchmark_pip_4d0bcbd1d1_da03fafabb21_71bf45a51d.terminal.txt,/workspace/outputs/platform/home/.copilot/session-state/1aa7a8be-4608-4913-8778-55cb3987424c/events.jsonl,/workspace/benchmarks/swe-refactor/data/pmd/ai_logs/single-agent_copilot_qwen/qwen3_6-flash/benchmark_pip_4d0bcbd1d1_da03fafabb21_71bf45a51d.output.txt,Invalid target file path: | Invalid target file path:
2026-05-16T06:52:32.805540Z,swe,benchmark_pipeline_20260515_155352,single-agent,pmd,a733da4dcfa19b80f21480040aaf701e72e51bb5_103_107__114_118_28_30,failed,0,99.69431567192078,2026-05-16T06:52:32Z,,,,,,/workspace/benchmarks/swe-refactor/data/pmd/ai_logs/single-agent_copilot_qwen/qwen3_6-flash/benchmark_pip_4d0bcbd1d1_a733da4dcfa1_3e8298c2bd.terminal.txt,/workspace/outputs/platform/home/.copilot/session-state/990531b7-a7e8-45d9-ac8b-4b801ef1c71a/events.jsonl,/workspace/benchmarks/swe-refactor/data/pmd/ai_logs/single-agent_copilot_qwen/qwen3_6-flash/benchmark_pip_4d0bcbd1d1_a733da4dcfa1_3e8298c2bd.output.txt,"the code did not perform Move And Inline Method operation. | ['[ERROR] COMPILATION ERROR : ', ""[ERROR] /workspace/benchmarks/swe-refactor/data/pmd/ai_logs/single-agent_copilot_qwen/qwen3_6-flash/_workspaces/benchmark_pip_4d0bcbd1d1_a733da4dcfa1_3e8298c2bd/project/pmd-core/src/main/java/net/sourceforge/pmd/document/DocumentImpl.java:[31,23] ';' expected"", '[ERROR] /workspace/benchmarks/swe-refactor/data/pmd/ai_logs/single-agent_copilot_qwen/qwen3_6-flash/_workspaces/benchmark_pip_4d0bcbd1d1_a733da4dcfa1_3e8298c2bd/project/pmd-core/src/main/java/net/sourceforge/pmd/document/DocumentImpl.java:[31,38] <identifier> expected', '[ERROR] /workspace/benchmarks/swe-refactor/data/pmd/ai_logs/single-agent_copilot_qwen/qwen3_6-flash/_workspaces/benchmark_pip_4d0bcbd1d1_a733da4dcfa1_3e8298c2bd/project/pmd-core/src/main/java/net/sourceforge/pmd/document/DocumentImpl.java:[31,55] <identifier> expected', ""[ERROR] /workspace/benchmarks/swe-refactor/data/pmd/ai_logs/single-agent_copilot_qwen/qwen3_6-flash/_workspaces/benchmark_pip_4d0bcbd1d1_a733da4dcfa1_3e8298c2bd/project/pmd-core/src/main/java/net/sourceforge/pmd/document/DocumentImpl.java:[31,81] ';' expected"", ""[ERROR] /workspace/benchmarks/swe-refactor/data/pmd/ai_logs/single-agent_copilot_qwen/qwen3_6-flash/_workspaces/benchmark_pip_4d0bcbd1d1_a733da4dcfa1_3e8298c2bd/project/pmd-core/src/main/java/net/sourceforge/pmd/document/DocumentImpl.java:[36,23] ';' expected"", ""[ERROR] /workspace/benchmarks/swe-refactor/data/pmd/ai_logs/single-agent_copilot_qwen/qwen3_6-flash/_workspaces/benchmark_pip_4d0bcbd1d1_a733da4dcfa1_3e8298c2bd/project/pmd-core/src/main/java/net/sourceforge/pmd/document/DocumentImpl.java:[36,42] ';' expected"", '[ERROR] /workspace/benchmarks/swe-refactor/data/pmd/ai_logs/single-agent_copilot_qwen/qwen3_6-flash/_workspaces/benchmark_pip_4d0bcbd1d1_a733da4dcfa1_3e8298c2bd/project/pmd-core/src/main/java/net/sourceforge/pmd/document/DocumentImpl.java:[36,43] not a statement', ""[ERROR] /workspace/benchmarks/swe-refactor/"
2026-05-16T06:52:49.721379Z,swe,benchmark_pipeline_20260515_155352,single-agent,pmd,0276320abf2c66cae14d2ad24e2b2fb0386943b3_63_98__61_95_45_47,timed_out,1,16.41670513153076,2026-05-16T06:52:49Z,,,,,,/workspace/benchmarks/swe-refactor/data/pmd/ai_logs/single-agent_copilot_qwen/qwen3_6-flash/benchmark_pip_4d0bcbd1d1_0276320abf2c_ae31318469.terminal.txt,/workspace/outputs/platform/home/.copilot/session-state/c3356ffa-3171-4086-9591-69b843e9d6ad/events.jsonl,/workspace/benchmarks/swe-refactor/data/pmd/ai_logs/single-agent_copilot_qwen/qwen3_6-flash/benchmark_pip_4d0bcbd1d1_0276320abf2c_ae31318469.output.txt,"Invalid target file path: ##########################
2026-05-16T07:02:39.830380Z,swe,benchmark_pipeline_20260515_155352,single-agent,pmd,05870c98cc05805d6272d12f5080afad3a14e2b6_77_80_101_111_77_80,success,0,588.935418844223,2026-05-16T07:02:38Z,,,,,,/workspace/benchmarks/swe-refactor/data/pmd/ai_logs/single-agent_copilot_qwen/qwen3_6-flash/benchmark_pip_4d0bcbd1d1_05870c98cc05_5d89507e72.terminal.txt,/workspace/outputs/platform/home/.copilot/session-state/410b876d-3617-4bda-b5a9-7c839a936ceb/events.jsonl,/workspace/benchmarks/swe-refactor/data/pmd/ai_logs/single-agent_copilot_qwen/qwen3_6-flash/benchmark_pip_4d0bcbd1d1_05870c98cc05_5d89507e72.output.txt,the Extract And Move Method operation is successful. | Build succeeded.
2026-05-16T07:05:22.073647Z,swe,benchmark_pipeline_20260515_155352,single-agent,pmd,05870c98cc05805d6272d12f5080afad3a14e2b6_60_76_101_111_60_76,failed,0,161.66266632080078,2026-05-16T07:05:21Z,,,,,,/workspace/benchmarks/swe-refactor/data/pmd/ai_logs/single-agent_copilot_qwen/qwen3_6-flash/benchmark_pip_4d0bcbd1d1_05870c98cc05_ea2df4b56e.terminal.txt,/workspace/outputs/platform/home/.copilot/session-state/2191d324-b000-489f-b710-e17432f07999/events.jsonl,/workspace/benchmarks/swe-refactor/data/pmd/ai_logs/single-agent_copilot_qwen/qwen3_6-flash/benchmark_pip_4d0bcbd1d1_05870c98cc05_ea2df4b56e.output.txt,"the Extract And Move Method operation is successful. | ['[ERROR] COMPILATION ERROR : ', '[ERROR] /workspace/benchmarks/swe-refactor/data/pmd/ai_logs/single-agent_copilot_qwen/qwen3_6-flash/_workspaces/benchmark_pip_4d0bcbd1d1_05870c98cc05_ea2df4b56e/project/pmd-core/src/main/java/net/sourceforge/pmd/RuleSetFactoryCompatibility.java:[6,17] package org.junit does not exist', '[ERROR] /workspace/benchmarks/swe-refactor/data/pmd/ai_logs/single-agent_copilot_qwen/qwen3_6-flash/_workspaces/benchmark_pip_4d0bcbd1d1_05870c98cc05_ea2df4b56e/project/pmd-core/src/main/java/net/sourceforge/pmd/RuleSetFactoryCompatibility.java:[8,17] package org.junit does not exist', '[ERROR] /workspace/benchmarks/swe-refactor/data/pmd/ai_logs/single-agent_copilot_qwen/qwen3_6-flash/_workspaces/benchmark_pip_4d0bcbd1d1_05870c98cc05_ea2df4b56e/project/pmd-core/src/main/java/net/sourceforge/pmd/RuleSetFactoryCompatibility.java:[259,9] cannot find symbol', '[ERROR] /workspace/benchmarks/swe-refactor/data/pmd/ai_logs/single-agent_copilot_qwen/qwen3_6-flash/_workspaces/benchmark_pip_4d0bcbd1d1_05870c98cc05_ea2df4b56e/project/pmd-core/src/main/java/net/sourceforge/pmd/RuleSetFactoryCompatibility.java:[260,9] cannot find symbol', '[ERROR] Failed to execute goal org.apache.maven.plugins:maven-compiler-plugin:3.7.0:compile (java-compile) on project pmd-core: Compilation failure: Compilation failure: ', '[ERROR] /workspace/benchmarks/swe-refactor/data/pmd/ai_logs/single-agent_copilot_qwen/qwen3_6-flash/_workspaces/benchmark_pip_4d0bcbd1d1_05870c98cc05_ea2df4b56e/project/pmd-core/src/main/java/net/sourceforge/pmd/RuleSetFactoryCompatibility.java:[6,17] package org.junit does not exist', '[ERROR] /workspace/benchmarks/swe-refactor/data/pmd/ai_logs/single-agent_copilot_qwen/qwen3_6-flash/_workspaces/benchmark_pip_4d0bcbd1d1_05870c98cc05_ea2df4b56e/project/pmd-core/src/main/java/net/sourceforge/pmd/RuleSetFactoryCompatibility.java:[8,17] package org.junit does not exist', '[ERROR] /workspace/benchmarks/swe-r"
2026-05-16T07:06:21.792155Z,swe,benchmark_pipeline_20260515_155352,single-agent,pmd,5031c83c880d11f215b2b21919ff3091c6f951bf_49_55_100_109_42_47,failed,0,59.16923189163208,2026-05-16T07:06:21Z,,,,,,/workspace/benchmarks/swe-refactor/data/pmd/ai_logs/single-agent_copilot_qwen/qwen3_6-flash/benchmark_pip_4d0bcbd1d1_5031c83c880d_fe466820cb.terminal.txt,/workspace/outputs/platform/home/.copilot/session-state/67d2e1b2-d31d-41d3-a85c-71be25df8c6c/events.jsonl,/workspace/benchmarks/swe-refactor/data/pmd/ai_logs/single-agent_copilot_qwen/qwen3_6-flash/benchmark_pip_4d0bcbd1d1_5031c83c880d_fe466820cb.output.txt,Invalid target file path: | Invalid target file path:
2026-05-16T07:42:00.868623Z,swe,benchmark_pipeline_20260515_155352,single-agent,pmd,00d391261d90afb005aac22dd9e1beaccb13766a_99_120_220_224_125_147,failed,0,2137.7439992427826,2026-05-16T07:41:59Z,,,,,,/workspace/benchmarks/swe-refactor/data/pmd/ai_logs/single-agent_copilot_qwen/qwen3_6-flash/benchmark_pip_4d0bcbd1d1_00d391261d90_8bf92a01fe.terminal.txt,/workspace/outputs/platform/home/.copilot/session-state/cad2c3fc-aded-4cd2-80c8-7bb60cbdb07d/events.jsonl,/workspace/benchmarks/swe-refactor/data/pmd/ai_logs/single-agent_copilot_qwen/qwen3_6-flash/benchmark_pip_4d0bcbd1d1_00d391261d90_8bf92a01fe.output.txt,"the Extract And Move Method operation is successful. | ['[ERROR] The given File link: /workspace/benchmarks/swe-refactor/data/pmd/ai_logs/single-agent_copilot_qwen/qwen3_6-flash/_workspaces/benchmark_pip_4d0bcbd1d1_00d391261d90_8bf92a01fe/project/pmd-core/../pmd-lang-test/target/dokkaJavadocJar is not a dir.', '[ERROR] Error fetching link: /workspace/benchmarks/swe-refactor/data/pmd/ai_logs/single-agent_copilot_qwen/qwen3_6-flash/_workspaces/benchmark_pip_4d0bcbd1d1_00d391261d90_8bf92a01fe/project/pmd-core/../pmd-lang-test/target/dokkaJavadocJar. Ignored it.', '[ERROR] The given File link: /workspace/benchmarks/swe-refactor/data/pmd/ai_logs/single-agent_copilot_qwen/qwen3_6-flash/_workspaces/benchmark_pip_4d0bcbd1d1_00d391261d90_8bf92a01fe/project/pmd-core/../pmd-test/target/apidocs is not a dir.', '[ERROR] Error fetching link: /workspace/benchmarks/swe-refactor/data/pmd/ai_logs/single-agent_copilot_qwen/qwen3_6-flash/_workspaces/benchmark_pip_4d0bcbd1d1_00d391261d90_8bf92a01fe/project/pmd-core/../pmd-test/target/apidocs. Ignored it.', '[ERROR] Error fetching link: /workspace/benchmarks/swe-refactor/data/pmd/ai_logs/single-agent_copilot_qwen/qwen3_6-flash/_workspaces/benchmark_pip_4d0bcbd1d1_00d391261d90_8bf92a01fe/project/pmd-core/../pmd-core/target/apidocs. Ignored it.', '[ERROR] The given File link: /workspace/benchmarks/swe-refactor/data/pmd/ai_logs/single-agent_copilot_qwen/qwen3_6-flash/_workspaces/benchmark_pip_4d0bcbd1d1_00d391261d90_8bf92a01fe/project/pmd-test/../pmd-lang-test/target/dokkaJavadocJar is not a dir.', '[ERROR] Error fetching link: /workspace/benchmarks/swe-refactor/data/pmd/ai_logs/single-agent_copilot_qwen/qwen3_6-flash/_workspaces/benchmark_pip_4d0bcbd1d1_00d391261d90_8bf92a01fe/project/pmd-test/../pmd-lang-test/target/dokkaJavadocJar. Ignored it.', '[ERROR] Error fetching link: /workspace/benchmarks/swe-refactor/data/pmd/ai_logs/single-agent_copilot_qwen/qwen3_6-flash/_workspaces/benchmark_pip_4d0bcbd1d1_00d391261d90_8bf92a01fe/project/pmd-"
2026-05-16T07:46:24.345820Z,swe,benchmark_pipeline_20260515_155352,single-agent,pmd,5dc2774c0a53810717358cc850b69c6e7fe0a463_100_215_237_243_94_149,failed,0,262.03475546836853,2026-05-16T07:46:22Z,,,,,,/workspace/benchmarks/swe-refactor/data/pmd/ai_logs/single-agent_copilot_qwen/qwen3_6-flash/benchmark_pip_4d0bcbd1d1_5dc2774c0a53_5a39c975e6.terminal.txt,/workspace/outputs/platform/home/.copilot/session-state/38299603-3f9a-43d0-a970-9153fddb1690/events.jsonl,/workspace/benchmarks/swe-refactor/data/pmd/ai_logs/single-agent_copilot_qwen/qwen3_6-flash/benchmark_pip_4d0bcbd1d1_5dc2774c0a53_5a39c975e6.output.txt,"the Extract And Move Method operation is successful. | ['[ERROR] COMPILATION ERROR : ', '[ERROR] /workspace/benchmarks/swe-refactor/data/pmd/ai_logs/single-agent_copilot_qwen/qwen3_6-flash/_workspaces/benchmark_pip_4d0bcbd1d1_5dc2774c0a53_5a39c975e6/project/pmd-core/src/main/java/net/sourceforge/pmd/ant/internal/PMDTaskImpl.java:[6,27] cannot find symbol', '[ERROR] Failed to execute goal org.apache.maven.plugins:maven-compiler-plugin:3.8.1:compile (java-compile) on project pmd-core: Compilation failure', '[ERROR] /workspace/benchmarks/swe-refactor/data/pmd/ai_logs/single-agent_copilot_qwen/qwen3_6-flash/_workspaces/benchmark_pip_4d0bcbd1d1_5dc2774c0a53_5a39c975e6/project/pmd-core/src/main/java/net/sourceforge/pmd/ant/internal/PMDTaskImpl.java:[6,27] cannot find symbol', '[ERROR]   symbol:   class is', '[ERROR]   location: package net.sourceforge.pmd', '[ERROR] ', '[ERROR] -> [Help 1]', '[ERROR] ', '[ERROR] To see the full stack trace of the errors, re-run Maven with the -e switch.', '[ERROR] Re-run Maven using the -X switch to enable full debug logging.', '[ERROR] ', '[ERROR] For more information about the errors and possible solutions, please read the following articles:', '[ERROR] [Help 1] http://cwiki.apache.org/confluence/display/MAVEN/MojoFailureException', '[ERROR] ', '[ERROR] After correcting the problems, you can resume the build with the command', '[ERROR]   mvn <args> -rf :pmd-core']"
2026-05-16T07:48:17.311875Z,swe,benchmark_pipeline_20260515_155352,single-agent,pmd,cfbb14c91c24b1a50cf4b41cd855fd780375a14f_48_110_94_102_36_59,failed,0,111.35753178596497,2026-05-16T07:48:15Z,,,,,,/workspace/benchmarks/swe-refactor/data/pmd/ai_logs/single-agent_copilot_qwen/qwen3_6-flash/benchmark_pip_4d0bcbd1d1_cfbb14c91c24_2c764e185f.terminal.txt,/workspace/outputs/platform/home/.copilot/session-state/aad837c5-bae0-413d-81ea-a2c1d7590f61/events.jsonl,/workspace/benchmarks/swe-refactor/data/pmd/ai_logs/single-agent_copilot_qwen/qwen3_6-flash/benchmark_pip_4d0bcbd1d1_cfbb14c91c24_2c764e185f.output.txt,"the Extract And Move Method operation is successful. | ['[ERROR] COMPILATION ERROR : ', '[ERROR] /workspace/benchmarks/swe-refactor/data/pmd/ai_logs/single-agent_copilot_qwen/qwen3_6-flash/_workspaces/benchmark_pip_4d0bcbd1d1_cfbb14c91c24_2c764e185f/project/pmd-core/src/main/java/net/sourceforge/pmd/internal/Slf4jSimpleConfiguration.java:[57,39] cannot find symbol', '[ERROR] /workspace/benchmarks/swe-refactor/data/pmd/ai_logs/single-agent_copilot_qwen/qwen3_6-flash/_workspaces/benchmark_pip_4d0bcbd1d1_cfbb14c91c24_2c764e185f/project/pmd-core/src/main/java/net/sourceforge/pmd/internal/Slf4jSimpleConfiguration.java:[69,28] cannot find symbol', '[ERROR] /workspace/benchmarks/swe-refactor/data/pmd/ai_logs/single-agent_copilot_qwen/qwen3_6-flash/_workspaces/benchmark_pip_4d0bcbd1d1_cfbb14c91c24_2c764e185f/project/pmd-core/src/main/java/net/sourceforge/pmd/internal/Slf4jSimpleConfiguration.java:[74,27] cannot find symbol', '[ERROR] Failed to execute goal org.apache.maven.plugins:maven-compiler-plugin:3.8.1:compile (java-compile) on project pmd-core: Compilation failure: Compilation failure: ', '[ERROR] /workspace/benchmarks/swe-refactor/data/pmd/ai_logs/single-agent_copilot_qwen/qwen3_6-flash/_workspaces/benchmark_pip_4d0bcbd1d1_cfbb14c91c24_2c764e185f/project/pmd-core/src/main/java/net/sourceforge/pmd/internal/Slf4jSimpleConfiguration.java:[57,39] cannot find symbol', '[ERROR]   symbol: variable ANT_LOG_LEVELS', '[ERROR] /workspace/benchmarks/swe-refactor/data/pmd/ai_logs/single-agent_copilot_qwen/qwen3_6-flash/_workspaces/benchmark_pip_4d0bcbd1d1_cfbb14c91c24_2c764e185f/project/pmd-core/src/main/java/net/sourceforge/pmd/internal/Slf4jSimpleConfiguration.java:[69,28] cannot find symbol', '[ERROR]   symbol: variable DEFAULT_LEVEL', '[ERROR] /workspace/benchmarks/swe-refactor/data/pmd/ai_logs/single-agent_copilot_qwen/qwen3_6-flash/_workspaces/benchmark_pip_4d0bcbd1d1_cfbb14c91c24_2c764e185f/project/pmd-core/src/main/java/net/sourceforge/pmd/internal/Slf4jSimpleConfigurati"
2026-05-16T07:49:58.309210Z,swe,benchmark_pipeline_20260515_155352,single-agent,pmd,cfbb14c91c24b1a50cf4b41cd855fd780375a14f_48_110_86_92_36_59,failed,0,100.37056946754456,2026-05-16T07:49:57Z,,,,,,/workspace/benchmarks/swe-refactor/data/pmd/ai_logs/single-agent_copilot_qwen/qwen3_6-flash/benchmark_pip_4d0bcbd1d1_cfbb14c91c24_3cb9562192.terminal.txt,/workspace/outputs/platform/home/.copilot/session-state/db0b7271-dc01-455a-a3fd-42d37277f058/events.jsonl,/workspace/benchmarks/swe-refactor/data/pmd/ai_logs/single-agent_copilot_qwen/qwen3_6-flash/benchmark_pip_4d0bcbd1d1_cfbb14c91c24_3cb9562192.output.txt,"the Extract And Move Method operation is successful. | ['[ERROR] COMPILATION ERROR : ', '[ERROR] /workspace/benchmarks/swe-refactor/data/pmd/ai_logs/single-agent_copilot_qwen/qwen3_6-flash/_workspaces/benchmark_pip_4d0bcbd1d1_cfbb14c91c24_3cb9562192/project/pmd-core/src/main/java/net/sourceforge/pmd/internal/Slf4jSimpleConfiguration.java:[57,39] cannot find symbol', '[ERROR] /workspace/benchmarks/swe-refactor/data/pmd/ai_logs/single-agent_copilot_qwen/qwen3_6-flash/_workspaces/benchmark_pip_4d0bcbd1d1_cfbb14c91c24_3cb9562192/project/pmd-core/src/main/java/net/sourceforge/pmd/internal/Slf4jSimpleConfiguration.java:[69,28] cannot find symbol', '[ERROR] /workspace/benchmarks/swe-refactor/data/pmd/ai_logs/single-agent_copilot_qwen/qwen3_6-flash/_workspaces/benchmark_pip_4d0bcbd1d1_cfbb14c91c24_3cb9562192/project/pmd-core/src/main/java/net/sourceforge/pmd/internal/Slf4jSimpleConfiguration.java:[74,27] cannot find symbol', '[ERROR] Failed to execute goal org.apache.maven.plugins:maven-compiler-plugin:3.8.1:compile (java-compile) on project pmd-core: Compilation failure: Compilation failure: ', '[ERROR] /workspace/benchmarks/swe-refactor/data/pmd/ai_logs/single-agent_copilot_qwen/qwen3_6-flash/_workspaces/benchmark_pip_4d0bcbd1d1_cfbb14c91c24_3cb9562192/project/pmd-core/src/main/java/net/sourceforge/pmd/internal/Slf4jSimpleConfiguration.java:[57,39] cannot find symbol', '[ERROR]   symbol: variable ANT_LOG_LEVELS', '[ERROR] /workspace/benchmarks/swe-refactor/data/pmd/ai_logs/single-agent_copilot_qwen/qwen3_6-flash/_workspaces/benchmark_pip_4d0bcbd1d1_cfbb14c91c24_3cb9562192/project/pmd-core/src/main/java/net/sourceforge/pmd/internal/Slf4jSimpleConfiguration.java:[69,28] cannot find symbol', '[ERROR]   symbol: variable DEFAULT_LEVEL', '[ERROR] /workspace/benchmarks/swe-refactor/data/pmd/ai_logs/single-agent_copilot_qwen/qwen3_6-flash/_workspaces/benchmark_pip_4d0bcbd1d1_cfbb14c91c24_3cb9562192/project/pmd-core/src/main/java/net/sourceforge/pmd/internal/Slf4jSimpleConfigurati"
2026-05-16T07:52:20.252100Z,swe,benchmark_pipeline_20260515_155352,single-agent,pmd,cfbb14c91c24b1a50cf4b41cd855fd780375a14f_48_110_81_84_36_59,failed,0,141.33740282058716,2026-05-16T07:52:19Z,,,,,,/workspace/benchmarks/swe-refactor/data/pmd/ai_logs/single-agent_copilot_qwen/qwen3_6-flash/benchmark_pip_4d0bcbd1d1_cfbb14c91c24_0765244a14.terminal.txt,/workspace/outputs/platform/home/.copilot/session-state/21622491-5a55-4841-b167-6633aca9ee94/events.jsonl,/workspace/benchmarks/swe-refactor/data/pmd/ai_logs/single-agent_copilot_qwen/qwen3_6-flash/benchmark_pip_4d0bcbd1d1_cfbb14c91c24_0765244a14.output.txt,"the Extract And Move Method operation is successful. | ['[ERROR] COMPILATION ERROR : ', '[ERROR] /workspace/benchmarks/swe-refactor/data/pmd/ai_logs/single-agent_copilot_qwen/qwen3_6-flash/_workspaces/benchmark_pip_4d0bcbd1d1_cfbb14c91c24_0765244a14/project/pmd-core/src/main/java/net/sourceforge/pmd/internal/Slf4jSimpleConfiguration.java:[57,39] cannot find symbol', '[ERROR] /workspace/benchmarks/swe-refactor/data/pmd/ai_logs/single-agent_copilot_qwen/qwen3_6-flash/_workspaces/benchmark_pip_4d0bcbd1d1_cfbb14c91c24_0765244a14/project/pmd-core/src/main/java/net/sourceforge/pmd/internal/Slf4jSimpleConfiguration.java:[69,28] cannot find symbol', '[ERROR] /workspace/benchmarks/swe-refactor/data/pmd/ai_logs/single-agent_copilot_qwen/qwen3_6-flash/_workspaces/benchmark_pip_4d0bcbd1d1_cfbb14c91c24_0765244a14/project/pmd-core/src/main/java/net/sourceforge/pmd/internal/Slf4jSimpleConfiguration.java:[74,27] cannot find symbol', '[ERROR] Failed to execute goal org.apache.maven.plugins:maven-compiler-plugin:3.8.1:compile (java-compile) on project pmd-core: Compilation failure: Compilation failure: ', '[ERROR] /workspace/benchmarks/swe-refactor/data/pmd/ai_logs/single-agent_copilot_qwen/qwen3_6-flash/_workspaces/benchmark_pip_4d0bcbd1d1_cfbb14c91c24_0765244a14/project/pmd-core/src/main/java/net/sourceforge/pmd/internal/Slf4jSimpleConfiguration.java:[57,39] cannot find symbol', '[ERROR]   symbol: variable ANT_LOG_LEVELS', '[ERROR] /workspace/benchmarks/swe-refactor/data/pmd/ai_logs/single-agent_copilot_qwen/qwen3_6-flash/_workspaces/benchmark_pip_4d0bcbd1d1_cfbb14c91c24_0765244a14/project/pmd-core/src/main/java/net/sourceforge/pmd/internal/Slf4jSimpleConfiguration.java:[69,28] cannot find symbol', '[ERROR]   symbol: variable DEFAULT_LEVEL', '[ERROR] /workspace/benchmarks/swe-refactor/data/pmd/ai_logs/single-agent_copilot_qwen/qwen3_6-flash/_workspaces/benchmark_pip_4d0bcbd1d1_cfbb14c91c24_0765244a14/project/pmd-core/src/main/java/net/sourceforge/pmd/internal/Slf4jSimpleConfigurati"
2026-05-16T07:54:56.538754Z,swe,benchmark_pipeline_20260515_155352,single-agent,pmd,214e80a5f1d68e3b42efeacab5b0fc226202ef05_442_462_100_106_441_461,failed,0,154.3745641708374,2026-05-16T07:54:54Z,,,,,,/workspace/benchmarks/swe-refactor/data/pmd/ai_logs/single-agent_copilot_qwen/qwen3_6-flash/benchmark_pip_4d0bcbd1d1_214e80a5f1d6_af079cc6ed.terminal.txt,/workspace/outputs/platform/home/.copilot/session-state/054574a6-49ca-4f63-9b9e-67d5ff6da078/events.jsonl,/workspace/benchmarks/swe-refactor/data/pmd/ai_logs/single-agent_copilot_qwen/qwen3_6-flash/benchmark_pip_4d0bcbd1d1_214e80a5f1d6_af079cc6ed.output.txt,"the Extract And Move Method operation is successful. | ['[ERROR] COMPILATION ERROR : ', '[ERROR] /workspace/benchmarks/swe-refactor/data/pmd/ai_logs/single-agent_copilot_qwen/qwen3_6-flash/_workspaces/benchmark_pip_4d0bcbd1d1_214e80a5f1d6_af079cc6ed/project/pmd-core/src/main/java/net/sourceforge/pmd/RuleSetFactory.java:[6,27] cannot find symbol', '[ERROR] Failed to execute goal org.apache.maven.plugins:maven-compiler-plugin:3.10.1:compile (java-compile) on project pmd-core: Compilation failure', '[ERROR] /workspace/benchmarks/swe-refactor/data/pmd/ai_logs/single-agent_copilot_qwen/qwen3_6-flash/_workspaces/benchmark_pip_4d0bcbd1d1_214e80a5f1d6_af079cc6ed/project/pmd-core/src/main/java/net/sourceforge/pmd/RuleSetFactory.java:[6,27] cannot find symbol', '[ERROR]   symbol:   class is', '[ERROR]   location: package net.sourceforge.pmd', '[ERROR] ', '[ERROR] -> [Help 1]', '[ERROR] ', '[ERROR] To see the full stack trace of the errors, re-run Maven with the -e switch.', '[ERROR] Re-run Maven using the -X switch to enable full debug logging.', '[ERROR] ', '[ERROR] For more information about the errors and possible solutions, please read the following articles:', '[ERROR] [Help 1] http://cwiki.apache.org/confluence/display/MAVEN/MojoFailureException', '[ERROR] ', '[ERROR] After correcting the problems, you can resume the build with the command', '[ERROR]   mvn <args> -rf :pmd-core']"
2026-05-16T07:57:16.514229Z,swe,benchmark_pipeline_20260515_155352,single-agent,pmd,ff2f5ef93c1b3150583e9611b2a8fd8159e3aa66_48_50__156_158,failed,0,139.33973479270935,2026-05-16T07:57:15Z,,,,,,/workspace/benchmarks/swe-refactor/data/pmd/ai_logs/single-agent_copilot_qwen/qwen3_6-flash/benchmark_pip_4d0bcbd1d1_ff2f5ef93c1b_ee17e531e4.terminal.txt,/workspace/outputs/platform/home/.copilot/session-state/5a6851c7-402f-4840-a7bc-d85d90f42137/events.jsonl,/workspace/benchmarks/swe-refactor/data/pmd/ai_logs/single-agent_copilot_qwen/qwen3_6-flash/benchmark_pip_4d0bcbd1d1_ff2f5ef93c1b_ee17e531e4.output.txt,"the Move And Rename Method operation is successful. | ['[ERROR] COMPILATION ERROR : ', '[ERROR] /workspace/benchmarks/swe-refactor/data/pmd/ai_logs/single-agent_copilot_qwen/qwen3_6-flash/_workspaces/benchmark_pip_4d0bcbd1d1_ff2f5ef93c1b_ee17e531e4/project/pmd-core/src/test/java/net/sourceforge/pmd/processor/PmdRunnableTest.java:[145,36] cannot find symbol', '[ERROR] Failed to execute goal org.apache.maven.plugins:maven-compiler-plugin:3.8.1:testCompile (java-test-compile) on project pmd-core: Compilation failure', '[ERROR] /workspace/benchmarks/swe-refactor/data/pmd/ai_logs/single-agent_copilot_qwen/qwen3_6-flash/_workspaces/benchmark_pip_4d0bcbd1d1_ff2f5ef93c1b_ee17e531e4/project/pmd-core/src/test/java/net/sourceforge/pmd/processor/PmdRunnableTest.java:[145,36] cannot find symbol', '[ERROR]   symbol:   variable THROWS_ASSERTION_ERROR', '[ERROR]   location: class net.sourceforge.pmd.processor.PmdRunnableTest', '[ERROR] ', '[ERROR] -> [Help 1]', '[ERROR] ', '[ERROR] To see the full stack trace of the errors, re-run Maven with the -e switch.', '[ERROR] Re-run Maven using the -X switch to enable full debug logging.', '[ERROR] ', '[ERROR] For more information about the errors and possible solutions, please read the following articles:', '[ERROR] [Help 1] http://cwiki.apache.org/confluence/display/MAVEN/MojoFailureException', '[ERROR] ', '[ERROR] After correcting the problems, you can resume the build with the command', '[ERROR]   mvn <args> -rf :pmd-core']"
2026-05-16T07:57:58.947657Z,swe,benchmark_pipeline_20260515_155352,single-agent,pmd,2123ab3d5d7dcfc867ada3af119c3d3e9cb6183e_31_41_140_150_23_26,failed,0,41.69858765602112,2026-05-16T07:57:58Z,,,,,,/workspace/benchmarks/swe-refactor/data/pmd/ai_logs/single-agent_copilot_qwen/qwen3_6-flash/benchmark_pip_4d0bcbd1d1_2123ab3d5d7d_589e3326a3.terminal.txt,/workspace/outputs/platform/home/.copilot/session-state/c60dc2de-55f5-41b7-a154-0cae21048657/events.jsonl,/workspace/benchmarks/swe-refactor/data/pmd/ai_logs/single-agent_copilot_qwen/qwen3_6-flash/benchmark_pip_4d0bcbd1d1_2123ab3d5d7d_589e3326a3.output.txt,Invalid target file path: | Invalid target file path:
2026-05-16T08:07:49.030624Z,swe,benchmark_pipeline_20260515_155352,single-agent,pmd,a70e70ad15995e87060380ee241e36c045d44883_33_39_43_46_29_32,failed,0,588.7202792167664,2026-05-16T08:07:47Z,,,,,,/workspace/benchmarks/swe-refactor/data/pmd/ai_logs/single-agent_copilot_qwen/qwen3_6-flash/benchmark_pip_4d0bcbd1d1_a70e70ad1599_2b967307e5.terminal.txt,/workspace/outputs/platform/home/.copilot/session-state/c58632a9-9539-461f-984e-bc51b25df271/events.jsonl,/workspace/benchmarks/swe-refactor/data/pmd/ai_logs/single-agent_copilot_qwen/qwen3_6-flash/benchmark_pip_4d0bcbd1d1_a70e70ad1599_2b967307e5.output.txt,the code did not perform Extract And Move Method operation. | Build succeeded.
2026-05-16T08:10:20.690537Z,swe,benchmark_pipeline_20260515_155352,single-agent,pmd,26bcbd839a79055a0ff037da3c8c54ad2bdfdead_21_27__22_28_65_75,failed,0,151.09104585647583,2026-05-16T08:10:20Z,,,,,,/workspace/benchmarks/swe-refactor/data/pmd/ai_logs/single-agent_copilot_qwen/qwen3_6-flash/benchmark_pip_4d0bcbd1d1_26bcbd839a79_98598cd8bd.terminal.txt,/workspace/outputs/platform/home/.copilot/session-state/9afd1f09-8b29-4e71-a0d3-47766a6c415b/events.jsonl,/workspace/benchmarks/swe-refactor/data/pmd/ai_logs/single-agent_copilot_qwen/qwen3_6-flash/benchmark_pip_4d0bcbd1d1_26bcbd839a79_98598cd8bd.output.txt,Invalid target file path: | Invalid target file path:
2026-05-16T08:12:24.437788Z,swe,benchmark_pipeline_20260515_155352,single-agent,pmd,05870c98cc05805d6272d12f5080afad3a14e2b6_1102_1105_154_172_1102_1105,failed,0,123.04227352142334,2026-05-16T08:12:23Z,,,,,,/workspace/benchmarks/swe-refactor/data/pmd/ai_logs/single-agent_copilot_qwen/qwen3_6-flash/benchmark_pip_4d0bcbd1d1_05870c98cc05_5dd02f30f4.terminal.txt,/workspace/outputs/platform/home/.copilot/session-state/f42b234d-7036-4a3d-8e50-1ee9e182dd12/events.jsonl,/workspace/benchmarks/swe-refactor/data/pmd/ai_logs/single-agent_copilot_qwen/qwen3_6-flash/benchmark_pip_4d0bcbd1d1_05870c98cc05_5dd02f30f4.output.txt,"the Extract And Move Method operation is successful. | ['[ERROR] COMPILATION ERROR : ', '[ERROR] /workspace/benchmarks/swe-refactor/data/pmd/ai_logs/single-agent_copilot_qwen/qwen3_6-flash/_workspaces/benchmark_pip_4d0bcbd1d1_05870c98cc05_5dd02f30f4/project/pmd-core/src/test/java/net/sourceforge/pmd/RuleSetFactoryDuplicatedRuleLoggingTest.java:[99,49] local variable ruleSetXml is accessed from within inner class; needs to be declared final', '[ERROR] Failed to execute goal org.apache.maven.plugins:maven-compiler-plugin:3.7.0:testCompile (java-test-compile) on project pmd-core: Compilation failure', '[ERROR] /workspace/benchmarks/swe-refactor/data/pmd/ai_logs/single-agent_copilot_qwen/qwen3_6-flash/_workspaces/benchmark_pip_4d0bcbd1d1_05870c98cc05_5dd02f30f4/project/pmd-core/src/test/java/net/sourceforge/pmd/RuleSetFactoryDuplicatedRuleLoggingTest.java:[99,49] local variable ruleSetXml is accessed from within inner class; needs to be declared final', '[ERROR] ', '[ERROR] -> [Help 1]', '[ERROR] ', '[ERROR] To see the full stack trace of the errors, re-run Maven with the -e switch.', '[ERROR] Re-run Maven using the -X switch to enable full debug logging.', '[ERROR] ', '[ERROR] For more information about the errors and possible solutions, please read the following articles:', '[ERROR] [Help 1] http://cwiki.apache.org/confluence/display/MAVEN/MojoFailureException', '[ERROR] ', '[ERROR] After correcting the problems, you can resume the build with the command', '[ERROR]   mvn <args> -rf :pmd-core']"
2026-05-16T08:19:04.094363Z,swe,benchmark_pipeline_20260515_155352,single-agent,pmd,05870c98cc05805d6272d12f5080afad3a14e2b6_16_30_101_111_16_30,failed,0,397.18561601638794,2026-05-16T08:19:01Z,,,,,,/workspace/benchmarks/swe-refactor/data/pmd/ai_logs/single-agent_copilot_qwen/qwen3_6-flash/benchmark_pip_4d0bcbd1d1_05870c98cc05_63c27c58f4.terminal.txt,/workspace/outputs/platform/home/.copilot/session-state/0c98678a-adbe-44be-b9cc-fe9f546d1d16/events.jsonl,/workspace/benchmarks/swe-refactor/data/pmd/ai_logs/single-agent_copilot_qwen/qwen3_6-flash/benchmark_pip_4d0bcbd1d1_05870c98cc05_63c27c58f4.output.txt,"the Extract And Move Method operation is successful. | ['[ERROR] error: source file or directory not found: /workspace/benchmarks/swe-refactor/data/pmd/ai_logs/single-agent_copilot_qwen/qwen3_6-flash/_workspaces/benchmark_pip_4d0bcbd1d1_05870c98cc05_63c27c58f4/project/pmd-lang-test/target/generated-sources/annotations', '[ERROR] logging: loading modules: [java.se, jdk.accessibility, jdk.attach, jdk.compiler, jdk.dynalink, jdk.httpserver, jdk.jartool, jdk.javadoc, jdk.jconsole, jdk.jdi, jdk.jfr, jdk.jshell, jdk.jsobject, jdk.management, jdk.management.jfr, jdk.naming.ldap, jdk.net, jdk.scripting.nashorn, jdk.sctp, jdk.security.auth, jdk.security.jgss, jdk.unsupported, jdk.unsupported.desktop, jdk.xml.dom, java.base, java.compiler, java.datatransfer, java.desktop, java.xml, java.instrument, java.logging, java.management, java.management.rmi, java.rmi, java.naming, java.net.http, java.prefs, java.scripting, java.security.jgss, java.security.sasl, java.sql, java.transaction.xa, java.sql.rowset, java.xml.crypto, jdk.internal.jvmstat, jdk.management.agent, jdk.jdwp.agent, jdk.internal.ed, jdk.internal.le, jdk.internal.opt]', '[ERROR] COMPILATION ERROR : ', '[ERROR] /workspace/benchmarks/swe-refactor/data/pmd/ai_logs/single-agent_copilot_qwen/qwen3_6-flash/_workspaces/benchmark_pip_4d0bcbd1d1_05870c98cc05_63c27c58f4/project/pmd-java/src/test/java/net/sourceforge/pmd/RuleSetFactoryTest.java:[6,27] cannot find symbol', '[ERROR] Failed to execute goal org.apache.maven.plugins:maven-compiler-plugin:3.7.0:testCompile (java-test-compile) on project pmd-java: Compilation failure', '[ERROR] /workspace/benchmarks/swe-refactor/data/pmd/ai_logs/single-agent_copilot_qwen/qwen3_6-flash/_workspaces/benchmark_pip_4d0bcbd1d1_05870c98cc05_63c27c58f4/project/pmd-java/src/test/java/net/sourceforge/pmd/RuleSetFactoryTest.java:[6,27] cannot find symbol', '[ERROR]   symbol:   class to', '[ERROR]   location: package net.sourceforge.pmd', '[ERROR] ', '[ERROR] -> [Help 1]', '[ERROR] ', '[ERROR] To"
2026-05-16T08:40:29.947364Z,swe,benchmark_pipeline_20260515_155352,single-agent,pmd,05870c98cc05805d6272d12f5080afad3a14e2b6_29_44_101_111_30_45,failed,0,1284.5576269626617,2026-05-16T08:40:28Z,,,,,,/workspace/benchmarks/swe-refactor/data/pmd/ai_logs/single-agent_copilot_qwen/qwen3_6-flash/benchmark_pip_4d0bcbd1d1_05870c98cc05_21b3c96129.terminal.txt,/workspace/outputs/platform/home/.copilot/session-state/2d4029cb-a61e-47a0-b0a2-0a54c59db4f1/events.jsonl,/workspace/benchmarks/swe-refactor/data/pmd/ai_logs/single-agent_copilot_qwen/qwen3_6-flash/benchmark_pip_4d0bcbd1d1_05870c98cc05_21b3c96129.output.txt,"the Extract And Move Method operation is successful. | ['[ERROR] error: source file or directory not found: /workspace/benchmarks/swe-refactor/data/pmd/ai_logs/single-agent_copilot_qwen/qwen3_6-flash/_workspaces/benchmark_pip_4d0bcbd1d1_05870c98cc05_21b3c96129/project/pmd-lang-test/target/generated-sources/annotations', '[ERROR] logging: loading modules: [java.se, jdk.accessibility, jdk.attach, jdk.compiler, jdk.dynalink, jdk.httpserver, jdk.jartool, jdk.javadoc, jdk.jconsole, jdk.jdi, jdk.jfr, jdk.jshell, jdk.jsobject, jdk.management, jdk.management.jfr, jdk.naming.ldap, jdk.net, jdk.scripting.nashorn, jdk.sctp, jdk.security.auth, jdk.security.jgss, jdk.unsupported, jdk.unsupported.desktop, jdk.xml.dom, java.base, java.compiler, java.datatransfer, java.desktop, java.xml, java.instrument, java.logging, java.management, java.management.rmi, java.rmi, java.naming, java.net.http, java.prefs, java.scripting, java.security.jgss, java.security.sasl, java.sql, java.transaction.xa, java.sql.rowset, java.xml.crypto, jdk.internal.jvmstat, jdk.management.agent, jdk.jdwp.agent, jdk.internal.ed, jdk.internal.le, jdk.internal.opt]', '[ERROR] COMPILATION ERROR : ', '[ERROR] /workspace/benchmarks/swe-refactor/data/pmd/ai_logs/single-agent_copilot_qwen/qwen3_6-flash/_workspaces/benchmark_pip_4d0bcbd1d1_05870c98cc05_21b3c96129/project/pmd-doc/src/test/java/net/sourceforge/pmd/docs/RuleSetResolverTest.java:[34,18] method filterRuleSets(java.util.List<java.lang.String>) is already defined in class net.sourceforge.pmd.docs.RuleSetResolverTest', '[ERROR] Failed to execute goal org.apache.maven.plugins:maven-compiler-plugin:3.7.0:testCompile (java-test-compile) on project pmd-doc: Compilation failure', '[ERROR] /workspace/benchmarks/swe-refactor/data/pmd/ai_logs/single-agent_copilot_qwen/qwen3_6-flash/_workspaces/benchmark_pip_4d0bcbd1d1_05870c98cc05_21b3c96129/project/pmd-doc/src/test/java/net/sourceforge/pmd/docs/RuleSetResolverTest.java:[34,18] method filterRuleSets(java.util.List<java"
2026-05-16T08:50:41.666619Z,swe,benchmark_pipeline_20260515_155352,single-agent,pmd,05870c98cc05805d6272d12f5080afad3a14e2b6_75_99_101_111_76_100,success,0,610.635265827179,2026-05-16T08:50:40Z,,,,,,/workspace/benchmarks/swe-refactor/data/pmd/ai_logs/single-agent_copilot_qwen/qwen3_6-flash/benchmark_pip_4d0bcbd1d1_05870c98cc05_350551b269.terminal.txt,/workspace/outputs/platform/home/.copilot/session-state/ba64768b-37d7-44f6-9828-4fac89ed10f7/events.jsonl,/workspace/benchmarks/swe-refactor/data/pmd/ai_logs/single-agent_copilot_qwen/qwen3_6-flash/benchmark_pip_4d0bcbd1d1_05870c98cc05_350551b269.output.txt,the Extract And Move Method operation is successful. | Build succeeded.
2026-05-16T08:53:44.264832Z,swe,benchmark_pipeline_20260515_155352,single-agent,pmd,5c36ee1eba5a08732d6fc53b0a69010a279a10de_179_218_123_134_182_221,failed,0,182.04775953292847,2026-05-16T08:53:43Z,,,,,,/workspace/benchmarks/swe-refactor/data/pmd/ai_logs/single-agent_copilot_qwen/qwen3_6-flash/benchmark_pip_4d0bcbd1d1_5c36ee1eba5a_c458973059.terminal.txt,/workspace/outputs/platform/home/.copilot/session-state/0fa94916-f103-4765-b9cd-7174a492e30a/events.jsonl,/workspace/benchmarks/swe-refactor/data/pmd/ai_logs/single-agent_copilot_qwen/qwen3_6-flash/benchmark_pip_4d0bcbd1d1_5c36ee1eba5a_c458973059.output.txt,"the Extract And Move Method operation is successful. | ['[ERROR] COMPILATION ERROR : ', '[ERROR] /workspace/benchmarks/swe-refactor/data/pmd/ai_logs/single-agent_copilot_qwen/qwen3_6-flash/_workspaces/benchmark_pip_4d0bcbd1d1_5c36ee1eba5a_c458973059/project/pmd-core/src/main/java/net/sourceforge/pmd/rules/RuleFactory.java:[389,80] clazz has private access in net.sourceforge.pmd.rules.RuleBuilder', '[ERROR] /workspace/benchmarks/swe-refactor/data/pmd/ai_logs/single-agent_copilot_qwen/qwen3_6-flash/_workspaces/benchmark_pip_4d0bcbd1d1_5c36ee1eba5a_c458973059/project/pmd-core/src/main/java/net/sourceforge/pmd/rules/RuleFactory.java:[391,29] name has private access in net.sourceforge.pmd.rules.RuleBuilder', '[ERROR] /workspace/benchmarks/swe-refactor/data/pmd/ai_logs/single-agent_copilot_qwen/qwen3_6-flash/_workspaces/benchmark_pip_4d0bcbd1d1_5c36ee1eba5a_c458973059/project/pmd-core/src/main/java/net/sourceforge/pmd/rules/RuleFactory.java:[392,34] clazz has private access in net.sourceforge.pmd.rules.RuleBuilder', '[ERROR] /workspace/benchmarks/swe-refactor/data/pmd/ai_logs/single-agent_copilot_qwen/qwen3_6-flash/_workspaces/benchmark_pip_4d0bcbd1d1_5c36ee1eba5a_c458973059/project/pmd-core/src/main/java/net/sourceforge/pmd/rules/RuleFactory.java:[395,37] language has private access in net.sourceforge.pmd.rules.RuleBuilder', '[ERROR] /workspace/benchmarks/swe-refactor/data/pmd/ai_logs/single-agent_copilot_qwen/qwen3_6-flash/_workspaces/benchmark_pip_4d0bcbd1d1_5c36ee1eba5a_c458973059/project/pmd-core/src/main/java/net/sourceforge/pmd/rules/RuleFactory.java:[399,30] since has private access in net.sourceforge.pmd.rules.RuleBuilder', '[ERROR] /workspace/benchmarks/swe-refactor/data/pmd/ai_logs/single-agent_copilot_qwen/qwen3_6-flash/_workspaces/benchmark_pip_4d0bcbd1d1_5c36ee1eba5a_c458973059/project/pmd-core/src/main/java/net/sourceforge/pmd/rules/RuleFactory.java:[400,32] message has private access in net.sourceforge.pmd.rules.RuleBuilder', '[ERROR] /workspace/benchmarks"
2026-05-16T09:06:06.713762Z,swe,benchmark_pipeline_20260515_155352,single-agent,pmd,bc25e58dfc8b3fe32c173e2cf213bf9e83869ce0_37_51_125_127_46_61,success,0,741.089423418045,2026-05-16T09:06:05Z,,,,,,/workspace/benchmarks/swe-refactor/data/pmd/ai_logs/single-agent_copilot_qwen/qwen3_6-flash/benchmark_pip_4d0bcbd1d1_bc25e58dfc8b_f892f66c15.terminal.txt,/workspace/outputs/platform/home/.copilot/session-state/3fd20f3e-4395-42f8-991d-40ad2d3f3b69/events.jsonl,/workspace/benchmarks/swe-refactor/data/pmd/ai_logs/single-agent_copilot_qwen/qwen3_6-flash/benchmark_pip_4d0bcbd1d1_bc25e58dfc8b_f892f66c15.output.txt,the Extract And Move Method operation is successful. | Build succeeded.
2026-05-16T09:10:19.101127Z,swe,benchmark_pipeline_20260515_155352,single-agent,pmd,ff2f5ef93c1b3150583e9611b2a8fd8159e3aa66_54_56__164_166,failed,0,251.3820812702179,2026-05-16T09:10:18Z,,,,,,/workspace/benchmarks/swe-refactor/data/pmd/ai_logs/single-agent_copilot_qwen/qwen3_6-flash/benchmark_pip_4d0bcbd1d1_ff2f5ef93c1b_26483c188a.terminal.txt,/workspace/outputs/platform/home/.copilot/session-state/3df00737-8be7-46a1-a2c8-cdff1ca33c25/events.jsonl,/workspace/benchmarks/swe-refactor/data/pmd/ai_logs/single-agent_copilot_qwen/qwen3_6-flash/benchmark_pip_4d0bcbd1d1_ff2f5ef93c1b_26483c188a.output.txt,"the code did not perform Move And Rename Method operation. | ['[ERROR] COMPILATION ERROR : ', '[ERROR] /workspace/benchmarks/swe-refactor/data/pmd/ai_logs/single-agent_copilot_qwen/qwen3_6-flash/_workspaces/benchmark_pip_4d0bcbd1d1_ff2f5ef93c1b_26483c188a/project/pmd-core/src/test/java/net/sourceforge/pmd/lang/DummyLanguageModule.java:[56,16] cannot find symbol', '[ERROR] Failed to execute goal org.apache.maven.plugins:maven-compiler-plugin:3.8.1:testCompile (java-test-compile) on project pmd-core: Compilation failure', '[ERROR] /workspace/benchmarks/swe-refactor/data/pmd/ai_logs/single-agent_copilot_qwen/qwen3_6-flash/_workspaces/benchmark_pip_4d0bcbd1d1_ff2f5ef93c1b_26483c188a/project/pmd-core/src/test/java/net/sourceforge/pmd/lang/DummyLanguageModule.java:[56,16] cannot find symbol', '[ERROR]   symbol:   method getVersionWithSemanticErrorParser()', '[ERROR]   location: class net.sourceforge.pmd.lang.DummyLanguageModule', '[ERROR] ', '[ERROR] -> [Help 1]', '[ERROR] ', '[ERROR] To see the full stack trace of the errors, re-run Maven with the -e switch.', '[ERROR] Re-run Maven using the -X switch to enable full debug logging.', '[ERROR] ', '[ERROR] For more information about the errors and possible solutions, please read the following articles:', '[ERROR] [Help 1] http://cwiki.apache.org/confluence/display/MAVEN/MojoFailureException', '[ERROR] ', '[ERROR] After correcting the problems, you can resume the build with the command', '[ERROR]   mvn <args> -rf :pmd-core']"
2026-05-16T09:21:08.758478Z,swe,benchmark_pipeline_20260515_155352,single-agent,pmd,396567636fa1dbef2f7766f8c9ef57b4c095773e_40_42_57_59_40_42,success,0,648.3401389122009,2026-05-16T09:21:07Z,,,,,,/workspace/benchmarks/swe-refactor/data/pmd/ai_logs/single-agent_copilot_qwen/qwen3_6-flash/benchmark_pip_4d0bcbd1d1_396567636fa1_8aee356f8b.terminal.txt,/workspace/outputs/platform/home/.copilot/session-state/d450b346-db5f-4370-97c8-9d862d24ee3b/events.jsonl,/workspace/benchmarks/swe-refactor/data/pmd/ai_logs/single-agent_copilot_qwen/qwen3_6-flash/benchmark_pip_4d0bcbd1d1_396567636fa1_8aee356f8b.output.txt,the Extract And Move Method operation is successful. | Build succeeded.
2026-05-16T09:38:25.051358Z,swe,benchmark_pipeline_20260515_155352,single-agent,pmd,6253b696ea9b04ecf4a0c832473a178ade97f32d_25_30_26_28_25_29,failed,0,1035.505933046341,2026-05-16T09:38:24Z,,,,,,/workspace/benchmarks/swe-refactor/data/pmd/ai_logs/single-agent_copilot_qwen/qwen3_6-flash/benchmark_pip_4d0bcbd1d1_6253b696ea9b_0533d5e20a.terminal.txt,/workspace/outputs/platform/home/.copilot/session-state/d7c9a281-ad10-4c7b-90f5-79fc02319521/events.jsonl,/workspace/benchmarks/swe-refactor/data/pmd/ai_logs/single-agent_copilot_qwen/qwen3_6-flash/benchmark_pip_4d0bcbd1d1_6253b696ea9b_0533d5e20a.output.txt,"the Extract And Move Method operation is successful. | ['[ERROR] The given File link: /workspace/benchmarks/swe-refactor/data/pmd/ai_logs/single-agent_copilot_qwen/qwen3_6-flash/_workspaces/benchmark_pip_4d0bcbd1d1_6253b696ea9b_0533d5e20a/project/pmd-core/../pmd-lang-test/target/dokka/pmd-lang-test is not a dir.', '[ERROR] Error fetching link: /workspace/benchmarks/swe-refactor/data/pmd/ai_logs/single-agent_copilot_qwen/qwen3_6-flash/_workspaces/benchmark_pip_4d0bcbd1d1_6253b696ea9b_0533d5e20a/project/pmd-core/../pmd-lang-test/target/dokka/pmd-lang-test. Ignored it.', '[ERROR] The given File link: /workspace/benchmarks/swe-refactor/data/pmd/ai_logs/single-agent_copilot_qwen/qwen3_6-flash/_workspaces/benchmark_pip_4d0bcbd1d1_6253b696ea9b_0533d5e20a/project/pmd-core/../pmd-test/target/apidocs is not a dir.', '[ERROR] Error fetching link: /workspace/benchmarks/swe-refactor/data/pmd/ai_logs/single-agent_copilot_qwen/qwen3_6-flash/_workspaces/benchmark_pip_4d0bcbd1d1_6253b696ea9b_0533d5e20a/project/pmd-core/../pmd-test/target/apidocs. Ignored it.', '[ERROR] Error fetching link: /workspace/benchmarks/swe-refactor/data/pmd/ai_logs/single-agent_copilot_qwen/qwen3_6-flash/_workspaces/benchmark_pip_4d0bcbd1d1_6253b696ea9b_0533d5e20a/project/pmd-core/../pmd-core/target/apidocs. Ignored it.', '[ERROR] The given File link: /workspace/benchmarks/swe-refactor/data/pmd/ai_logs/single-agent_copilot_qwen/qwen3_6-flash/_workspaces/benchmark_pip_4d0bcbd1d1_6253b696ea9b_0533d5e20a/project/pmd-test/../pmd-lang-test/target/dokka/pmd-lang-test is not a dir.', '[ERROR] Error fetching link: /workspace/benchmarks/swe-refactor/data/pmd/ai_logs/single-agent_copilot_qwen/qwen3_6-flash/_workspaces/benchmark_pip_4d0bcbd1d1_6253b696ea9b_0533d5e20a/project/pmd-test/../pmd-lang-test/target/dokka/pmd-lang-test. Ignored it.', '[ERROR] Error fetching link: /workspace/benchmarks/swe-refactor/data/pmd/ai_logs/single-agent_copilot_qwen/qwen3_6-flash/_workspaces/benchmark_pip_4d0bcbd1d1_6253b696ea9b_0533d5e"
2026-05-16T09:53:17.986237Z,swe,benchmark_pipeline_20260515_155352,single-agent,pmd,08b19dbcdde5d6258515cf2620a855e7775d46ef_50_60_183_187_53_63,success,0,891.8409605026245,2026-05-16T09:53:16Z,,,,,,/workspace/benchmarks/swe-refactor/data/pmd/ai_logs/single-agent_copilot_qwen/qwen3_6-flash/benchmark_pip_4d0bcbd1d1_08b19dbcdde5_8d142c2991.terminal.txt,/workspace/outputs/platform/home/.copilot/session-state/2164348c-bab1-4c82-b996-baed10a0a0b7/events.jsonl,/workspace/benchmarks/swe-refactor/data/pmd/ai_logs/single-agent_copilot_qwen/qwen3_6-flash/benchmark_pip_4d0bcbd1d1_08b19dbcdde5_8d142c2991.output.txt,the Extract And Move Method operation is successful. | Build succeeded.
2026-05-16T09:58:41.014749Z,swe,benchmark_pipeline_20260515_155352,single-agent,pmd,1540ec6d9148fc14fc1673f4df1d33030d2ffcf7_13_15__13_15,failed,0,322.43060278892517,2026-05-16T09:58:40Z,,,,,,/workspace/benchmarks/swe-refactor/data/pmd/ai_logs/single-agent_copilot_qwen/qwen3_6-flash/benchmark_pip_4d0bcbd1d1_1540ec6d9148_e0296b34b5.terminal.txt,/workspace/outputs/platform/home/.copilot/session-state/7204956c-4803-4287-abb8-2af197880b93/events.jsonl,/workspace/benchmarks/swe-refactor/data/pmd/ai_logs/single-agent_copilot_qwen/qwen3_6-flash/benchmark_pip_4d0bcbd1d1_1540ec6d9148_e0296b34b5.output.txt,Refactored code does not call moved method 'data'. | Refactored code does not call moved method 'data'.
2026-05-16T10:06:23.163719Z,swe,benchmark_pipeline_20260515_155352,single-agent,pmd,2995f156caf2b55369ef28108f0b6077e4186eb2_58_81_72_76_43_50,failed,0,461.44812774658203,2026-05-16T10:06:22Z,,,,,,/workspace/benchmarks/swe-refactor/data/pmd/ai_logs/single-agent_copilot_qwen/qwen3_6-flash/benchmark_pip_4d0bcbd1d1_2995f156caf2_30a008f0ff.terminal.txt,/workspace/outputs/platform/home/.copilot/session-state/e05c2530-cc5c-496a-a51a-b976cb221aa9/events.jsonl,/workspace/benchmarks/swe-refactor/data/pmd/ai_logs/single-agent_copilot_qwen/qwen3_6-flash/benchmark_pip_4d0bcbd1d1_2995f156caf2_30a008f0ff.output.txt,"the code did not perform Extract And Move Method operation. | ['[ERROR] Error fetching link: /workspace/benchmarks/swe-refactor/data/pmd/ai_logs/single-agent_copilot_qwen/qwen3_6-flash/_workspaces/benchmark_pip_4d0bcbd1d1_2995f156caf2_30a008f0ff/project/pmd-core/target/apidocs/package-list. Ignored it.', '[ERROR] Error fetching link: /workspace/benchmarks/swe-refactor/data/pmd/ai_logs/single-agent_copilot_qwen/qwen3_6-flash/_workspaces/benchmark_pip_4d0bcbd1d1_2995f156caf2_30a008f0ff/project/pmd-apex-jorje/target/apidocs/package-list. Ignored it.', '[ERROR] Error fetching link: /workspace/benchmarks/swe-refactor/data/pmd/ai_logs/single-agent_copilot_qwen/qwen3_6-flash/_workspaces/benchmark_pip_4d0bcbd1d1_2995f156caf2_30a008f0ff/project/pmd-core/target/apidocs/package-list. Ignored it.', '[ERROR] Error fetching link: /workspace/benchmarks/swe-refactor/data/pmd/ai_logs/single-agent_copilot_qwen/qwen3_6-flash/_workspaces/benchmark_pip_4d0bcbd1d1_2995f156caf2_30a008f0ff/project/pmd-test/target/apidocs/package-list. Ignored it.', '[ERROR] Error fetching link: /workspace/benchmarks/swe-refactor/data/pmd/ai_logs/single-agent_copilot_qwen/qwen3_6-flash/_workspaces/benchmark_pip_4d0bcbd1d1_2995f156caf2_30a008f0ff/project/pmd-core/target/apidocs/package-list. Ignored it.', '[ERROR] Error fetching link: /workspace/benchmarks/swe-refactor/data/pmd/ai_logs/single-agent_copilot_qwen/qwen3_6-flash/_workspaces/benchmark_pip_4d0bcbd1d1_2995f156caf2_30a008f0ff/project/pmd-test/target/apidocs/package-list. Ignored it.', '[ERROR] Error fetching link: /workspace/benchmarks/swe-refactor/data/pmd/ai_logs/single-agent_copilot_qwen/qwen3_6-flash/_workspaces/benchmark_pip_4d0bcbd1d1_2995f156caf2_30a008f0ff/project/pmd-core/target/apidocs/package-list. Ignored it.', '[ERROR] Error fetching link: /workspace/benchmarks/swe-refactor/data/pmd/ai_logs/single-agent_copilot_qwen/qwen3_6-flash/_workspaces/benchmark_pip_4d0bcbd1d1_2995f156caf2_30a008f0ff/project/pmd-test/target/apidocs/package-list. I"
2026-05-16T10:30:06.534616Z,swe,benchmark_pipeline_20260515_155352,single-agent,pmd,0fec3640a30bd92e6a2d2a0f31888365edaa36e7_28_31_25_28_28_31,success,0,1422.1954815387726,2026-05-16T10:30:05Z,,,,,,/workspace/benchmarks/swe-refactor/data/pmd/ai_logs/single-agent_copilot_qwen/qwen3_6-flash/benchmark_pip_4d0bcbd1d1_0fec3640a30b_c83febbca9.terminal.txt,/workspace/outputs/platform/home/.copilot/session-state/75858cb9-7085-48b2-be68-b282a32a0fed/events.jsonl,/workspace/benchmarks/swe-refactor/data/pmd/ai_logs/single-agent_copilot_qwen/qwen3_6-flash/benchmark_pip_4d0bcbd1d1_0fec3640a30b_c83febbca9.output.txt,the Extract And Move Method operation is successful. | Build succeeded.
2026-05-16T10:38:22.544284Z,swe,benchmark_pipeline_20260515_155352,single-agent,pmd,5f2a5bb67813ac5acb38a8bac6d335181d79fd9f_34_37_31_34_34_37,success,0,494.96524262428284,2026-05-16T10:38:21Z,,,,,,/workspace/benchmarks/swe-refactor/data/pmd/ai_logs/single-agent_copilot_qwen/qwen3_6-flash/benchmark_pip_4d0bcbd1d1_5f2a5bb67813_705d360392.terminal.txt,/workspace/outputs/platform/home/.copilot/session-state/a8da9366-5fdc-468d-bf83-ffeadf8b71fc/events.jsonl,/workspace/benchmarks/swe-refactor/data/pmd/ai_logs/single-agent_copilot_qwen/qwen3_6-flash/benchmark_pip_4d0bcbd1d1_5f2a5bb67813_705d360392.output.txt,the Extract And Move Method operation is successful. | Build succeeded.
2026-05-16T10:39:49.103536Z,swe,benchmark_pipeline_20260515_155352,single-agent,shenyu,d8c7b57eed6c5ab5880cca8f49920e8b4eb30f8d_48_68_156_158_64_103,failed,0,73.10223722457886,2026-05-16T10:39:48Z,,,,,,/workspace/benchmarks/swe-refactor/data/shenyu/ai_logs/single-agent_copilot_qwen/qwen3_6-flash/benchmark_pip_4d0bcbd1d1_d8c7b57eed6c_e9a2182cdc.terminal.txt,/workspace/outputs/platform/home/.copilot/session-state/eda1d571-1c23-4e6c-8aae-242d73befd85/events.jsonl,/workspace/benchmarks/swe-refactor/data/shenyu/ai_logs/single-agent_copilot_qwen/qwen3_6-flash/benchmark_pip_4d0bcbd1d1_d8c7b57eed6c_e9a2182cdc.output.txt,Invalid target file path: | Invalid target file path:
2026-05-16T12:56:23.509792Z,swe,benchmark_pipeline_20260515_155352,single-agent,shenyu,18b3ac1bfe19cbe26650e13d9cb1ad3ec1011a48_87_120_280_295_87_119,failed,0,8192.829814910889,2026-05-16T12:56:21Z,,,,,,/workspace/benchmarks/swe-refactor/data/shenyu/ai_logs/single-agent_copilot_qwen/qwen3_6-flash/benchmark_pip_4d0bcbd1d1_18b3ac1bfe19_9c101f751f.terminal.txt,/workspace/outputs/platform/home/.copilot/session-state/01df5eb8-6fc0-4338-9acb-48ae2d5f6496/events.jsonl,/workspace/benchmarks/swe-refactor/data/shenyu/ai_logs/single-agent_copilot_qwen/qwen3_6-flash/benchmark_pip_4d0bcbd1d1_18b3ac1bfe19_9c101f751f.output.txt,the code did not perform Extract And Move Method operation. | Build succeeded.
2026-05-16T13:54:23.377332Z,swe,benchmark_pipeline_20260515_155352,single-agent,shenyu,9725874eaa20ec87a3d8beea168f3a9ade9ba76d_100_114_114_135_98_104,success,0,3478.324317932129,2026-05-16T13:54:21Z,,,,,,/workspace/benchmarks/swe-refactor/data/shenyu/ai_logs/single-agent_copilot_qwen/qwen3_6-flash/benchmark_pip_4d0bcbd1d1_9725874eaa20_58b682b56c.terminal.txt,/workspace/outputs/platform/home/.copilot/session-state/2e5c0652-d1bf-4d1e-979c-ae12301a3652/events.jsonl,/workspace/benchmarks/swe-refactor/data/shenyu/ai_logs/single-agent_copilot_qwen/qwen3_6-flash/benchmark_pip_4d0bcbd1d1_9725874eaa20_58b682b56c.output.txt,the Extract And Move Method operation is successful. | Build succeeded.
2026-05-16T14:01:55.519739Z,swe,benchmark_pipeline_20260515_155352,single-agent,shenyu,2f4ff7f4b7100db14c549f47941fff8c472d875d_157_178_418_425_181_206,failed,0,451.51619243621826,2026-05-16T14:01:54Z,,,,,,/workspace/benchmarks/swe-refactor/data/shenyu/ai_logs/single-agent_copilot_qwen/qwen3_6-flash/benchmark_pip_4d0bcbd1d1_2f4ff7f4b710_d3f36d1030.terminal.txt,/workspace/outputs/platform/home/.copilot/session-state/0e98bda2-9f23-4db2-a9ad-e60e366cb378/events.jsonl,/workspace/benchmarks/swe-refactor/data/shenyu/ai_logs/single-agent_copilot_qwen/qwen3_6-flash/benchmark_pip_4d0bcbd1d1_2f4ff7f4b710_d3f36d1030.output.txt,"the Extract And Move Method operation is successful. | ['[ERROR] COMPILATION ERROR : ', '[ERROR] /workspace/benchmarks/swe-refactor/data/shenyu/ai_logs/single-agent_copilot_qwen/qwen3_6-flash/_workspaces/benchmark_pip_4d0bcbd1d1_2f4ff7f4b710_d3f36d1030/project/shenyu-spi/src/main/java/org/apache/shenyu/spi/SpiExtensionFactory.java:[55,91] cannot find symbol', '[ERROR] Failed to execute goal org.apache.maven.plugins:maven-compiler-plugin:3.7.0:compile (default-compile) on project shenyu-spi: Compilation failure', '[ERROR] /workspace/benchmarks/swe-refactor/data/shenyu/ai_logs/single-agent_copilot_qwen/qwen3_6-flash/_workspaces/benchmark_pip_4d0bcbd1d1_2f4ff7f4b710_d3f36d1030/project/shenyu-spi/src/main/java/org/apache/shenyu/spi/SpiExtensionFactory.java:[55,91] cannot find symbol', '[ERROR]   symbol:   class Holder', '[ERROR]   location: class org.apache.shenyu.spi.SpiExtensionFactory', '[ERROR] ', '[ERROR] -> [Help 1]', '[ERROR] ', '[ERROR] To see the full stack trace of the errors, re-run Maven with the -e switch.', '[ERROR] Re-run Maven using the -X switch to enable full debug logging.', '[ERROR] ', '[ERROR] For more information about the errors and possible solutions, please read the following articles:', '[ERROR] [Help 1] http://cwiki.apache.org/confluence/display/MAVEN/MojoFailureException', '[ERROR] ', '[ERROR] After correcting the problems, you can resume the build with the command', '[ERROR]   mvn <args> -rf :shenyu-spi']"
2026-05-16T14:06:23.676554Z,swe,benchmark_pipeline_20260515_155352,single-agent,zxing,515688992bec0973288f3deb9b4538dd780c8760_103_165_98_100_103_165,failed,0,259.594687461853,2026-05-16T14:06:23Z,,,,,,/workspace/benchmarks/swe-refactor/data/zxing/ai_logs/single-agent_copilot_qwen/qwen3_6-flash/benchmark_pip_4d0bcbd1d1_515688992bec_07db0252bd.terminal.txt,/workspace/outputs/platform/home/.copilot/session-state/18ddb259-e2c7-4d0b-8a59-48dad55dcb10/events.jsonl,/workspace/benchmarks/swe-refactor/data/zxing/ai_logs/single-agent_copilot_qwen/qwen3_6-flash/benchmark_pip_4d0bcbd1d1_515688992bec_07db0252bd.output.txt,"the Extract And Move Method operation is successful. | ['[ERROR] COMPILATION ERROR : ', '[ERROR] /workspace/benchmarks/swe-refactor/data/zxing/ai_logs/single-agent_copilot_qwen/qwen3_6-flash/_workspaces/benchmark_pip_4d0bcbd1d1_515688992bec_07db0252bd/project/core/src/main/java/com/google/zxing/pdf417/decoder/PDF417ScanningDecoder.java:[658,14] cannot find symbol', '[ERROR] /workspace/benchmarks/swe-refactor/data/zxing/ai_logs/single-agent_copilot_qwen/qwen3_6-flash/_workspaces/benchmark_pip_4d0bcbd1d1_515688992bec_07db0252bd/project/core/src/main/java/com/google/zxing/pdf417/decoder/PDF417ScanningDecoder.java:[659,45] textCompaction(int[],int,java.lang.StringBuilder) has private access in com.google.zxing.pdf417.decoder.DecodedBitStreamParser', '[ERROR] /workspace/benchmarks/swe-refactor/data/zxing/ai_logs/single-agent_copilot_qwen/qwen3_6-flash/_workspaces/benchmark_pip_4d0bcbd1d1_515688992bec_07db0252bd/project/core/src/main/java/com/google/zxing/pdf417/decoder/PDF417ScanningDecoder.java:[661,14] cannot find symbol', '[ERROR] /workspace/benchmarks/swe-refactor/data/zxing/ai_logs/single-agent_copilot_qwen/qwen3_6-flash/_workspaces/benchmark_pip_4d0bcbd1d1_515688992bec_07db0252bd/project/core/src/main/java/com/google/zxing/pdf417/decoder/PDF417ScanningDecoder.java:[662,14] cannot find symbol', '[ERROR] /workspace/benchmarks/swe-refactor/data/zxing/ai_logs/single-agent_copilot_qwen/qwen3_6-flash/_workspaces/benchmark_pip_4d0bcbd1d1_515688992bec_07db0252bd/project/core/src/main/java/com/google/zxing/pdf417/decoder/PDF417ScanningDecoder.java:[663,45] byteCompaction(int,int[],java.nio.charset.Charset,int,java.lang.StringBuilder) has private access in com.google.zxing.pdf417.decoder.DecodedBitStreamParser', '[ERROR] /workspace/benchmarks/swe-refactor/data/zxing/ai_logs/single-agent_copilot_qwen/qwen3_6-flash/_workspaces/benchmark_pip_4d0bcbd1d1_515688992bec_07db0252bd/project/core/src/main/java/com/google/zxing/pdf417/decoder/PDF417ScanningDecoder.java:[665,14] cannot f"
2026-05-16T14:15:11.831960Z,swe,benchmark_pipeline_20260515_155352,single-agent,zxing,515688992bec0973288f3deb9b4538dd780c8760_96_205_98_100_96_205,failed,0,527.3480906486511,2026-05-16T14:15:11Z,,,,,,/workspace/benchmarks/swe-refactor/data/zxing/ai_logs/single-agent_copilot_qwen/qwen3_6-flash/benchmark_pip_4d0bcbd1d1_515688992bec_e9885d29ed.terminal.txt,/workspace/outputs/platform/home/.copilot/session-state/189d79f7-b3d0-4bfb-90a6-f05d00c0876a/events.jsonl,/workspace/benchmarks/swe-refactor/data/zxing/ai_logs/single-agent_copilot_qwen/qwen3_6-flash/benchmark_pip_4d0bcbd1d1_515688992bec_e9885d29ed.output.txt,"the code did not perform Extract And Move Method operation. | ['[ERROR] COMPILATION ERROR : ', '[ERROR] /workspace/benchmarks/swe-refactor/data/zxing/ai_logs/single-agent_copilot_qwen/qwen3_6-flash/_workspaces/benchmark_pip_4d0bcbd1d1_515688992bec_e9885d29ed/project/core/src/main/java/com/google/zxing/aztec/detector/Detector.java:[616,5] cannot find symbol', '[ERROR] /workspace/benchmarks/swe-refactor/data/zxing/ai_logs/single-agent_copilot_qwen/qwen3_6-flash/_workspaces/benchmark_pip_4d0bcbd1d1_515688992bec_e9885d29ed/project/core/src/main/java/com/google/zxing/aztec/detector/Detector.java:[616,24] cannot find symbol', '[ERROR] /workspace/benchmarks/swe-refactor/data/zxing/ai_logs/single-agent_copilot_qwen/qwen3_6-flash/_workspaces/benchmark_pip_4d0bcbd1d1_515688992bec_e9885d29ed/project/core/src/main/java/com/google/zxing/aztec/detector/Detector.java:[617,5] cannot find symbol', '[ERROR] /workspace/benchmarks/swe-refactor/data/zxing/ai_logs/single-agent_copilot_qwen/qwen3_6-flash/_workspaces/benchmark_pip_4d0bcbd1d1_515688992bec_e9885d29ed/project/core/src/main/java/com/google/zxing/aztec/detector/Detector.java:[617,24] cannot find symbol', '[ERROR] /workspace/benchmarks/swe-refactor/data/zxing/ai_logs/single-agent_copilot_qwen/qwen3_6-flash/_workspaces/benchmark_pip_4d0bcbd1d1_515688992bec_e9885d29ed/project/core/src/main/java/com/google/zxing/aztec/detector/Detector.java:[626,24] cannot find symbol', '[ERROR] /workspace/benchmarks/swe-refactor/data/zxing/ai_logs/single-agent_copilot_qwen/qwen3_6-flash/_workspaces/benchmark_pip_4d0bcbd1d1_515688992bec_e9885d29ed/project/core/src/main/java/com/google/zxing/aztec/detector/Detector.java:[630,25] cannot find symbol', '[ERROR] /workspace/benchmarks/swe-refactor/data/zxing/ai_logs/single-agent_copilot_qwen/qwen3_6-flash/_workspaces/benchmark_pip_4d0bcbd1d1_515688992bec_e9885d29ed/project/core/src/main/java/com/google/zxing/aztec/detector/Detector.java:[634,22] cannot find symbol', '[ERROR] /workspace/benchmarks/swe-ref"
